opponent,seed,orientation,hand_num,hand_id,street,pressure_kind,pressure_bot,pressure_action,pressure_amount,pressure_pot_after,pressure_event_index,fold_event_index,fold_pot,hero_delta,hero_chip_loss,final_street,final_pot,showdown,community_cards,action_log
overfold_exploiter,2026060710,0,9,deployed_overfold_exploiter_s2026060710_o0_h0009,flop,flop_cbet_or_probe,overfold_exploiter,raise,124,324,7,8,324,-100,100,flop,324,False,Kd Qc As,"[{""action"": ""small_blind"", ""amount"": 50, ""seat"": 1}, {""action"": ""big_blind"", ""amount"": 100, ""seat"": 0}, {""action"": ""call"", ""amount"": 50, ""seat"": 1}, {""action"": ""check"", ""amount"": 0, ""seat"": 0}, {""action"": ""check"", ""amount"": 0, ""seat"": 0}, {""action"": ""raise"", ""amount"": 124, ""seat"": 1}, {""action"": ""fold"", ""amount"": 0, ""seat"": 0}]"
overfold_exploiter,2026060710,0,13,deployed_overfold_exploiter_s2026060710_o0_h0013,flop,flop_cbet_or_probe,overfold_exploiter,raise,124,324,7,8,324,-100,100,flop,324,False,Qs 9s Qd,"[{""action"": ""small_blind"", ""amount"": 50, ""seat"": 1}, {""action"": ""big_blind"", ""amount"": 100, ""seat"": 0}, {""action"": ""call"", ""amount"": 50, ""seat"": 1}, {""action"": ""check"", ""amount"": 0, ""seat"": 0}, {""action"": ""check"", ""amount"": 0, ""seat"": 0}, {""action"": ""raise"", ""amount"": 124, ""seat"": 1}, {""action"": ""fold"", ""amount"": 0, ""seat"": 0}]"
overfold_exploiter,2026060710,0,17,deployed_overfold_exploiter_s2026060710_o0_h0017,flop,flop_cbet_or_probe,overfold_exploiter,raise,124,324,7,8,324,-100,100,flop,324,False,2s Th 8s,"[{""action"": ""small_blind"", ""amount"": 50, ""seat"": 1}, {""action"": ""big_blind"", ""amount"": 100, ""seat"": 0}, {""action"": ""call"", ""amount"": 50, ""seat"": 1}, {""action"": ""check"", ""amount"": 0, ""seat"": 0}, {""action"": ""check"", ""amount"": 0, ""seat"": 0}, {""action"": ""raise"", ""amount"": 124, ""seat"": 1}, {""action"": ""fold"", ""amount"": 0, ""seat"": 0}]"
overfold_exploiter,2026060710,0,29,deployed_overfold_exploiter_s2026060710_o0_h0029,flop,flop_cbet_or_probe,overfold_exploiter,raise,124,324,7,8,324,-100,100,flop,324,False,Ac Ah Td,"[{""action"": ""small_blind"", ""amount"": 50, ""seat"": 1}, {""action"": ""big_blind"", ""amount"": 100, ""seat"": 0}, {""action"": ""call"", ""amount"": 50, ""seat"": 1}, {""action"": ""check"", ""amount"": 0, ""seat"": 0}, {""action"": ""check"", ""amount"": 0, ""seat"": 0}, {""action"": ""raise"", ""amount"": 124, ""seat"": 1}, {""action"": ""fold"", ""amount"": 0, ""seat"": 0}]"
overfold_exploiter,2026060710,0,31,deployed_overfold_exploiter_s2026060710_o0_h0031,flop,flop_cbet_or_probe,overfold_exploiter,raise,124,324,7,8,324,-100,100,flop,324,False,7h Ts 2h,"[{""action"": ""small_blind"", ""amount"": 50, ""seat"": 1}, {""action"": ""big_blind"", ""amount"": 100, ""seat"": 0}, {""action"": ""call"", ""amount"": 50, ""seat"": 1}, {""action"": ""check"", ""amount"": 0, ""seat"": 0}, {""action"": ""check"", ""amount"": 0, ""seat"": 0}, {""action"": ""raise"", ""amount"": 124, ""seat"": 1}, {""action"": ""fold"", ""amount"": 0, ""seat"": 0}]"
overfold_exploiter,2026060710,0,43,deployed_overfold_exploiter_s2026060710_o0_h0043,flop,flop_cbet_or_probe,overfold_exploiter,raise,124,324,7,8,324,-100,100,flop,324,False,3s Kc 5c,"[{""action"": ""small_blind"", ""amount"": 50, ""seat"": 1}, {""action"": ""big_blind"", ""amount"": 100, ""seat"": 0}, {""action"": ""call"", ""amount"": 50, ""seat"": 1}, {""action"": ""check"", ""amount"": 0, ""seat"": 0}, {""action"": ""check"", ""amount"": 0, ""seat"": 0}, {""action"": ""raise"", ""amount"": 124, ""seat"": 1}, {""action"": ""fold"", ""amount"": 0, ""seat"": 0}]"
overfold_exploiter,2026060710,0,53,deployed_overfold_exploiter_s2026060710_o0_h0053,flop,flop_cbet_or_probe,overfold_exploiter,raise,124,324,7,8,324,-100,100,flop,324,False,7h 7s 8h,"[{""action"": ""small_blind"", ""amount"": 50, ""seat"": 1}, {""action"": ""big_blind"", ""amount"": 100, ""seat"": 0}, {""action"": ""call"", ""amount"": 50, ""seat"": 1}, {""action"": ""check"", ""amount"": 0, ""seat"": 0}, {""action"": ""check"", ""amount"": 0, ""seat"": 0}, {""action"": ""raise"", ""amount"": 124, ""seat"": 1}, {""action"": ""fold"", ""amount"": 0, ""seat"": 0}]"
overfold_exploiter,2026060710,0,57,deployed_overfold_exploiter_s2026060710_o0_h0057,flop,flop_cbet_or_probe,overfold_exploiter,raise,124,324,7,8,324,-100,100,flop,324,False,6s 6c 3c,"[{""action"": ""small_blind"", ""amount"": 50, ""seat"": 1}, {""action"": ""big_blind"", ""amount"": 100, ""seat"": 0}, {""action"": ""call"", ""amount"": 50, ""seat"": 1}, {""action"": ""check"", ""amount"": 0, ""seat"": 0}, {""action"": ""check"", ""amount"": 0, ""seat"": 0}, {""action"": ""raise"", ""amount"": 124, ""seat"": 1}, {""action"": ""fold"", ""amount"": 0, ""seat"": 0}]"
overfold_exploiter,2026060710,0,63,deployed_overfold_exploiter_s2026060710_o0_h0063,flop,flop_cbet_or_probe,overfold_exploiter,raise,620,1620,8,9,1620,-500,500,flop,1620,False,Ac 7s 9c,"[{""action"": ""small_blind"", ""amount"": 50, ""seat"": 1}, {""action"": ""big_blind"", ""amount"": 100, ""seat"": 0}, {""action"": ""call"", ""amount"": 50, ""seat"": 1}, {""action"": ""raise"", ""amount"": 500, ""seat"": 0}, {""action"": ""call"", ""amount"": 400, ""seat"": 1}, {""action"": ""check"", ""amount"": 0, ""seat"": 0}, {""action"": ""raise"", ""amount"": 620, ""seat"": 1}, {""action"": ""fold"", ""amount"": 0, ""seat"": 0}]"
overfold_exploiter,2026060710,0,67,deployed_overfold_exploiter_s2026060710_o0_h0067,flop,flop_cbet_or_probe,overfold_exploiter,raise,124,324,7,8,324,-100,100,flop,324,False,2c 5s Tc,"[{""action"": ""small_blind"", ""amount"": 50, ""seat"": 1}, {""action"": ""big_blind"", ""amount"": 100, ""seat"": 0}, {""action"": ""call"", ""amount"": 50, ""seat"": 1}, {""action"": ""check"", ""amount"": 0, ""seat"": 0}, {""action"": ""check"", ""amount"": 0, ""seat"": 0}, {""action"": ""raise"", ""amount"": 124, ""seat"": 1}, {""action"": ""fold"", ""amount"": 0, ""seat"": 0}]"
overfold_exploiter,2026060710,0,71,deployed_overfold_exploiter_s2026060710_o0_h0071,flop,flop_cbet_or_probe,overfold_exploiter,raise,124,324,7,8,324,-100,100,flop,324,False,2h 2s 6d,"[{""action"": ""small_blind"", ""amount"": 50, ""seat"": 1}, {""action"": ""big_blind"", ""amount"": 100, ""seat"": 0}, {""action"": ""call"", ""amount"": 50, ""seat"": 1}, {""action"": ""check"", ""amount"": 0, ""seat"": 0}, {""action"": ""check"", ""amount"": 0, ""seat"": 0}, {""action"": ""raise"", ""amount"": 124, ""seat"": 1}, {""action"": ""fold"", ""amount"": 0, ""seat"": 0}]"
overfold_exploiter,2026060710,0,81,deployed_overfold_exploiter_s2026060710_o0_h0081,flop,flop_cbet_or_probe,overfold_exploiter,raise,124,324,7,8,324,-100,100,flop,324,False,9s 4h 3h,"[{""action"": ""small_blind"", ""amount"": 50, ""seat"": 1}, {""action"": ""big_blind"", ""amount"": 100, ""seat"": 0}, {""action"": ""call"", ""amount"": 50, ""seat"": 1}, {""action"": ""check"", ""amount"": 0, ""seat"": 0}, {""action"": ""check"", ""amount"": 0, ""seat"": 0}, {""action"": ""raise"", ""amount"": 124, ""seat"": 1}, {""action"": ""fold"", ""amount"": 0, ""seat"": 0}]"
overfold_exploiter,2026060710,0,85,deployed_overfold_exploiter_s2026060710_o0_h0085,flop,flop_cbet_or_probe,overfold_exploiter,raise,124,324,7,8,324,-100,100,flop,324,False,7d 2s Ah,"[{""action"": ""small_blind"", ""amount"": 50, ""seat"": 1}, {""action"": ""big_blind"", ""amount"": 100, ""seat"": 0}, {""action"": ""call"", ""amount"": 50, ""seat"": 1}, {""action"": ""check"", ""amount"": 0, ""seat"": 0}, {""action"": ""check"", ""amount"": 0, ""seat"": 0}, {""action"": ""raise"", ""amount"": 124, ""seat"": 1}, {""action"": ""fold"", ""amount"": 0, ""seat"": 0}]"
overfold_exploiter,2026060710,0,97,deployed_overfold_exploiter_s2026060710_o0_h0097,flop,flop_cbet_or_probe,overfold_exploiter,raise,124,324,7,8,324,-100,100,flop,324,False,9d 3s Ts,"[{""action"": ""small_blind"", ""amount"": 50, ""seat"": 1}, {""action"": ""big_blind"", ""amount"": 100, ""seat"": 0}, {""action"": ""call"", ""amount"": 50, ""seat"": 1}, {""action"": ""check"", ""amount"": 0, ""seat"": 0}, {""action"": ""check"", ""amount"": 0, ""seat"": 0}, {""action"": ""raise"", ""amount"": 124, ""seat"": 1}, {""action"": ""fold"", ""amount"": 0, ""seat"": 0}]"
overfold_exploiter,2026060710,0,111,deployed_overfold_exploiter_s2026060710_o0_h0111,flop,flop_cbet_or_probe,overfold_exploiter,raise,620,1620,8,9,1620,-500,500,flop,1620,False,9s 9c 6s,"[{""action"": ""small_blind"", ""amount"": 50, ""seat"": 1}, {""action"": ""big_blind"", ""amount"": 100, ""seat"": 0}, {""action"": ""call"", ""amount"": 50, ""seat"": 1}, {""action"": ""raise"", ""amount"": 500, ""seat"": 0}, {""action"": ""call"", ""amount"": 400, ""seat"": 1}, {""action"": ""check"", ""amount"": 0, ""seat"": 0}, {""action"": ""raise"", ""amount"": 620, ""seat"": 1}, {""action"": ""fold"", ""amount"": 0, ""seat"": 0}]"
overfold_exploiter,2026060710,0,137,deployed_overfold_exploiter_s2026060710_o0_h0137,flop,flop_cbet_or_probe,overfold_exploiter,raise,124,324,7,8,324,-100,100,flop,324,False,8c 6s 9d,"[{""action"": ""small_blind"", ""amount"": 50, ""seat"": 1}, {""action"": ""big_blind"", ""amount"": 100, ""seat"": 0}, {""action"": ""call"", ""amount"": 50, ""seat"": 1}, {""action"": ""check"", ""amount"": 0, ""seat"": 0}, {""action"": ""check"", ""amount"": 0, ""seat"": 0}, {""action"": ""raise"", ""amount"": 124, ""seat"": 1}, {""action"": ""fold"", ""amount"": 0, ""seat"": 0}]"
overfold_exploiter,2026060710,0,139,deployed_overfold_exploiter_s2026060710_o0_h0139,flop,flop_cbet_or_probe,overfold_exploiter,raise,124,324,7,8,324,-100,100,flop,324,False,Th Qh Kh,"[{""action"": ""small_blind"", ""amount"": 50, ""seat"": 1}, {""action"": ""big_blind"", ""amount"": 100, ""seat"": 0}, {""action"": ""call"", ""amount"": 50, ""seat"": 1}, {""action"": ""check"", ""amount"": 0, ""seat"": 0}, {""action"": ""check"", ""amount"": 0, ""seat"": 0}, {""action"": ""raise"", ""amount"": 124, ""seat"": 1}, {""action"": ""fold"", ""amount"": 0, ""seat"": 0}]"
overfold_exploiter,2026060710,0,177,deployed_overfold_exploiter_s2026060710_o0_h0177,flop,flop_cbet_or_probe,overfold_exploiter,raise,124,324,7,8,324,-100,100,flop,324,False,Td 4h Tc,"[{""action"": ""small_blind"", ""amount"": 50, ""seat"": 1}, {""action"": ""big_blind"", ""amount"": 100, ""seat"": 0}, {""action"": ""call"", ""amount"": 50, ""seat"": 1}, {""action"": ""check"", ""amount"": 0, ""seat"": 0}, {""action"": ""check"", ""amount"": 0, ""seat"": 0}, {""action"": ""raise"", ""amount"": 124, ""seat"": 1}, {""action"": ""fold"", ""amount"": 0, ""seat"": 0}]"
overfold_exploiter,2026060710,0,181,deployed_overfold_exploiter_s2026060710_o0_h0181,flop,flop_cbet_or_probe,overfold_exploiter,raise,124,324,7,8,324,-100,100,flop,324,False,7c Tc Ac,"[{""action"": ""small_blind"", ""amount"": 50, ""seat"": 1}, {""action"": ""big_blind"", ""amount"": 100, ""seat"": 0}, {""action"": ""call"", ""amount"": 50, ""seat"": 1}, {""action"": ""check"", ""amount"": 0, ""seat"": 0}, {""action"": ""check"", ""amount"": 0, ""seat"": 0}, {""action"": ""raise"", ""amount"": 124, ""seat"": 1}, {""action"": ""fold"", ""amount"": 0, ""seat"": 0}]"
overfold_exploiter,2026060710,0,189,deployed_overfold_exploiter_s2026060710_o0_h0189,flop,flop_cbet_or_probe,overfold_exploiter,raise,124,324,7,8,324,-100,100,flop,324,False,6h Jh 3h,"[{""action"": ""small_blind"", ""amount"": 50, ""seat"": 1}, {""action"": ""big_blind"", ""amount"": 100, ""seat"": 0}, {""action"": ""call"", ""amount"": 50, ""seat"": 1}, {""action"": ""check"", ""amount"": 0, ""seat"": 0}, {""action"": ""check"", ""amount"": 0, ""seat"": 0}, {""action"": ""raise"", ""amount"": 124, ""seat"": 1}, {""action"": ""fold"", ""amount"": 0, ""seat"": 0}]"
overfold_exploiter,2026060710,0,195,deployed_overfold_exploiter_s2026060710_o0_h0195,flop,flop_cbet_or_probe,overfold_exploiter,raise,124,324,7,8,324,-100,100,flop,324,False,9d Qs 8c,"[{""action"": ""small_blind"", ""amount"": 50, ""seat"": 1}, {""action"": ""big_blind"", ""amount"": 100, ""seat"": 0}, {""action"": ""call"", ""amount"": 50, ""seat"": 1}, {""action"": ""check"", ""amount"": 0, ""seat"": 0}, {""action"": ""check"", ""amount"": 0, ""seat"": 0}, {""action"": ""raise"", ""amount"": 124, ""seat"": 1}, {""action"": ""fold"", ""amount"": 0, ""seat"": 0}]"
overfold_exploiter,2026060710,0,199,deployed_overfold_exploiter_s2026060710_o0_h0199,flop,flop_cbet_or_probe,overfold_exploiter,raise,124,324,7,8,324,-100,100,flop,324,False,2c 9h Tc,"[{""action"": ""small_blind"", ""amount"": 50, ""seat"": 1}, {""action"": ""big_blind"", ""amount"": 100, ""seat"": 0}, {""action"": ""call"", ""amount"": 50, ""seat"": 1}, {""action"": ""check"", ""amount"": 0, ""seat"": 0}, {""action"": ""check"", ""amount"": 0, ""seat"": 0}, {""action"": ""raise"", ""amount"": 124, ""seat"": 1}, {""action"": ""fold"", ""amount"": 0, ""seat"": 0}]"
overfold_exploiter,2026060710,1,2,deployed_overfold_exploiter_s2026060710_o1_h0002,flop,flop_cbet_or_probe,overfold_exploiter,raise,124,324,7,8,324,-100,100,flop,324,False,Ah Qd 4h,"[{""action"": ""small_blind"", ""amount"": 50, ""seat"": 0}, {""action"": ""big_blind"", ""amount"": 100, ""seat"": 1}, {""action"": ""call"", ""amount"": 50, ""seat"": 0}, {""action"": ""check"", ""amount"": 0, ""seat"": 1}, {""action"": ""check"", ""amount"": 0, ""seat"": 1}, {""action"": ""raise"", ""amount"": 124, ""seat"": 0}, {""action"": ""fold"", ""amount"": 0, ""seat"": 1}]"
overfold_exploiter,2026060710,1,4,deployed_overfold_exploiter_s2026060710_o1_h0004,flop,flop_cbet_or_probe,overfold_exploiter,raise,124,324,7,8,324,-100,100,flop,324,False,Ks 5s 8c,"[{""action"": ""small_blind"", ""amount"": 50, ""seat"": 0}, {""action"": ""big_blind"", ""amount"": 100, ""seat"": 1}, {""action"": ""call"", ""amount"": 50, ""seat"": 0}, {""action"": ""check"", ""amount"": 0, ""seat"": 1}, {""action"": ""check"", ""amount"": 0, ""seat"": 1}, {""action"": ""raise"", ""amount"": 124, ""seat"": 0}, {""action"": ""fold"", ""amount"": 0, ""seat"": 1}]"
overfold_exploiter,2026060710,1,8,deployed_overfold_exploiter_s2026060710_o1_h0008,flop,flop_cbet_or_probe,overfold_exploiter,raise,124,324,7,8,324,-100,100,flop,324,False,Th 3s Ks,"[{""action"": ""small_blind"", ""amount"": 50, ""seat"": 0}, {""action"": ""big_blind"", ""amount"": 100, ""seat"": 1}, {""action"": ""call"", ""amount"": 50, ""seat"": 0}, {""action"": ""check"", ""amount"": 0, ""seat"": 1}, {""action"": ""check"", ""amount"": 0, ""seat"": 1}, {""action"": ""raise"", ""amount"": 124, ""seat"": 0}, {""action"": ""fold"", ""amount"": 0, ""seat"": 1}]"
overfold_exploiter,2026060710,1,26,deployed_overfold_exploiter_s2026060710_o1_h0026,flop,flop_cbet_or_probe,overfold_exploiter,raise,124,324,7,8,324,-100,100,flop,324,False,Th 4c 5s,"[{""action"": ""small_blind"", ""amount"": 50, ""seat"": 0}, {""action"": ""big_blind"", ""amount"": 100, ""seat"": 1}, {""action"": ""call"", ""amount"": 50, ""seat"": 0}, {""action"": ""check"", ""amount"": 0, ""seat"": 1}, {""action"": ""check"", ""amount"": 0, ""seat"": 1}, {""action"": ""raise"", ""amount"": 124, ""seat"": 0}, {""action"": ""fold"", ""amount"": 0, ""seat"": 1}]"
overfold_exploiter,2026060710,1,40,deployed_overfold_exploiter_s2026060710_o1_h0040,flop,flop_cbet_or_probe,overfold_exploiter,raise,124,324,7,8,324,-100,100,flop,324,False,8h 3d 7h,"[{""action"": ""small_blind"", ""amount"": 50, ""seat"": 0}, {""action"": ""big_blind"", ""amount"": 100, ""seat"": 1}, {""action"": ""call"", ""amount"": 50, ""seat"": 0}, {""action"": ""check"", ""amount"": 0, ""seat"": 1}, {""action"": ""check"", ""amount"": 0, ""seat"": 1}, {""action"": ""raise"", ""amount"": 124, ""seat"": 0}, {""action"": ""fold"", ""amount"": 0, ""seat"": 1}]"
overfold_exploiter,2026060710,1,54,deployed_overfold_exploiter_s2026060710_o1_h0054,flop,flop_cbet_or_probe,overfold_exploiter,raise,124,324,7,8,324,-100,100,flop,324,False,7s 8d 8c,"[{""action"": ""small_blind"", ""amount"": 50, ""seat"": 0}, {""action"": ""big_blind"", ""amount"": 100, ""seat"": 1}, {""action"": ""call"", ""amount"": 50, ""seat"": 0}, {""action"": ""check"", ""amount"": 0, ""seat"": 1}, {""action"": ""check"", ""amount"": 0, ""seat"": 1}, {""action"": ""raise"", ""amount"": 124, ""seat"": 0}, {""action"": ""fold"", ""amount"": 0, ""seat"": 1}]"
overfold_exploiter,2026060710,1,76,deployed_overfold_exploiter_s2026060710_o1_h0076,flop,flop_cbet_or_probe,overfold_exploiter,raise,124,324,7,8,324,-100,100,flop,324,False,Kh 2d 4d,"[{""action"": ""small_blind"", ""amount"": 50, ""seat"": 0}, {""action"": ""big_blind"", ""amount"": 100, ""seat"": 1}, {""action"": ""call"", ""amount"": 50, ""seat"": 0}, {""action"": ""check"", ""amount"": 0, ""seat"": 1}, {""action"": ""check"", ""amount"": 0, ""seat"": 1}, {""action"": ""raise"", ""amount"": 124, ""seat"": 0}, {""action"": ""fold"", ""amount"": 0, ""seat"": 1}]"
overfold_exploiter,2026060710,1,90,deployed_overfold_exploiter_s2026060710_o1_h0090,flop,flop_cbet_or_probe,overfold_exploiter,raise,124,324,7,8,324,-100,100,flop,324,False,2s Qc 4c,"[{""action"": ""small_blind"", ""amount"": 50, ""seat"": 0}, {""action"": ""big_blind"", ""amount"": 100, ""seat"": 1}, {""action"": ""call"", ""amount"": 50, ""seat"": 0}, {""action"": ""check"", ""amount"": 0, ""seat"": 1}, {""action"": ""check"", ""amount"": 0, ""seat"": 1}, {""action"": ""raise"", ""amount"": 124, ""seat"": 0}, {""action"": ""fold"", ""amount"": 0, ""seat"": 1}]"
overfold_exploiter,2026060710,1,96,deployed_overfold_exploiter_s2026060710_o1_h0096,flop,flop_cbet_or_probe,overfold_exploiter,raise,124,324,7,8,324,-100,100,flop,324,False,Qs Qc 7c,"[{""action"": ""small_blind"", ""amount"": 50, ""seat"": 0}, {""action"": ""big_blind"", ""amount"": 100, ""seat"": 1}, {""action"": ""call"", ""amount"": 50, ""seat"": 0}, {""action"": ""check"", ""amount"": 0, ""seat"": 1}, {""action"": ""check"", ""amount"": 0, ""seat"": 1}, {""action"": ""raise"", ""amount"": 124, ""seat"": 0}, {""action"": ""fold"", ""amount"": 0, ""seat"": 1}]"
overfold_exploiter,2026060710,1,112,deployed_overfold_exploiter_s2026060710_o1_h0112,flop,flop_cbet_or_probe,overfold_exploiter,raise,124,324,7,8,324,-100,100,flop,324,False,9c Jd Kc,"[{""action"": ""small_blind"", ""amount"": 50, ""seat"": 0}, {""action"": ""big_blind"", ""amount"": 100, ""seat"": 1}, {""action"": ""call"", ""amount"": 50, ""seat"": 0}, {""action"": ""check"", ""amount"": 0, ""seat"": 1}, {""action"": ""check"", ""amount"": 0, ""seat"": 1}, {""action"": ""raise"", ""amount"": 124, ""seat"": 0}, {""action"": ""fold"", ""amount"": 0, ""seat"": 1}]"
overfold_exploiter,2026060710,1,118,deployed_overfold_exploiter_s2026060710_o1_h0118,flop,flop_cbet_or_probe,overfold_exploiter,raise,124,324,7,8,324,-100,100,flop,324,False,Ad 9c 4d,"[{""action"": ""small_blind"", ""amount"": 50, ""seat"": 0}, {""action"": ""big_blind"", ""amount"": 100, ""seat"": 1}, {""action"": ""call"", ""amount"": 50, ""seat"": 0}, {""action"": ""check"", ""amount"": 0, ""seat"": 1}, {""action"": ""check"", ""amount"": 0, ""seat"": 1}, {""action"": ""raise"", ""amount"": 124, ""seat"": 0}, {""action"": ""fold"", ""amount"": 0, ""seat"": 1}]"
overfold_exploiter,2026060710,1,120,deployed_overfold_exploiter_s2026060710_o1_h0120,flop,flop_cbet_or_probe,overfold_exploiter,raise,124,324,7,8,324,-100,100,flop,324,False,4s Jc 2s,"[{""action"": ""small_blind"", ""amount"": 50, ""seat"": 0}, {""action"": ""big_blind"", ""amount"": 100, ""seat"": 1}, {""action"": ""call"", ""amount"": 50, ""seat"": 0}, {""action"": ""check"", ""amount"": 0, ""seat"": 1}, {""action"": ""check"", ""amount"": 0, ""seat"": 1}, {""action"": ""raise"", ""amount"": 124, ""seat"": 0}, {""action"": ""fold"", ""amount"": 0, ""seat"": 1}]"
overfold_exploiter,2026060710,1,130,deployed_overfold_exploiter_s2026060710_o1_h0130,flop,flop_cbet_or_probe,overfold_exploiter,raise,124,324,7,8,324,-100,100,flop,324,False,3s Jd 9s,"[{""action"": ""small_blind"", ""amount"": 50, ""seat"": 0}, {""action"": ""big_blind"", ""amount"": 100, ""seat"": 1}, {""action"": ""call"", ""amount"": 50, ""seat"": 0}, {""action"": ""check"", ""amount"": 0, ""seat"": 1}, {""action"": ""check"", ""amount"": 0, ""seat"": 1}, {""action"": ""raise"", ""amount"": 124, ""seat"": 0}, {""action"": ""fold"", ""amount"": 0, ""seat"": 1}]"
overfold_exploiter,2026060710,1,134,deployed_overfold_exploiter_s2026060710_o1_h0134,flop,flop_cbet_or_probe,overfold_exploiter,raise,124,324,7,8,324,-100,100,flop,324,False,Ah Jh 6c,"[{""action"": ""small_blind"", ""amount"": 50, ""seat"": 0}, {""action"": ""big_blind"", ""amount"": 100, ""seat"": 1}, {""action"": ""call"", ""amount"": 50, ""seat"": 0}, {""action"": ""check"", ""amount"": 0, ""seat"": 1}, {""action"": ""check"", ""amount"": 0, ""seat"": 1}, {""action"": ""raise"", ""amount"": 124, ""seat"": 0}, {""action"": ""fold"", ""amount"": 0, ""seat"": 1}]"
overfold_exploiter,2026060710,1,152,deployed_overfold_exploiter_s2026060710_o1_h0152,flop,flop_cbet_or_probe,overfold_exploiter,raise,124,324,7,8,324,-100,100,flop,324,False,Jc 8c As,"[{""action"": ""small_blind"", ""amount"": 50, ""seat"": 0}, {""action"": ""big_blind"", ""amount"": 100, ""seat"": 1}, {""action"": ""call"", ""amount"": 50, ""seat"": 0}, {""action"": ""check"", ""amount"": 0, ""seat"": 1}, {""action"": ""check"", ""amount"": 0, ""seat"": 1}, {""action"": ""raise"", ""amount"": 124, ""seat"": 0}, {""action"": ""fold"", ""amount"": 0, ""seat"": 1}]"
overfold_exploiter,2026060710,1,168,deployed_overfold_exploiter_s2026060710_o1_h0168,flop,flop_cbet_or_probe,overfold_exploiter,raise,124,324,7,8,324,-100,100,flop,324,False,Kd Jc Qc,"[{""action"": ""small_blind"", ""amount"": 50, ""seat"": 0}, {""action"": ""big_blind"", ""amount"": 100, ""seat"": 1}, {""action"": ""call"", ""amount"": 50, ""seat"": 0}, {""action"": ""check"", ""amount"": 0, ""seat"": 1}, {""action"": ""check"", ""amount"": 0, ""seat"": 1}, {""action"": ""raise"", ""amount"": 124, ""seat"": 0}, {""action"": ""fold"", ""amount"": 0, ""seat"": 1}]"
overfold_exploiter,2026060710,1,170,deployed_overfold_exploiter_s2026060710_o1_h0170,flop,flop_cbet_or_probe,overfold_exploiter,raise,124,324,7,8,324,-100,100,flop,324,False,2c Th Jd,"[{""action"": ""small_blind"", ""amount"": 50, ""seat"": 0}, {""action"": ""big_blind"", ""amount"": 100, ""seat"": 1}, {""action"": ""call"", ""amount"": 50, ""seat"": 0}, {""action"": ""check"", ""amount"": 0, ""seat"": 1}, {""action"": ""check"", ""amount"": 0, ""seat"": 1}, {""action"": ""raise"", ""amount"": 124, ""seat"": 0}, {""action"": ""fold"", ""amount"": 0, ""seat"": 1}]"
overfold_exploiter,2026060710,1,184,deployed_overfold_exploiter_s2026060710_o1_h0184,flop,flop_cbet_or_probe,overfold_exploiter,raise,124,324,7,8,324,-100,100,flop,324,False,3s 7d 4d,"[{""action"": ""small_blind"", ""amount"": 50, ""seat"": 0}, {""action"": ""big_blind"", ""amount"": 100, ""seat"": 1}, {""action"": ""call"", ""amount"": 50, ""seat"": 0}, {""action"": ""check"", ""amount"": 0, ""seat"": 1}, {""action"": ""check"", ""amount"": 0, ""seat"": 1}, {""action"": ""raise"", ""amount"": 124, ""seat"": 0}, {""action"": ""fold"", ""amount"": 0, ""seat"": 1}]"
overfold_exploiter,2026060711,0,19,deployed_overfold_exploiter_s2026060711_o0_h0019,flop,flop_cbet_or_probe,overfold_exploiter,raise,124,324,7,8,324,-100,100,flop,324,False,4h Qh Jd,"[{""action"": ""small_blind"", ""amount"": 50, ""seat"": 1}, {""action"": ""big_blind"", ""amount"": 100, ""seat"": 0}, {""action"": ""call"", ""amount"": 50, ""seat"": 1}, {""action"": ""check"", ""amount"": 0, ""seat"": 0}, {""action"": ""check"", ""amount"": 0, ""seat"": 0}, {""action"": ""raise"", ""amount"": 124, ""seat"": 1}, {""action"": ""fold"", ""amount"": 0, ""seat"": 0}]"
overfold_exploiter,2026060711,0,31,deployed_overfold_exploiter_s2026060711_o0_h0031,flop,flop_cbet_or_probe,overfold_exploiter,raise,124,324,7,8,324,-100,100,flop,324,False,2h 6d Qd,"[{""action"": ""small_blind"", ""amount"": 50, ""seat"": 1}, {""action"": ""big_blind"", ""amount"": 100, ""seat"": 0}, {""action"": ""call"", ""amount"": 50, ""seat"": 1}, {""action"": ""check"", ""amount"": 0, ""seat"": 0}, {""action"": ""check"", ""amount"": 0, ""seat"": 0}, {""action"": ""raise"", ""amount"": 124, ""seat"": 1}, {""action"": ""fold"", ""amount"": 0, ""seat"": 0}]"
overfold_exploiter,2026060711,0,69,deployed_overfold_exploiter_s2026060711_o0_h0069,flop,flop_cbet_or_probe,overfold_exploiter,raise,124,324,7,8,324,-100,100,flop,324,False,Ts 4d 4h,"[{""action"": ""small_blind"", ""amount"": 50, ""seat"": 1}, {""action"": ""big_blind"", ""amount"": 100, ""seat"": 0}, {""action"": ""call"", ""amount"": 50, ""seat"": 1}, {""action"": ""check"", ""amount"": 0, ""seat"": 0}, {""action"": ""check"", ""amount"": 0, ""seat"": 0}, {""action"": ""raise"", ""amount"": 124, ""seat"": 1}, {""action"": ""fold"", ""amount"": 0, ""seat"": 0}]"
overfold_exploiter,2026060711,0,93,deployed_overfold_exploiter_s2026060711_o0_h0093,flop,flop_cbet_or_probe,overfold_exploiter,raise,124,324,7,8,324,-100,100,flop,324,False,4c 6c 5s,"[{""action"": ""small_blind"", ""amount"": 50, ""seat"": 1}, {""action"": ""big_blind"", ""amount"": 100, ""seat"": 0}, {""action"": ""call"", ""amount"": 50, ""seat"": 1}, {""action"": ""check"", ""amount"": 0, ""seat"": 0}, {""action"": ""check"", ""amount"": 0, ""seat"": 0}, {""action"": ""raise"", ""amount"": 124, ""seat"": 1}, {""action"": ""fold"", ""amount"": 0, ""seat"": 0}]"
overfold_exploiter,2026060711,0,115,deployed_overfold_exploiter_s2026060711_o0_h0115,flop,flop_cbet_or_probe,overfold_exploiter,raise,620,1620,8,9,1620,-500,500,flop,1620,False,Jh Qs 8s,"[{""action"": ""small_blind"", ""amount"": 50, ""seat"": 1}, {""action"": ""big_blind"", ""amount"": 100, ""seat"": 0}, {""action"": ""call"", ""amount"": 50, ""seat"": 1}, {""action"": ""raise"", ""amount"": 500, ""seat"": 0}, {""action"": ""call"", ""amount"": 400, ""seat"": 1}, {""action"": ""check"", ""amount"": 0, ""seat"": 0}, {""action"": ""raise"", ""amount"": 620, ""seat"": 1}, {""action"": ""fold"", ""amount"": 0, ""seat"": 0}]"
overfold_exploiter,2026060711,0,117,deployed_overfold_exploiter_s2026060711_o0_h0117,flop,flop_cbet_or_probe,overfold_exploiter,raise,124,324,7,8,324,-100,100,flop,324,False,Tc 6s 2d,"[{""action"": ""small_blind"", ""amount"": 50, ""seat"": 1}, {""action"": ""big_blind"", ""amount"": 100, ""seat"": 0}, {""action"": ""call"", ""amount"": 50, ""seat"": 1}, {""action"": ""check"", ""amount"": 0, ""seat"": 0}, {""action"": ""check"", ""amount"": 0, ""seat"": 0}, {""action"": ""raise"", ""amount"": 124, ""seat"": 1}, {""action"": ""fold"", ""amount"": 0, ""seat"": 0}]"
overfold_exploiter,2026060711,0,121,deployed_overfold_exploiter_s2026060711_o0_h0121,flop,flop_cbet_or_probe,overfold_exploiter,raise,124,324,7,8,324,-100,100,flop,324,False,Ts 2d Jc,"[{""action"": ""small_blind"", ""amount"": 50, ""seat"": 1}, {""action"": ""big_blind"", ""amount"": 100, ""seat"": 0}, {""action"": ""call"", ""amount"": 50, ""seat"": 1}, {""action"": ""check"", ""amount"": 0, ""seat"": 0}, {""action"": ""check"", ""amount"": 0, ""seat"": 0}, {""action"": ""raise"", ""amount"": 124, ""seat"": 1}, {""action"": ""fold"", ""amount"": 0, ""seat"": 0}]"
overfold_exploiter,2026060711,0,125,deployed_overfold_exploiter_s2026060711_o0_h0125,flop,flop_cbet_or_probe,overfold_exploiter,raise,124,324,7,8,324,-100,100,flop,324,False,7c 8d Ad,"[{""action"": ""small_blind"", ""amount"": 50, ""seat"": 1}, {""action"": ""big_blind"", ""amount"": 100, ""seat"": 0}, {""action"": ""call"", ""amount"": 50, ""seat"": 1}, {""action"": ""check"", ""amount"": 0, ""seat"": 0}, {""action"": ""check"", ""amount"": 0, ""seat"": 0}, {""action"": ""raise"", ""amount"": 124, ""seat"": 1}, {""action"": ""fold"", ""amount"": 0, ""seat"": 0}]"
overfold_exploiter,2026060711,0,133,deployed_overfold_exploiter_s2026060711_o0_h0133,flop,flop_cbet_or_probe,overfold_exploiter,raise,124,324,7,8,324,-100,100,flop,324,False,6c Ac 9h,"[{""action"": ""small_blind"", ""amount"": 50, ""seat"": 1}, {""action"": ""big_blind"", ""amount"": 100, ""seat"": 0}, {""action"": ""call"", ""amount"": 50, ""seat"": 1}, {""action"": ""check"", ""amount"": 0, ""seat"": 0}, {""action"": ""check"", ""amount"": 0, ""seat"": 0}, {""action"": ""raise"", ""amount"": 124, ""seat"": 1}, {""action"": ""fold"", ""amount"": 0, ""seat"": 0}]"
overfold_exploiter,2026060711,0,139,deployed_overfold_exploiter_s2026060711_o0_h0139,turn,turn_probe,overfold_exploiter,raise,144,344,10,11,344,-100,100,turn,344,False,5d Qd 2h Jc,"[{""action"": ""small_blind"", ""amount"": 50, ""seat"": 1}, {""action"": ""big_blind"", ""amount"": 100, ""seat"": 0}, {""action"": ""call"", ""amount"": 50, ""seat"": 1}, {""action"": ""check"", ""amount"": 0, ""seat"": 0}, {""action"": ""check"", ""amount"": 0, ""seat"": 0}, {""action"": ""check"", ""amount"": 0, ""seat"": 1}, {""action"": ""check"", ""amount"": 0, ""seat"": 0}, {""action"": ""raise"", ""amount"": 144, ""seat"": 1}, {""action"": ""fold"", ""amount"": 0, ""seat"": 0}]"
overfold_exploiter,2026060711,0,143,deployed_overfold_exploiter_s2026060711_o0_h0143,flop,flop_cbet_or_probe,overfold_exploiter,raise,124,324,7,8,324,-100,100,flop,324,False,Kc 3c 4h,"[{""action"": ""small_blind"", ""amount"": 50, ""seat"": 1}, {""action"": ""big_blind"", ""amount"": 100, ""seat"": 0}, {""action"": ""call"", ""amount"": 50, ""seat"": 1}, {""action"": ""check"", ""amount"": 0, ""seat"": 0}, {""action"": ""check"", ""amount"": 0, ""seat"": 0}, {""action"": ""raise"", ""amount"": 124, ""seat"": 1}, {""action"": ""fold"", ""amount"": 0, ""seat"": 0}]"
overfold_exploiter,2026060711,0,151,deployed_overfold_exploiter_s2026060711_o0_h0151,flop,flop_cbet_or_probe,overfold_exploiter,raise,124,324,7,8,324,-100,100,flop,324,False,8d Jd 6c,"[{""action"": ""small_blind"", ""amount"": 50, ""seat"": 1}, {""action"": ""big_blind"", ""amount"": 100, ""seat"": 0}, {""action"": ""call"", ""amount"": 50, ""seat"": 1}, {""action"": ""check"", ""amount"": 0, ""seat"": 0}, {""action"": ""check"", ""amount"": 0, ""seat"": 0}, {""action"": ""raise"", ""amount"": 124, ""seat"": 1}, {""action"": ""fold"", ""amount"": 0, ""seat"": 0}]"
overfold_exploiter,2026060711,0,157,deployed_overfold_exploiter_s2026060711_o0_h0157,flop,flop_cbet_or_probe,overfold_exploiter,raise,124,324,7,8,324,-100,100,flop,324,False,3c 4c As,"[{""action"": ""small_blind"", ""amount"": 50, ""seat"": 1}, {""action"": ""big_blind"", ""amount"": 100, ""seat"": 0}, {""action"": ""call"", ""amount"": 50, ""seat"": 1}, {""action"": ""check"", ""amount"": 0, ""seat"": 0}, {""action"": ""check"", ""amount"": 0, ""seat"": 0}, {""action"": ""raise"", ""amount"": 124, ""seat"": 1}, {""action"": ""fold"", ""amount"": 0, ""seat"": 0}]"
overfold_exploiter,2026060711,0,159,deployed_overfold_exploiter_s2026060711_o0_h0159,flop,flop_cbet_or_probe,overfold_exploiter,raise,124,324,7,8,324,-100,100,flop,324,False,Qh 4s 8h,"[{""action"": ""small_blind"", ""amount"": 50, ""seat"": 1}, {""action"": ""big_blind"", ""amount"": 100, ""seat"": 0}, {""action"": ""call"", ""amount"": 50, ""seat"": 1}, {""action"": ""check"", ""amount"": 0, ""seat"": 0}, {""action"": ""check"", ""amount"": 0, ""seat"": 0}, {""action"": ""raise"", ""amount"": 124, ""seat"": 1}, {""action"": ""fold"", ""amount"": 0, ""seat"": 0}]"
overfold_exploiter,2026060711,0,177,deployed_overfold_exploiter_s2026060711_o0_h0177,turn,turn_barrel,overfold_exploiter,raise,322,770,11,12,770,-224,224,turn,770,False,3s Qs 8c Kd,"[{""action"": ""small_blind"", ""amount"": 50, ""seat"": 1}, {""action"": ""big_blind"", ""amount"": 100, ""seat"": 0}, {""action"": ""call"", ""amount"": 50, ""seat"": 1}, {""action"": ""check"", ""amount"": 0, ""seat"": 0}, {""action"": ""check"", ""amount"": 0, ""seat"": 0}, {""action"": ""raise"", ""amount"": 124, ""seat"": 1}, {""action"": ""call"", ""amount"": 124, ""seat"": 0}, {""action"": ""check"", ""amount"": 0, ""seat"": 0}, {""action"": ""raise"", ""amount"": 322, ""seat"": 1}, {""action"": ""fold"", ""amount"": 0, ""seat"": 0}]"
overfold_exploiter,2026060711,0,181,deployed_overfold_exploiter_s2026060711_o0_h0181,flop,flop_cbet_or_probe,overfold_exploiter,raise,124,324,7,8,324,-100,100,flop,324,False,As 9s 2c,"[{""action"": ""small_blind"", ""amount"": 50, ""seat"": 1}, {""action"": ""big_blind"", ""amount"": 100, ""seat"": 0}, {""action"": ""call"", ""amount"": 50, ""seat"": 1}, {""action"": ""check"", ""amount"": 0, ""seat"": 0}, {""action"": ""check"", ""amount"": 0, ""seat"": 0}, {""action"": ""raise"", ""amount"": 124, ""seat"": 1}, {""action"": ""fold"", ""amount"": 0, ""seat"": 0}]"
overfold_exploiter,2026060711,0,189,deployed_overfold_exploiter_s2026060711_o0_h0189,flop,flop_cbet_or_probe,overfold_exploiter,raise,124,324,7,8,324,-100,100,flop,324,False,7h Ah Qs,"[{""action"": ""small_blind"", ""amount"": 50, ""seat"": 1}, {""action"": ""big_blind"", ""amount"": 100, ""seat"": 0}, {""action"": ""call"", ""amount"": 50, ""seat"": 1}, {""action"": ""check"", ""amount"": 0, ""seat"": 0}, {""action"": ""check"", ""amount"": 0, ""seat"": 0}, {""action"": ""raise"", ""amount"": 124, ""seat"": 1}, {""action"": ""fold"", ""amount"": 0, ""seat"": 0}]"
overfold_exploiter,2026060711,1,26,deployed_overfold_exploiter_s2026060711_o1_h0026,flop,flop_cbet_or_probe,overfold_exploiter,raise,124,324,7,8,324,-100,100,flop,324,False,9h 5d 2h,"[{""action"": ""small_blind"", ""amount"": 50, ""seat"": 0}, {""action"": ""big_blind"", ""amount"": 100, ""seat"": 1}, {""action"": ""call"", ""amount"": 50, ""seat"": 0}, {""action"": ""check"", ""amount"": 0, ""seat"": 1}, {""action"": ""check"", ""amount"": 0, ""seat"": 1}, {""action"": ""raise"", ""amount"": 124, ""seat"": 0}, {""action"": ""fold"", ""amount"": 0, ""seat"": 1}]"
overfold_exploiter,2026060711,1,32,deployed_overfold_exploiter_s2026060711_o1_h0032,flop,flop_cbet_or_probe,overfold_exploiter,raise,124,324,7,8,324,-100,100,flop,324,False,5h 9c 5s,"[{""action"": ""small_blind"", ""amount"": 50, ""seat"": 0}, {""action"": ""big_blind"", ""amount"": 100, ""seat"": 1}, {""action"": ""call"", ""amount"": 50, ""seat"": 0}, {""action"": ""check"", ""amount"": 0, ""seat"": 1}, {""action"": ""check"", ""amount"": 0, ""seat"": 1}, {""action"": ""raise"", ""amount"": 124, ""seat"": 0}, {""action"": ""fold"", ""amount"": 0, ""seat"": 1}]"
overfold_exploiter,2026060711,1,36,deployed_overfold_exploiter_s2026060711_o1_h0036,flop,flop_cbet_or_probe,overfold_exploiter,raise,124,324,7,8,324,-100,100,flop,324,False,Ks 7c Js,"[{""action"": ""small_blind"", ""amount"": 50, ""seat"": 0}, {""action"": ""big_blind"", ""amount"": 100, ""seat"": 1}, {""action"": ""call"", ""amount"": 50, ""seat"": 0}, {""action"": ""check"", ""amount"": 0, ""seat"": 1}, {""action"": ""check"", ""amount"": 0, ""seat"": 1}, {""action"": ""raise"", ""amount"": 124, ""seat"": 0}, {""action"": ""fold"", ""amount"": 0, ""seat"": 1}]"
overfold_exploiter,2026060711,1,58,deployed_overfold_exploiter_s2026060711_o1_h0058,flop,flop_cbet_or_probe,overfold_exploiter,raise,124,324,7,8,324,-100,100,flop,324,False,Tc 9s 2d,"[{""action"": ""small_blind"", ""amount"": 50, ""seat"": 0}, {""action"": ""big_blind"", ""amount"": 100, ""seat"": 1}, {""action"": ""call"", ""amount"": 50, ""seat"": 0}, {""action"": ""check"", ""amount"": 0, ""seat"": 1}, {""action"": ""check"", ""amount"": 0, ""seat"": 1}, {""action"": ""raise"", ""amount"": 124, ""seat"": 0}, {""action"": ""fold"", ""amount"": 0, ""seat"": 1}]"
overfold_exploiter,2026060711,1,66,deployed_overfold_exploiter_s2026060711_o1_h0066,flop,flop_cbet_or_probe,overfold_exploiter,raise,124,324,7,8,324,-100,100,flop,324,False,Qc Ts Ad,"[{""action"": ""small_blind"", ""amount"": 50, ""seat"": 0}, {""action"": ""big_blind"", ""amount"": 100, ""seat"": 1}, {""action"": ""call"", ""amount"": 50, ""seat"": 0}, {""action"": ""check"", ""amount"": 0, ""seat"": 1}, {""action"": ""check"", ""amount"": 0, ""seat"": 1}, {""action"": ""raise"", ""amount"": 124, ""seat"": 0}, {""action"": ""fold"", ""amount"": 0, ""seat"": 1}]"
overfold_exploiter,2026060711,1,74,deployed_overfold_exploiter_s2026060711_o1_h0074,flop,flop_cbet_or_probe,overfold_exploiter,raise,124,324,7,8,324,-100,100,flop,324,False,Jc Js Jh,"[{""action"": ""small_blind"", ""amount"": 50, ""seat"": 0}, {""action"": ""big_blind"", ""amount"": 100, ""seat"": 1}, {""action"": ""call"", ""amount"": 50, ""seat"": 0}, {""action"": ""check"", ""amount"": 0, ""seat"": 1}, {""action"": ""check"", ""amount"": 0, ""seat"": 1}, {""action"": ""raise"", ""amount"": 124, ""seat"": 0}, {""action"": ""fold"", ""amount"": 0, ""seat"": 1}]"
overfold_exploiter,2026060711,1,82,deployed_overfold_exploiter_s2026060711_o1_h0082,flop,flop_cbet_or_probe,overfold_exploiter,raise,620,1620,8,9,1620,-500,500,flop,1620,False,2d 6s As,"[{""action"": ""small_blind"", ""amount"": 50, ""seat"": 0}, {""action"": ""big_blind"", ""amount"": 100, ""seat"": 1}, {""action"": ""call"", ""amount"": 50, ""seat"": 0}, {""action"": ""raise"", ""amount"": 500, ""seat"": 1}, {""action"": ""call"", ""amount"": 400, ""seat"": 0}, {""action"": ""check"", ""amount"": 0, ""seat"": 1}, {""action"": ""raise"", ""amount"": 620, ""seat"": 0}, {""action"": ""fold"", ""amount"": 0, ""seat"": 1}]"
overfold_exploiter,2026060711,1,84,deployed_overfold_exploiter_s2026060711_o1_h0084,flop,flop_cbet_or_probe,overfold_exploiter,raise,124,324,7,8,324,-100,100,flop,324,False,3s Qh 8h,"[{""action"": ""small_blind"", ""amount"": 50, ""seat"": 0}, {""action"": ""big_blind"", ""amount"": 100, ""seat"": 1}, {""action"": ""call"", ""amount"": 50, ""seat"": 0}, {""action"": ""check"", ""amount"": 0, ""seat"": 1}, {""action"": ""check"", ""amount"": 0, ""seat"": 1}, {""action"": ""raise"", ""amount"": 124, ""seat"": 0}, {""action"": ""fold"", ""amount"": 0, ""seat"": 1}]"
overfold_exploiter,2026060711,1,86,deployed_overfold_exploiter_s2026060711_o1_h0086,flop,flop_cbet_or_probe,overfold_exploiter,raise,124,324,7,8,324,-100,100,flop,324,False,Ts 6d 7h,"[{""action"": ""small_blind"", ""amount"": 50, ""seat"": 0}, {""action"": ""big_blind"", ""amount"": 100, ""seat"": 1}, {""action"": ""call"", ""amount"": 50, ""seat"": 0}, {""action"": ""check"", ""amount"": 0, ""seat"": 1}, {""action"": ""check"", ""amount"": 0, ""seat"": 1}, {""action"": ""raise"", ""amount"": 124, ""seat"": 0}, {""action"": ""fold"", ""amount"": 0, ""seat"": 1}]"
overfold_exploiter,2026060711,1,88,deployed_overfold_exploiter_s2026060711_o1_h0088,turn,turn_barrel,overfold_exploiter,raise,322,770,11,12,770,-224,224,turn,770,False,6s 7d 8c 8d,"[{""action"": ""small_blind"", ""amount"": 50, ""seat"": 0}, {""action"": ""big_blind"", ""amount"": 100, ""seat"": 1}, {""action"": ""call"", ""amount"": 50, ""seat"": 0}, {""action"": ""check"", ""amount"": 0, ""seat"": 1}, {""action"": ""check"", ""amount"": 0, ""seat"": 1}, {""action"": ""raise"", ""amount"": 124, ""seat"": 0}, {""action"": ""call"", ""amount"": 124, ""seat"": 1}, {""action"": ""check"", ""amount"": 0, ""seat"": 1}, {""action"": ""raise"", ""amount"": 322, ""seat"": 0}, {""action"": ""fold"", ""amount"": 0, ""seat"": 1}]"
overfold_exploiter,2026060711,1,96,deployed_overfold_exploiter_s2026060711_o1_h0096,turn,turn_barrel,overfold_exploiter,raise,322,770,11,12,770,-224,224,turn,770,False,8h 6h As Qc,"[{""action"": ""small_blind"", ""amount"": 50, ""seat"": 0}, {""action"": ""big_blind"", ""amount"": 100, ""seat"": 1}, {""action"": ""call"", ""amount"": 50, ""seat"": 0}, {""action"": ""check"", ""amount"": 0, ""seat"": 1}, {""action"": ""check"", ""amount"": 0, ""seat"": 1}, {""action"": ""raise"", ""amount"": 124, ""seat"": 0}, {""action"": ""call"", ""amount"": 124, ""seat"": 1}, {""action"": ""check"", ""amount"": 0, ""seat"": 1}, {""action"": ""raise"", ""amount"": 322, ""seat"": 0}, {""action"": ""fold"", ""amount"": 0, ""seat"": 1}]"
overfold_exploiter,2026060711,1,98,deployed_overfold_exploiter_s2026060711_o1_h0098,flop,flop_cbet_or_probe,overfold_exploiter,raise,124,324,7,8,324,-100,100,flop,324,False,5h Kc 9s,"[{""action"": ""small_blind"", ""amount"": 50, ""seat"": 0}, {""action"": ""big_blind"", ""amount"": 100, ""seat"": 1}, {""action"": ""call"", ""amount"": 50, ""seat"": 0}, {""action"": ""check"", ""amount"": 0, ""seat"": 1}, {""action"": ""check"", ""amount"": 0, ""seat"": 1}, {""action"": ""raise"", ""amount"": 124, ""seat"": 0}, {""action"": ""fold"", ""amount"": 0, ""seat"": 1}]"
overfold_exploiter,2026060711,1,104,deployed_overfold_exploiter_s2026060711_o1_h0104,flop,flop_cbet_or_probe,overfold_exploiter,raise,124,324,7,8,324,-100,100,flop,324,False,Jd 9h 7h,"[{""action"": ""small_blind"", ""amount"": 50, ""seat"": 0}, {""action"": ""big_blind"", ""amount"": 100, ""seat"": 1}, {""action"": ""call"", ""amount"": 50, ""seat"": 0}, {""action"": ""check"", ""amount"": 0, ""seat"": 1}, {""action"": ""check"", ""amount"": 0, ""seat"": 1}, {""action"": ""raise"", ""amount"": 124, ""seat"": 0}, {""action"": ""fold"", ""amount"": 0, ""seat"": 1}]"
overfold_exploiter,2026060711,1,134,deployed_overfold_exploiter_s2026060711_o1_h0134,turn,turn_barrel,overfold_exploiter,raise,322,770,11,12,770,-224,224,turn,770,False,5c 3h 9s Qd,"[{""action"": ""small_blind"", ""amount"": 50, ""seat"": 0}, {""action"": ""big_blind"", ""amount"": 100, ""seat"": 1}, {""action"": ""call"", ""amount"": 50, ""seat"": 0}, {""action"": ""check"", ""amount"": 0, ""seat"": 1}, {""action"": ""check"", ""amount"": 0, ""seat"": 1}, {""action"": ""raise"", ""amount"": 124, ""seat"": 0}, {""action"": ""call"", ""amount"": 124, ""seat"": 1}, {""action"": ""check"", ""amount"": 0, ""seat"": 1}, {""action"": ""raise"", ""amount"": 322, ""seat"": 0}, {""action"": ""fold"", ""amount"": 0, ""seat"": 1}]"
overfold_exploiter,2026060711,1,156,deployed_overfold_exploiter_s2026060711_o1_h0156,flop,flop_cbet_or_probe,overfold_exploiter,raise,124,324,7,8,324,-100,100,flop,324,False,Ts Kh Kc,"[{""action"": ""small_blind"", ""amount"": 50, ""seat"": 0}, {""action"": ""big_blind"", ""amount"": 100, ""seat"": 1}, {""action"": ""call"", ""amount"": 50, ""seat"": 0}, {""action"": ""check"", ""amount"": 0, ""seat"": 1}, {""action"": ""check"", ""amount"": 0, ""seat"": 1}, {""action"": ""raise"", ""amount"": 124, ""seat"": 0}, {""action"": ""fold"", ""amount"": 0, ""seat"": 1}]"
overfold_exploiter,2026060711,1,160,deployed_overfold_exploiter_s2026060711_o1_h0160,flop,flop_cbet_or_probe,overfold_exploiter,raise,124,324,7,8,324,-100,100,flop,324,False,7s 4h 4c,"[{""action"": ""small_blind"", ""amount"": 50, ""seat"": 0}, {""action"": ""big_blind"", ""amount"": 100, ""seat"": 1}, {""action"": ""call"", ""amount"": 50, ""seat"": 0}, {""action"": ""check"", ""amount"": 0, ""seat"": 1}, {""action"": ""check"", ""amount"": 0, ""seat"": 1}, {""action"": ""raise"", ""amount"": 124, ""seat"": 0}, {""action"": ""fold"", ""amount"": 0, ""seat"": 1}]"
overfold_exploiter,2026060711,1,164,deployed_overfold_exploiter_s2026060711_o1_h0164,flop,flop_cbet_or_probe,overfold_exploiter,raise,124,324,7,8,324,-100,100,flop,324,False,5s 9h 8d,"[{""action"": ""small_blind"", ""amount"": 50, ""seat"": 0}, {""action"": ""big_blind"", ""amount"": 100, ""seat"": 1}, {""action"": ""call"", ""amount"": 50, ""seat"": 0}, {""action"": ""check"", ""amount"": 0, ""seat"": 1}, {""action"": ""check"", ""amount"": 0, ""seat"": 1}, {""action"": ""raise"", ""amount"": 124, ""seat"": 0}, {""action"": ""fold"", ""amount"": 0, ""seat"": 1}]"
overfold_exploiter,2026060711,1,174,deployed_overfold_exploiter_s2026060711_o1_h0174,flop,flop_cbet_or_probe,overfold_exploiter,raise,124,324,7,8,324,-100,100,flop,324,False,9s 4c 6c,"[{""action"": ""small_blind"", ""amount"": 50, ""seat"": 0}, {""action"": ""big_blind"", ""amount"": 100, ""seat"": 1}, {""action"": ""call"", ""amount"": 50, ""seat"": 0}, {""action"": ""check"", ""amount"": 0, ""seat"": 1}, {""action"": ""check"", ""amount"": 0, ""seat"": 1}, {""action"": ""raise"", ""amount"": 124, ""seat"": 0}, {""action"": ""fold"", ""amount"": 0, ""seat"": 1}]"
overfold_exploiter,2026060712,0,21,deployed_overfold_exploiter_s2026060712_o0_h0021,turn,turn_barrel,overfold_exploiter,raise,322,770,11,12,770,-224,224,turn,770,False,8h 9s 7s Ad,"[{""action"": ""small_blind"", ""amount"": 50, ""seat"": 1}, {""action"": ""big_blind"", ""amount"": 100, ""seat"": 0}, {""action"": ""call"", ""amount"": 50, ""seat"": 1}, {""action"": ""check"", ""amount"": 0, ""seat"": 0}, {""action"": ""check"", ""amount"": 0, ""seat"": 0}, {""action"": ""raise"", ""amount"": 124, ""seat"": 1}, {""action"": ""call"", ""amount"": 124, ""seat"": 0}, {""action"": ""check"", ""amount"": 0, ""seat"": 0}, {""action"": ""raise"", ""amount"": 322, ""seat"": 1}, {""action"": ""fold"", ""amount"": 0, ""seat"": 0}]"
overfold_exploiter,2026060712,0,25,deployed_overfold_exploiter_s2026060712_o0_h0025,flop,flop_cbet_or_probe,overfold_exploiter,raise,124,324,7,8,324,-100,100,flop,324,False,Kc Jc 7s,"[{""action"": ""small_blind"", ""amount"": 50, ""seat"": 1}, {""action"": ""big_blind"", ""amount"": 100, ""seat"": 0}, {""action"": ""call"", ""amount"": 50, ""seat"": 1}, {""action"": ""check"", ""amount"": 0, ""seat"": 0}, {""action"": ""check"", ""amount"": 0, ""seat"": 0}, {""action"": ""raise"", ""amount"": 124, ""seat"": 1}, {""action"": ""fold"", ""amount"": 0, ""seat"": 0}]"
overfold_exploiter,2026060712,0,31,deployed_overfold_exploiter_s2026060712_o0_h0031,flop,flop_cbet_or_probe,overfold_exploiter,raise,124,324,7,8,324,-100,100,flop,324,False,2d Kd 4d,"[{""action"": ""small_blind"", ""amount"": 50, ""seat"": 1}, {""action"": ""big_blind"", ""amount"": 100, ""seat"": 0}, {""action"": ""call"", ""amount"": 50, ""seat"": 1}, {""action"": ""check"", ""amount"": 0, ""seat"": 0}, {""action"": ""check"", ""amount"": 0, ""seat"": 0}, {""action"": ""raise"", ""amount"": 124, ""seat"": 1}, {""action"": ""fold"", ""amount"": 0, ""seat"": 0}]"
overfold_exploiter,2026060712,0,45,deployed_overfold_exploiter_s2026060712_o0_h0045,flop,flop_cbet_or_probe,overfold_exploiter,raise,124,324,7,8,324,-100,100,flop,324,False,Th 7c 8s,"[{""action"": ""small_blind"", ""amount"": 50, ""seat"": 1}, {""action"": ""big_blind"", ""amount"": 100, ""seat"": 0}, {""action"": ""call"", ""amount"": 50, ""seat"": 1}, {""action"": ""check"", ""amount"": 0, ""seat"": 0}, {""action"": ""check"", ""amount"": 0, ""seat"": 0}, {""action"": ""raise"", ""amount"": 124, ""seat"": 1}, {""action"": ""fold"", ""amount"": 0, ""seat"": 0}]"
overfold_exploiter,2026060712,0,53,deployed_overfold_exploiter_s2026060712_o0_h0053,turn,turn_probe,overfold_exploiter,raise,144,344,10,11,344,-100,100,turn,344,False,Td 5c Jc 8h,"[{""action"": ""small_blind"", ""amount"": 50, ""seat"": 1}, {""action"": ""big_blind"", ""amount"": 100, ""seat"": 0}, {""action"": ""call"", ""amount"": 50, ""seat"": 1}, {""action"": ""check"", ""amount"": 0, ""seat"": 0}, {""action"": ""check"", ""amount"": 0, ""seat"": 0}, {""action"": ""check"", ""amount"": 0, ""seat"": 1}, {""action"": ""check"", ""amount"": 0, ""seat"": 0}, {""action"": ""raise"", ""amount"": 144, ""seat"": 1}, {""action"": ""fold"", ""amount"": 0, ""seat"": 0}]"
overfold_exploiter,2026060712,0,81,deployed_overfold_exploiter_s2026060712_o0_h0081,flop,flop_cbet_or_probe,overfold_exploiter,raise,124,324,7,8,324,-100,100,flop,324,False,Qd 3d 8h,"[{""action"": ""small_blind"", ""amount"": 50, ""seat"": 1}, {""action"": ""big_blind"", ""amount"": 100, ""seat"": 0}, {""action"": ""call"", ""amount"": 50, ""seat"": 1}, {""action"": ""check"", ""amount"": 0, ""seat"": 0}, {""action"": ""check"", ""amount"": 0, ""seat"": 0}, {""action"": ""raise"", ""amount"": 124, ""seat"": 1}, {""action"": ""fold"", ""amount"": 0, ""seat"": 0}]"
overfold_exploiter,2026060712,0,95,deployed_overfold_exploiter_s2026060712_o0_h0095,flop,flop_cbet_or_probe,overfold_exploiter,raise,124,324,7,8,324,-100,100,flop,324,False,4d Tc Th,"[{""action"": ""small_blind"", ""amount"": 50, ""seat"": 1}, {""action"": ""big_blind"", ""amount"": 100, ""seat"": 0}, {""action"": ""call"", ""amount"": 50, ""seat"": 1}, {""action"": ""check"", ""amount"": 0, ""seat"": 0}, {""action"": ""check"", ""amount"": 0, ""seat"": 0}, {""action"": ""raise"", ""amount"": 124, ""seat"": 1}, {""action"": ""fold"", ""amount"": 0, ""seat"": 0}]"
overfold_exploiter,2026060712,0,109,deployed_overfold_exploiter_s2026060712_o0_h0109,flop,flop_cbet_or_probe,overfold_exploiter,raise,124,324,7,8,324,-100,100,flop,324,False,Kd Th 8c,"[{""action"": ""small_blind"", ""amount"": 50, ""seat"": 1}, {""action"": ""big_blind"", ""amount"": 100, ""seat"": 0}, {""action"": ""call"", ""amount"": 50, ""seat"": 1}, {""action"": ""check"", ""amount"": 0, ""seat"": 0}, {""action"": ""check"", ""amount"": 0, ""seat"": 0}, {""action"": ""raise"", ""amount"": 124, ""seat"": 1}, {""action"": ""fold"", ""amount"": 0, ""seat"": 0}]"
overfold_exploiter,2026060712,0,115,deployed_overfold_exploiter_s2026060712_o0_h0115,flop,flop_cbet_or_probe,overfold_exploiter,raise,124,324,7,8,324,-100,100,flop,324,False,Qd 4s Td,"[{""action"": ""small_blind"", ""amount"": 50, ""seat"": 1}, {""action"": ""big_blind"", ""amount"": 100, ""seat"": 0}, {""action"": ""call"", ""amount"": 50, ""seat"": 1}, {""action"": ""check"", ""amount"": 0, ""seat"": 0}, {""action"": ""check"", ""amount"": 0, ""seat"": 0}, {""action"": ""raise"", ""amount"": 124, ""seat"": 1}, {""action"": ""fold"", ""amount"": 0, ""seat"": 0}]"
overfold_exploiter,2026060712,0,123,deployed_overfold_exploiter_s2026060712_o0_h0123,turn,turn_barrel,overfold_exploiter,raise,322,770,11,12,770,-224,224,turn,770,False,7c 4c Qc As,"[{""action"": ""small_blind"", ""amount"": 50, ""seat"": 1}, {""action"": ""big_blind"", ""amount"": 100, ""seat"": 0}, {""action"": ""call"", ""amount"": 50, ""seat"": 1}, {""action"": ""check"", ""amount"": 0, ""seat"": 0}, {""action"": ""check"", ""amount"": 0, ""seat"": 0}, {""action"": ""raise"", ""amount"": 124, ""seat"": 1}, {""action"": ""call"", ""amount"": 124, ""seat"": 0}, {""action"": ""check"", ""amount"": 0, ""seat"": 0}, {""action"": ""raise"", ""amount"": 322, ""seat"": 1}, {""action"": ""fold"", ""amount"": 0, ""seat"": 0}]"
overfold_exploiter,2026060712,0,127,deployed_overfold_exploiter_s2026060712_o0_h0127,flop,flop_cbet_or_probe,overfold_exploiter,raise,124,324,7,8,324,-100,100,flop,324,False,9d 5c Jh,"[{""action"": ""small_blind"", ""amount"": 50, ""seat"": 1}, {""action"": ""big_blind"", ""amount"": 100, ""seat"": 0}, {""action"": ""call"", ""amount"": 50, ""seat"": 1}, {""action"": ""check"", ""amount"": 0, ""seat"": 0}, {""action"": ""check"", ""amount"": 0, ""seat"": 0}, {""action"": ""raise"", ""amount"": 124, ""seat"": 1}, {""action"": ""fold"", ""amount"": 0, ""seat"": 0}]"
overfold_exploiter,2026060712,0,129,deployed_overfold_exploiter_s2026060712_o0_h0129,flop,flop_cbet_or_probe,overfold_exploiter,raise,124,324,7,8,324,-100,100,flop,324,False,6d 8d Tc,"[{""action"": ""small_blind"", ""amount"": 50, ""seat"": 1}, {""action"": ""big_blind"", ""amount"": 100, ""seat"": 0}, {""action"": ""call"", ""amount"": 50, ""seat"": 1}, {""action"": ""check"", ""amount"": 0, ""seat"": 0}, {""action"": ""check"", ""amount"": 0, ""seat"": 0}, {""action"": ""raise"", ""amount"": 124, ""seat"": 1}, {""action"": ""fold"", ""amount"": 0, ""seat"": 0}]"
overfold_exploiter,2026060712,0,133,deployed_overfold_exploiter_s2026060712_o0_h0133,flop,flop_cbet_or_probe,overfold_exploiter,raise,124,324,7,8,324,-100,100,flop,324,False,5h 3c 7c,"[{""action"": ""small_blind"", ""amount"": 50, ""seat"": 1}, {""action"": ""big_blind"", ""amount"": 100, ""seat"": 0}, {""action"": ""call"", ""amount"": 50, ""seat"": 1}, {""action"": ""check"", ""amount"": 0, ""seat"": 0}, {""action"": ""check"", ""amount"": 0, ""seat"": 0}, {""action"": ""raise"", ""amount"": 124, ""seat"": 1}, {""action"": ""fold"", ""amount"": 0, ""seat"": 0}]"
overfold_exploiter,2026060712,0,137,deployed_overfold_exploiter_s2026060712_o0_h0137,flop,flop_cbet_or_probe,overfold_exploiter,raise,124,324,7,8,324,-100,100,flop,324,False,5h 5s 9h,"[{""action"": ""small_blind"", ""amount"": 50, ""seat"": 1}, {""action"": ""big_blind"", ""amount"": 100, ""seat"": 0}, {""action"": ""call"", ""amount"": 50, ""seat"": 1}, {""action"": ""check"", ""amount"": 0, ""seat"": 0}, {""action"": ""check"", ""amount"": 0, ""seat"": 0}, {""action"": ""raise"", ""amount"": 124, ""seat"": 1}, {""action"": ""fold"", ""amount"": 0, ""seat"": 0}]"
overfold_exploiter,2026060712,0,147,deployed_overfold_exploiter_s2026060712_o0_h0147,flop,flop_cbet_or_probe,overfold_exploiter,raise,124,324,7,8,324,-100,100,flop,324,False,7d 6d 2h,"[{""action"": ""small_blind"", ""amount"": 50, ""seat"": 1}, {""action"": ""big_blind"", ""amount"": 100, ""seat"": 0}, {""action"": ""call"", ""amount"": 50, ""seat"": 1}, {""action"": ""check"", ""amount"": 0, ""seat"": 0}, {""action"": ""check"", ""amount"": 0, ""seat"": 0}, {""action"": ""raise"", ""amount"": 124, ""seat"": 1}, {""action"": ""fold"", ""amount"": 0, ""seat"": 0}]"
overfold_exploiter,2026060712,0,149,deployed_overfold_exploiter_s2026060712_o0_h0149,flop,flop_cbet_or_probe,overfold_exploiter,raise,124,324,7,8,324,-100,100,flop,324,False,Th Tc 7h,"[{""action"": ""small_blind"", ""amount"": 50, ""seat"": 1}, {""action"": ""big_blind"", ""amount"": 100, ""seat"": 0}, {""action"": ""call"", ""amount"": 50, ""seat"": 1}, {""action"": ""check"", ""amount"": 0, ""seat"": 0}, {""action"": ""check"", ""amount"": 0, ""seat"": 0}, {""action"": ""raise"", ""amount"": 124, ""seat"": 1}, {""action"": ""fold"", ""amount"": 0, ""seat"": 0}]"
overfold_exploiter,2026060712,0,153,deployed_overfold_exploiter_s2026060712_o0_h0153,flop,flop_cbet_or_probe,overfold_exploiter,raise,124,324,7,8,324,-100,100,flop,324,False,6d 7h 6c,"[{""action"": ""small_blind"", ""amount"": 50, ""seat"": 1}, {""action"": ""big_blind"", ""amount"": 100, ""seat"": 0}, {""action"": ""call"", ""amount"": 50, ""seat"": 1}, {""action"": ""check"", ""amount"": 0, ""seat"": 0}, {""action"": ""check"", ""amount"": 0, ""seat"": 0}, {""action"": ""raise"", ""amount"": 124, ""seat"": 1}, {""action"": ""fold"", ""amount"": 0, ""seat"": 0}]"
overfold_exploiter,2026060712,0,155,deployed_overfold_exploiter_s2026060712_o0_h0155,turn,turn_barrel,overfold_exploiter,raise,322,770,11,12,770,-224,224,turn,770,False,Tc Qh Kc 4d,"[{""action"": ""small_blind"", ""amount"": 50, ""seat"": 1}, {""action"": ""big_blind"", ""amount"": 100, ""seat"": 0}, {""action"": ""call"", ""amount"": 50, ""seat"": 1}, {""action"": ""check"", ""amount"": 0, ""seat"": 0}, {""action"": ""check"", ""amount"": 0, ""seat"": 0}, {""action"": ""raise"", ""amount"": 124, ""seat"": 1}, {""action"": ""call"", ""amount"": 124, ""seat"": 0}, {""action"": ""check"", ""amount"": 0, ""seat"": 0}, {""action"": ""raise"", ""amount"": 322, ""seat"": 1}, {""action"": ""fold"", ""amount"": 0, ""seat"": 0}]"
overfold_exploiter,2026060712,0,171,deployed_overfold_exploiter_s2026060712_o0_h0171,flop,flop_cbet_or_probe,overfold_exploiter,raise,124,324,7,8,324,-100,100,flop,324,False,Qd 9s 9c,"[{""action"": ""small_blind"", ""amount"": 50, ""seat"": 1}, {""action"": ""big_blind"", ""amount"": 100, ""seat"": 0}, {""action"": ""call"", ""amount"": 50, ""seat"": 1}, {""action"": ""check"", ""amount"": 0, ""seat"": 0}, {""action"": ""check"", ""amount"": 0, ""seat"": 0}, {""action"": ""raise"", ""amount"": 124, ""seat"": 1}, {""action"": ""fold"", ""amount"": 0, ""seat"": 0}]"
overfold_exploiter,2026060712,0,175,deployed_overfold_exploiter_s2026060712_o0_h0175,flop,flop_cbet_or_probe,overfold_exploiter,raise,124,324,7,8,324,-100,100,flop,324,False,Jd 7c 3s,"[{""action"": ""small_blind"", ""amount"": 50, ""seat"": 1}, {""action"": ""big_blind"", ""amount"": 100, ""seat"": 0}, {""action"": ""call"", ""amount"": 50, ""seat"": 1}, {""action"": ""check"", ""amount"": 0, ""seat"": 0}, {""action"": ""check"", ""amount"": 0, ""seat"": 0}, {""action"": ""raise"", ""amount"": 124, ""seat"": 1}, {""action"": ""fold"", ""amount"": 0, ""seat"": 0}]"
overfold_exploiter,2026060712,0,189,deployed_overfold_exploiter_s2026060712_o0_h0189,flop,flop_cbet_or_probe,overfold_exploiter,raise,124,324,7,8,324,-100,100,flop,324,False,Kd 4c 9h,"[{""action"": ""small_blind"", ""amount"": 50, ""seat"": 1}, {""action"": ""big_blind"", ""amount"": 100, ""seat"": 0}, {""action"": ""call"", ""amount"": 50, ""seat"": 1}, {""action"": ""check"", ""amount"": 0, ""seat"": 0}, {""action"": ""check"", ""amount"": 0, ""seat"": 0}, {""action"": ""raise"", ""amount"": 124, ""seat"": 1}, {""action"": ""fold"", ""amount"": 0, ""seat"": 0}]"
overfold_exploiter,2026060712,0,191,deployed_overfold_exploiter_s2026060712_o0_h0191,flop,flop_cbet_or_probe,overfold_exploiter,raise,124,324,7,8,324,-100,100,flop,324,False,Ts 2h 7c,"[{""action"": ""small_blind"", ""amount"": 50, ""seat"": 1}, {""action"": ""big_blind"", ""amount"": 100, ""seat"": 0}, {""action"": ""call"", ""amount"": 50, ""seat"": 1}, {""action"": ""check"", ""amount"": 0, ""seat"": 0}, {""action"": ""check"", ""amount"": 0, ""seat"": 0}, {""action"": ""raise"", ""amount"": 124, ""seat"": 1}, {""action"": ""fold"", ""amount"": 0, ""seat"": 0}]"
overfold_exploiter,2026060712,0,193,deployed_overfold_exploiter_s2026060712_o0_h0193,flop,flop_cbet_or_probe,overfold_exploiter,raise,124,324,7,8,324,-100,100,flop,324,False,3c Ts 9s,"[{""action"": ""small_blind"", ""amount"": 50, ""seat"": 1}, {""action"": ""big_blind"", ""amount"": 100, ""seat"": 0}, {""action"": ""call"", ""amount"": 50, ""seat"": 1}, {""action"": ""check"", ""amount"": 0, ""seat"": 0}, {""action"": ""check"", ""amount"": 0, ""seat"": 0}, {""action"": ""raise"", ""amount"": 124, ""seat"": 1}, {""action"": ""fold"", ""amount"": 0, ""seat"": 0}]"
overfold_exploiter,2026060712,0,197,deployed_overfold_exploiter_s2026060712_o0_h0197,flop,flop_cbet_or_probe,overfold_exploiter,raise,124,324,7,8,324,-100,100,flop,324,False,7c 8d Ac,"[{""action"": ""small_blind"", ""amount"": 50, ""seat"": 1}, {""action"": ""big_blind"", ""amount"": 100, ""seat"": 0}, {""action"": ""call"", ""amount"": 50, ""seat"": 1}, {""action"": ""check"", ""amount"": 0, ""seat"": 0}, {""action"": ""check"", ""amount"": 0, ""seat"": 0}, {""action"": ""raise"", ""amount"": 124, ""seat"": 1}, {""action"": ""fold"", ""amount"": 0, ""seat"": 0}]"
overfold_exploiter,2026060712,1,2,deployed_overfold_exploiter_s2026060712_o1_h0002,flop,flop_cbet_or_probe,overfold_exploiter,raise,124,324,7,8,324,-100,100,flop,324,False,Td 4s 9s,"[{""action"": ""small_blind"", ""amount"": 50, ""seat"": 0}, {""action"": ""big_blind"", ""amount"": 100, ""seat"": 1}, {""action"": ""call"", ""amount"": 50, ""seat"": 0}, {""action"": ""check"", ""amount"": 0, ""seat"": 1}, {""action"": ""check"", ""amount"": 0, ""seat"": 1}, {""action"": ""raise"", ""amount"": 124, ""seat"": 0}, {""action"": ""fold"", ""amount"": 0, ""seat"": 1}]"
overfold_exploiter,2026060712,1,6,deployed_overfold_exploiter_s2026060712_o1_h0006,turn,turn_barrel,overfold_exploiter,raise,322,770,11,12,770,-224,224,turn,770,False,3c 6s 9h 8h,"[{""action"": ""small_blind"", ""amount"": 50, ""seat"": 0}, {""action"": ""big_blind"", ""amount"": 100, ""seat"": 1}, {""action"": ""call"", ""amount"": 50, ""seat"": 0}, {""action"": ""check"", ""amount"": 0, ""seat"": 1}, {""action"": ""check"", ""amount"": 0, ""seat"": 1}, {""action"": ""raise"", ""amount"": 124, ""seat"": 0}, {""action"": ""call"", ""amount"": 124, ""seat"": 1}, {""action"": ""check"", ""amount"": 0, ""seat"": 1}, {""action"": ""raise"", ""amount"": 322, ""seat"": 0}, {""action"": ""fold"", ""amount"": 0, ""seat"": 1}]"
overfold_exploiter,2026060712,1,14,deployed_overfold_exploiter_s2026060712_o1_h0014,flop,flop_cbet_or_probe,overfold_exploiter,raise,124,324,7,8,324,-100,100,flop,324,False,9s 2d Js,"[{""action"": ""small_blind"", ""amount"": 50, ""seat"": 0}, {""action"": ""big_blind"", ""amount"": 100, ""seat"": 1}, {""action"": ""call"", ""amount"": 50, ""seat"": 0}, {""action"": ""check"", ""amount"": 0, ""seat"": 1}, {""action"": ""check"", ""amount"": 0, ""seat"": 1}, {""action"": ""raise"", ""amount"": 124, ""seat"": 0}, {""action"": ""fold"", ""amount"": 0, ""seat"": 1}]"
overfold_exploiter,2026060712,1,20,deployed_overfold_exploiter_s2026060712_o1_h0020,flop,flop_cbet_or_probe,overfold_exploiter,raise,124,324,7,8,324,-100,100,flop,324,False,6d 8c 3s,"[{""action"": ""small_blind"", ""amount"": 50, ""seat"": 0}, {""action"": ""big_blind"", ""amount"": 100, ""seat"": 1}, {""action"": ""call"", ""amount"": 50, ""seat"": 0}, {""action"": ""check"", ""amount"": 0, ""seat"": 1}, {""action"": ""check"", ""amount"": 0, ""seat"": 1}, {""action"": ""raise"", ""amount"": 124, ""seat"": 0}, {""action"": ""fold"", ""amount"": 0, ""seat"": 1}]"
overfold_exploiter,2026060712,1,22,deployed_overfold_exploiter_s2026060712_o1_h0022,flop,flop_cbet_or_probe,overfold_exploiter,raise,124,324,7,8,324,-100,100,flop,324,False,4s Ah 2s,"[{""action"": ""small_blind"", ""amount"": 50, ""seat"": 0}, {""action"": ""big_blind"", ""amount"": 100, ""seat"": 1}, {""action"": ""call"", ""amount"": 50, ""seat"": 0}, {""action"": ""check"", ""amount"": 0, ""seat"": 1}, {""action"": ""check"", ""amount"": 0, ""seat"": 1}, {""action"": ""raise"", ""amount"": 124, ""seat"": 0}, {""action"": ""fold"", ""amount"": 0, ""seat"": 1}]"
overfold_exploiter,2026060712,1,26,deployed_overfold_exploiter_s2026060712_o1_h0026,flop,flop_cbet_or_probe,overfold_exploiter,raise,124,324,7,8,324,-100,100,flop,324,False,8d Jc Kh,"[{""action"": ""small_blind"", ""amount"": 50, ""seat"": 0}, {""action"": ""big_blind"", ""amount"": 100, ""seat"": 1}, {""action"": ""call"", ""amount"": 50, ""seat"": 0}, {""action"": ""check"", ""amount"": 0, ""seat"": 1}, {""action"": ""check"", ""amount"": 0, ""seat"": 1}, {""action"": ""raise"", ""amount"": 124, ""seat"": 0}, {""action"": ""fold"", ""amount"": 0, ""seat"": 1}]"
overfold_exploiter,2026060712,1,38,deployed_overfold_exploiter_s2026060712_o1_h0038,flop,flop_cbet_or_probe,overfold_exploiter,raise,124,324,7,8,324,-100,100,flop,324,False,Kh Ah 8h,"[{""action"": ""small_blind"", ""amount"": 50, ""seat"": 0}, {""action"": ""big_blind"", ""amount"": 100, ""seat"": 1}, {""action"": ""call"", ""amount"": 50, ""seat"": 0}, {""action"": ""check"", ""amount"": 0, ""seat"": 1}, {""action"": ""check"", ""amount"": 0, ""seat"": 1}, {""action"": ""raise"", ""amount"": 124, ""seat"": 0}, {""action"": ""fold"", ""amount"": 0, ""seat"": 1}]"
overfold_exploiter,2026060712,1,66,deployed_overfold_exploiter_s2026060712_o1_h0066,flop,flop_cbet_or_probe,overfold_exploiter,raise,124,324,7,8,324,-100,100,flop,324,False,9h Qs 4d,"[{""action"": ""small_blind"", ""amount"": 50, ""seat"": 0}, {""action"": ""big_blind"", ""amount"": 100, ""seat"": 1}, {""action"": ""call"", ""amount"": 50, ""seat"": 0}, {""action"": ""check"", ""amount"": 0, ""seat"": 1}, {""action"": ""check"", ""amount"": 0, ""seat"": 1}, {""action"": ""raise"", ""amount"": 124, ""seat"": 0}, {""action"": ""fold"", ""amount"": 0, ""seat"": 1}]"
overfold_exploiter,2026060712,1,70,deployed_overfold_exploiter_s2026060712_o1_h0070,turn,turn_probe,overfold_exploiter,raise,144,344,10,11,344,-100,100,turn,344,False,5d 2c 8c 5h,"[{""action"": ""small_blind"", ""amount"": 50, ""seat"": 0}, {""action"": ""big_blind"", ""amount"": 100, ""seat"": 1}, {""action"": ""call"", ""amount"": 50, ""seat"": 0}, {""action"": ""check"", ""amount"": 0, ""seat"": 1}, {""action"": ""check"", ""amount"": 0, ""seat"": 1}, {""action"": ""check"", ""amount"": 0, ""seat"": 0}, {""action"": ""check"", ""amount"": 0, ""seat"": 1}, {""action"": ""raise"", ""amount"": 144, ""seat"": 0}, {""action"": ""fold"", ""amount"": 0, ""seat"": 1}]"
overfold_exploiter,2026060712,1,76,deployed_overfold_exploiter_s2026060712_o1_h0076,flop,flop_cbet_or_probe,overfold_exploiter,raise,124,324,7,8,324,-100,100,flop,324,False,Qh Ah Kh,"[{""action"": ""small_blind"", ""amount"": 50, ""seat"": 0}, {""action"": ""big_blind"", ""amount"": 100, ""seat"": 1}, {""action"": ""call"", ""amount"": 50, ""seat"": 0}, {""action"": ""check"", ""amount"": 0, ""seat"": 1}, {""action"": ""check"", ""amount"": 0, ""seat"": 1}, {""action"": ""raise"", ""amount"": 124, ""seat"": 0}, {""action"": ""fold"", ""amount"": 0, ""seat"": 1}]"
overfold_exploiter,2026060712,1,90,deployed_overfold_exploiter_s2026060712_o1_h0090,flop,flop_cbet_or_probe,overfold_exploiter,raise,124,324,7,8,324,-100,100,flop,324,False,Jh Kd Ts,"[{""action"": ""small_blind"", ""amount"": 50, ""seat"": 0}, {""action"": ""big_blind"", ""amount"": 100, ""seat"": 1}, {""action"": ""call"", ""amount"": 50, ""seat"": 0}, {""action"": ""check"", ""amount"": 0, ""seat"": 1}, {""action"": ""check"", ""amount"": 0, ""seat"": 1}, {""action"": ""raise"", ""amount"": 124, ""seat"": 0}, {""action"": ""fold"", ""amount"": 0, ""seat"": 1}]"
overfold_exploiter,2026060712,1,104,deployed_overfold_exploiter_s2026060712_o1_h0104,flop,flop_cbet_or_probe,overfold_exploiter,raise,124,324,7,8,324,-100,100,flop,324,False,Js 6d Td,"[{""action"": ""small_blind"", ""amount"": 50, ""seat"": 0}, {""action"": ""big_blind"", ""amount"": 100, ""seat"": 1}, {""action"": ""call"", ""amount"": 50, ""seat"": 0}, {""action"": ""check"", ""amount"": 0, ""seat"": 1}, {""action"": ""check"", ""amount"": 0, ""seat"": 1}, {""action"": ""raise"", ""amount"": 124, ""seat"": 0}, {""action"": ""fold"", ""amount"": 0, ""seat"": 1}]"
overfold_exploiter,2026060712,1,106,deployed_overfold_exploiter_s2026060712_o1_h0106,flop,flop_cbet_or_probe,overfold_exploiter,raise,124,324,7,8,324,-100,100,flop,324,False,2s 2d 7h,"[{""action"": ""small_blind"", ""amount"": 50, ""seat"": 0}, {""action"": ""big_blind"", ""amount"": 100, ""seat"": 1}, {""action"": ""call"", ""amount"": 50, ""seat"": 0}, {""action"": ""check"", ""amount"": 0, ""seat"": 1}, {""action"": ""check"", ""amount"": 0, ""seat"": 1}, {""action"": ""raise"", ""amount"": 124, ""seat"": 0}, {""action"": ""fold"", ""amount"": 0, ""seat"": 1}]"
overfold_exploiter,2026060712,1,108,deployed_overfold_exploiter_s2026060712_o1_h0108,flop,flop_cbet_or_probe,overfold_exploiter,raise,124,324,7,8,324,-100,100,flop,324,False,Ks Qd Ts,"[{""action"": ""small_blind"", ""amount"": 50, ""seat"": 0}, {""action"": ""big_blind"", ""amount"": 100, ""seat"": 1}, {""action"": ""call"", ""amount"": 50, ""seat"": 0}, {""action"": ""check"", ""amount"": 0, ""seat"": 1}, {""action"": ""check"", ""amount"": 0, ""seat"": 1}, {""action"": ""raise"", ""amount"": 124, ""seat"": 0}, {""action"": ""fold"", ""amount"": 0, ""seat"": 1}]"
overfold_exploiter,2026060712,1,118,deployed_overfold_exploiter_s2026060712_o1_h0118,turn,turn_barrel,overfold_exploiter,raise,322,770,11,12,770,-224,224,turn,770,False,6s 6c 5c 4c,"[{""action"": ""small_blind"", ""amount"": 50, ""seat"": 0}, {""action"": ""big_blind"", ""amount"": 100, ""seat"": 1}, {""action"": ""call"", ""amount"": 50, ""seat"": 0}, {""action"": ""check"", ""amount"": 0, ""seat"": 1}, {""action"": ""check"", ""amount"": 0, ""seat"": 1}, {""action"": ""raise"", ""amount"": 124, ""seat"": 0}, {""action"": ""call"", ""amount"": 124, ""seat"": 1}, {""action"": ""check"", ""amount"": 0, ""seat"": 1}, {""action"": ""raise"", ""amount"": 322, ""seat"": 0}, {""action"": ""fold"", ""amount"": 0, ""seat"": 1}]"
overfold_exploiter,2026060712,1,124,deployed_overfold_exploiter_s2026060712_o1_h0124,flop,flop_cbet_or_probe,overfold_exploiter,raise,124,324,7,8,324,-100,100,flop,324,False,8h 5h 8s,"[{""action"": ""small_blind"", ""amount"": 50, ""seat"": 0}, {""action"": ""big_blind"", ""amount"": 100, ""seat"": 1}, {""action"": ""call"", ""amount"": 50, ""seat"": 0}, {""action"": ""check"", ""amount"": 0, ""seat"": 1}, {""action"": ""check"", ""amount"": 0, ""seat"": 1}, {""action"": ""raise"", ""amount"": 124, ""seat"": 0}, {""action"": ""fold"", ""amount"": 0, ""seat"": 1}]"
overfold_exploiter,2026060712,1,128,deployed_overfold_exploiter_s2026060712_o1_h0128,flop,flop_cbet_or_probe,overfold_exploiter,raise,124,324,7,8,324,-100,100,flop,324,False,Ah As 4s,"[{""action"": ""small_blind"", ""amount"": 50, ""seat"": 0}, {""action"": ""big_blind"", ""amount"": 100, ""seat"": 1}, {""action"": ""call"", ""amount"": 50, ""seat"": 0}, {""action"": ""check"", ""amount"": 0, ""seat"": 1}, {""action"": ""check"", ""amount"": 0, ""seat"": 1}, {""action"": ""raise"", ""amount"": 124, ""seat"": 0}, {""action"": ""fold"", ""amount"": 0, ""seat"": 1}]"
overfold_exploiter,2026060712,1,134,deployed_overfold_exploiter_s2026060712_o1_h0134,flop,flop_cbet_or_probe,overfold_exploiter,raise,124,324,7,8,324,-100,100,flop,324,False,As 8d Kc,"[{""action"": ""small_blind"", ""amount"": 50, ""seat"": 0}, {""action"": ""big_blind"", ""amount"": 100, ""seat"": 1}, {""action"": ""call"", ""amount"": 50, ""seat"": 0}, {""action"": ""check"", ""amount"": 0, ""seat"": 1}, {""action"": ""check"", ""amount"": 0, ""seat"": 1}, {""action"": ""raise"", ""amount"": 124, ""seat"": 0}, {""action"": ""fold"", ""amount"": 0, ""seat"": 1}]"
overfold_exploiter,2026060712,1,136,deployed_overfold_exploiter_s2026060712_o1_h0136,flop,flop_cbet_or_probe,overfold_exploiter,raise,124,324,7,8,324,-100,100,flop,324,False,3c Kd 8s,"[{""action"": ""small_blind"", ""amount"": 50, ""seat"": 0}, {""action"": ""big_blind"", ""amount"": 100, ""seat"": 1}, {""action"": ""call"", ""amount"": 50, ""seat"": 0}, {""action"": ""check"", ""amount"": 0, ""seat"": 1}, {""action"": ""check"", ""amount"": 0, ""seat"": 1}, {""action"": ""raise"", ""amount"": 124, ""seat"": 0}, {""action"": ""fold"", ""amount"": 0, ""seat"": 1}]"
overfold_exploiter,2026060712,1,140,deployed_overfold_exploiter_s2026060712_o1_h0140,flop,flop_cbet_or_probe,overfold_exploiter,raise,124,324,7,8,324,-100,100,flop,324,False,7c 6h 7h,"[{""action"": ""small_blind"", ""amount"": 50, ""seat"": 0}, {""action"": ""big_blind"", ""amount"": 100, ""seat"": 1}, {""action"": ""call"", ""amount"": 50, ""seat"": 0}, {""action"": ""check"", ""amount"": 0, ""seat"": 1}, {""action"": ""check"", ""amount"": 0, ""seat"": 1}, {""action"": ""raise"", ""amount"": 124, ""seat"": 0}, {""action"": ""fold"", ""amount"": 0, ""seat"": 1}]"
overfold_exploiter,2026060712,1,148,deployed_overfold_exploiter_s2026060712_o1_h0148,flop,flop_cbet_or_probe,overfold_exploiter,raise,124,324,7,8,324,-100,100,flop,324,False,Ah 2h Ts,"[{""action"": ""small_blind"", ""amount"": 50, ""seat"": 0}, {""action"": ""big_blind"", ""amount"": 100, ""seat"": 1}, {""action"": ""call"", ""amount"": 50, ""seat"": 0}, {""action"": ""check"", ""amount"": 0, ""seat"": 1}, {""action"": ""check"", ""amount"": 0, ""seat"": 1}, {""action"": ""raise"", ""amount"": 124, ""seat"": 0}, {""action"": ""fold"", ""amount"": 0, ""seat"": 1}]"
overfold_exploiter,2026060712,1,158,deployed_overfold_exploiter_s2026060712_o1_h0158,flop,flop_cbet_or_probe,overfold_exploiter,raise,124,324,7,8,324,-100,100,flop,324,False,Kh 6d 6h,"[{""action"": ""small_blind"", ""amount"": 50, ""seat"": 0}, {""action"": ""big_blind"", ""amount"": 100, ""seat"": 1}, {""action"": ""call"", ""amount"": 50, ""seat"": 0}, {""action"": ""check"", ""amount"": 0, ""seat"": 1}, {""action"": ""check"", ""amount"": 0, ""seat"": 1}, {""action"": ""raise"", ""amount"": 124, ""seat"": 0}, {""action"": ""fold"", ""amount"": 0, ""seat"": 1}]"
overfold_exploiter,2026060712,1,160,deployed_overfold_exploiter_s2026060712_o1_h0160,flop,flop_cbet_or_probe,overfold_exploiter,raise,124,324,7,8,324,-100,100,flop,324,False,Jh 5c 7d,"[{""action"": ""small_blind"", ""amount"": 50, ""seat"": 0}, {""action"": ""big_blind"", ""amount"": 100, ""seat"": 1}, {""action"": ""call"", ""amount"": 50, ""seat"": 0}, {""action"": ""check"", ""amount"": 0, ""seat"": 1}, {""action"": ""check"", ""amount"": 0, ""seat"": 1}, {""action"": ""raise"", ""amount"": 124, ""seat"": 0}, {""action"": ""fold"", ""amount"": 0, ""seat"": 1}]"
overfold_exploiter,2026060712,1,170,deployed_overfold_exploiter_s2026060712_o1_h0170,flop,flop_cbet_or_probe,overfold_exploiter,raise,124,324,7,8,324,-100,100,flop,324,False,3h 8c Jc,"[{""action"": ""small_blind"", ""amount"": 50, ""seat"": 0}, {""action"": ""big_blind"", ""amount"": 100, ""seat"": 1}, {""action"": ""call"", ""amount"": 50, ""seat"": 0}, {""action"": ""check"", ""amount"": 0, ""seat"": 1}, {""action"": ""check"", ""amount"": 0, ""seat"": 1}, {""action"": ""raise"", ""amount"": 124, ""seat"": 0}, {""action"": ""fold"", ""amount"": 0, ""seat"": 1}]"
overfold_exploiter,2026060712,1,172,deployed_overfold_exploiter_s2026060712_o1_h0172,flop,flop_cbet_or_probe,overfold_exploiter,raise,124,324,7,8,324,-100,100,flop,324,False,5h 3h As,"[{""action"": ""small_blind"", ""amount"": 50, ""seat"": 0}, {""action"": ""big_blind"", ""amount"": 100, ""seat"": 1}, {""action"": ""call"", ""amount"": 50, ""seat"": 0}, {""action"": ""check"", ""amount"": 0, ""seat"": 1}, {""action"": ""check"", ""amount"": 0, ""seat"": 1}, {""action"": ""raise"", ""amount"": 124, ""seat"": 0}, {""action"": ""fold"", ""amount"": 0, ""seat"": 1}]"
overfold_exploiter,2026060712,1,174,deployed_overfold_exploiter_s2026060712_o1_h0174,flop,flop_cbet_or_probe,overfold_exploiter,raise,124,324,7,8,324,-100,100,flop,324,False,8h 5c 3h,"[{""action"": ""small_blind"", ""amount"": 50, ""seat"": 0}, {""action"": ""big_blind"", ""amount"": 100, ""seat"": 1}, {""action"": ""call"", ""amount"": 50, ""seat"": 0}, {""action"": ""check"", ""amount"": 0, ""seat"": 1}, {""action"": ""check"", ""amount"": 0, ""seat"": 1}, {""action"": ""raise"", ""amount"": 124, ""seat"": 0}, {""action"": ""fold"", ""amount"": 0, ""seat"": 1}]"
overfold_exploiter,2026060712,1,176,deployed_overfold_exploiter_s2026060712_o1_h0176,flop,flop_cbet_or_probe,overfold_exploiter,raise,124,324,7,8,324,-100,100,flop,324,False,5d 4d Ts,"[{""action"": ""small_blind"", ""amount"": 50, ""seat"": 0}, {""action"": ""big_blind"", ""amount"": 100, ""seat"": 1}, {""action"": ""call"", ""amount"": 50, ""seat"": 0}, {""action"": ""check"", ""amount"": 0, ""seat"": 1}, {""action"": ""check"", ""amount"": 0, ""seat"": 1}, {""action"": ""raise"", ""amount"": 124, ""seat"": 0}, {""action"": ""fold"", ""amount"": 0, ""seat"": 1}]"
overfold_exploiter,2026060712,1,182,deployed_overfold_exploiter_s2026060712_o1_h0182,flop,flop_cbet_or_probe,overfold_exploiter,raise,124,324,7,8,324,-100,100,flop,324,False,4d 4c 5s,"[{""action"": ""small_blind"", ""amount"": 50, ""seat"": 0}, {""action"": ""big_blind"", ""amount"": 100, ""seat"": 1}, {""action"": ""call"", ""amount"": 50, ""seat"": 0}, {""action"": ""check"", ""amount"": 0, ""seat"": 1}, {""action"": ""check"", ""amount"": 0, ""seat"": 1}, {""action"": ""raise"", ""amount"": 124, ""seat"": 0}, {""action"": ""fold"", ""amount"": 0, ""seat"": 1}]"
overfold_exploiter,2026060712,1,194,deployed_overfold_exploiter_s2026060712_o1_h0194,flop,flop_cbet_or_probe,overfold_exploiter,raise,124,324,7,8,324,-100,100,flop,324,False,9d 2c 9c,"[{""action"": ""small_blind"", ""amount"": 50, ""seat"": 0}, {""action"": ""big_blind"", ""amount"": 100, ""seat"": 1}, {""action"": ""call"", ""amount"": 50, ""seat"": 0}, {""action"": ""check"", ""amount"": 0, ""seat"": 1}, {""action"": ""check"", ""amount"": 0, ""seat"": 1}, {""action"": ""raise"", ""amount"": 124, ""seat"": 0}, {""action"": ""fold"", ""amount"": 0, ""seat"": 1}]"
overfold_exploiter,2026060712,1,198,deployed_overfold_exploiter_s2026060712_o1_h0198,flop,flop_cbet_or_probe,overfold_exploiter,raise,124,324,7,8,324,-100,100,flop,324,False,5s Td 9c,"[{""action"": ""small_blind"", ""amount"": 50, ""seat"": 0}, {""action"": ""big_blind"", ""amount"": 100, ""seat"": 1}, {""action"": ""call"", ""amount"": 50, ""seat"": 0}, {""action"": ""check"", ""amount"": 0, ""seat"": 1}, {""action"": ""check"", ""amount"": 0, ""seat"": 1}, {""action"": ""raise"", ""amount"": 124, ""seat"": 0}, {""action"": ""fold"", ""amount"": 0, ""seat"": 1}]"
overfold_exploiter,2026060713,0,7,deployed_overfold_exploiter_s2026060713_o0_h0007,flop,flop_cbet_or_probe,overfold_exploiter,raise,124,324,7,8,324,-100,100,flop,324,False,3h 4c 9c,"[{""action"": ""small_blind"", ""amount"": 50, ""seat"": 1}, {""action"": ""big_blind"", ""amount"": 100, ""seat"": 0}, {""action"": ""call"", ""amount"": 50, ""seat"": 1}, {""action"": ""check"", ""amount"": 0, ""seat"": 0}, {""action"": ""check"", ""amount"": 0, ""seat"": 0}, {""action"": ""raise"", ""amount"": 124, ""seat"": 1}, {""action"": ""fold"", ""amount"": 0, ""seat"": 0}]"
overfold_exploiter,2026060713,0,17,deployed_overfold_exploiter_s2026060713_o0_h0017,flop,flop_cbet_or_probe,overfold_exploiter,raise,124,324,7,8,324,-100,100,flop,324,False,2c Js 4h,"[{""action"": ""small_blind"", ""amount"": 50, ""seat"": 1}, {""action"": ""big_blind"", ""amount"": 100, ""seat"": 0}, {""action"": ""call"", ""amount"": 50, ""seat"": 1}, {""action"": ""check"", ""amount"": 0, ""seat"": 0}, {""action"": ""check"", ""amount"": 0, ""seat"": 0}, {""action"": ""raise"", ""amount"": 124, ""seat"": 1}, {""action"": ""fold"", ""amount"": 0, ""seat"": 0}]"
overfold_exploiter,2026060713,0,21,deployed_overfold_exploiter_s2026060713_o0_h0021,flop,flop_cbet_or_probe,overfold_exploiter,raise,124,324,7,8,324,-100,100,flop,324,False,6d 6c 2d,"[{""action"": ""small_blind"", ""amount"": 50, ""seat"": 1}, {""action"": ""big_blind"", ""amount"": 100, ""seat"": 0}, {""action"": ""call"", ""amount"": 50, ""seat"": 1}, {""action"": ""check"", ""amount"": 0, ""seat"": 0}, {""action"": ""check"", ""amount"": 0, ""seat"": 0}, {""action"": ""raise"", ""amount"": 124, ""seat"": 1}, {""action"": ""fold"", ""amount"": 0, ""seat"": 0}]"
overfold_exploiter,2026060713,0,31,deployed_overfold_exploiter_s2026060713_o0_h0031,flop,flop_cbet_or_probe,overfold_exploiter,raise,124,324,7,8,324,-100,100,flop,324,False,7h 2s Qh,"[{""action"": ""small_blind"", ""amount"": 50, ""seat"": 1}, {""action"": ""big_blind"", ""amount"": 100, ""seat"": 0}, {""action"": ""call"", ""amount"": 50, ""seat"": 1}, {""action"": ""check"", ""amount"": 0, ""seat"": 0}, {""action"": ""check"", ""amount"": 0, ""seat"": 0}, {""action"": ""raise"", ""amount"": 124, ""seat"": 1}, {""action"": ""fold"", ""amount"": 0, ""seat"": 0}]"
overfold_exploiter,2026060713,0,35,deployed_overfold_exploiter_s2026060713_o0_h0035,flop,flop_cbet_or_probe,overfold_exploiter,raise,124,324,7,8,324,-100,100,flop,324,False,Th Qc 8d,"[{""action"": ""small_blind"", ""amount"": 50, ""seat"": 1}, {""action"": ""big_blind"", ""amount"": 100, ""seat"": 0}, {""action"": ""call"", ""amount"": 50, ""seat"": 1}, {""action"": ""check"", ""amount"": 0, ""seat"": 0}, {""action"": ""check"", ""amount"": 0, ""seat"": 0}, {""action"": ""raise"", ""amount"": 124, ""seat"": 1}, {""action"": ""fold"", ""amount"": 0, ""seat"": 0}]"
overfold_exploiter,2026060713,0,51,deployed_overfold_exploiter_s2026060713_o0_h0051,flop,flop_cbet_or_probe,overfold_exploiter,raise,124,324,7,8,324,-100,100,flop,324,False,Kd Qc 3d,"[{""action"": ""small_blind"", ""amount"": 50, ""seat"": 1}, {""action"": ""big_blind"", ""amount"": 100, ""seat"": 0}, {""action"": ""call"", ""amount"": 50, ""seat"": 1}, {""action"": ""check"", ""amount"": 0, ""seat"": 0}, {""action"": ""check"", ""amount"": 0, ""seat"": 0}, {""action"": ""raise"", ""amount"": 124, ""seat"": 1}, {""action"": ""fold"", ""amount"": 0, ""seat"": 0}]"
overfold_exploiter,2026060713,0,57,deployed_overfold_exploiter_s2026060713_o0_h0057,flop,flop_cbet_or_probe,overfold_exploiter,raise,124,324,7,8,324,-100,100,flop,324,False,Qs 3c Ks,"[{""action"": ""small_blind"", ""amount"": 50, ""seat"": 1}, {""action"": ""big_blind"", ""amount"": 100, ""seat"": 0}, {""action"": ""call"", ""amount"": 50, ""seat"": 1}, {""action"": ""check"", ""amount"": 0, ""seat"": 0}, {""action"": ""check"", ""amount"": 0, ""seat"": 0}, {""action"": ""raise"", ""amount"": 124, ""seat"": 1}, {""action"": ""fold"", ""amount"": 0, ""seat"": 0}]"
overfold_exploiter,2026060713,0,77,deployed_overfold_exploiter_s2026060713_o0_h0077,flop,flop_cbet_or_probe,overfold_exploiter,raise,124,324,7,8,324,-100,100,flop,324,False,9d Ks Ad,"[{""action"": ""small_blind"", ""amount"": 50, ""seat"": 1}, {""action"": ""big_blind"", ""amount"": 100, ""seat"": 0}, {""action"": ""call"", ""amount"": 50, ""seat"": 1}, {""action"": ""check"", ""amount"": 0, ""seat"": 0}, {""action"": ""check"", ""amount"": 0, ""seat"": 0}, {""action"": ""raise"", ""amount"": 124, ""seat"": 1}, {""action"": ""fold"", ""amount"": 0, ""seat"": 0}]"
overfold_exploiter,2026060713,0,81,deployed_overfold_exploiter_s2026060713_o0_h0081,turn,turn_probe,overfold_exploiter,raise,144,344,10,11,344,-100,100,turn,344,False,4c 3c Td 3s,"[{""action"": ""small_blind"", ""amount"": 50, ""seat"": 1}, {""action"": ""big_blind"", ""amount"": 100, ""seat"": 0}, {""action"": ""call"", ""amount"": 50, ""seat"": 1}, {""action"": ""check"", ""amount"": 0, ""seat"": 0}, {""action"": ""check"", ""amount"": 0, ""seat"": 0}, {""action"": ""check"", ""amount"": 0, ""seat"": 1}, {""action"": ""check"", ""amount"": 0, ""seat"": 0}, {""action"": ""raise"", ""amount"": 144, ""seat"": 1}, {""action"": ""fold"", ""amount"": 0, ""seat"": 0}]"
overfold_exploiter,2026060713,0,85,deployed_overfold_exploiter_s2026060713_o0_h0085,flop,flop_cbet_or_probe,overfold_exploiter,raise,124,324,7,8,324,-100,100,flop,324,False,Js Ac Jd,"[{""action"": ""small_blind"", ""amount"": 50, ""seat"": 1}, {""action"": ""big_blind"", ""amount"": 100, ""seat"": 0}, {""action"": ""call"", ""amount"": 50, ""seat"": 1}, {""action"": ""check"", ""amount"": 0, ""seat"": 0}, {""action"": ""check"", ""amount"": 0, ""seat"": 0}, {""action"": ""raise"", ""amount"": 124, ""seat"": 1}, {""action"": ""fold"", ""amount"": 0, ""seat"": 0}]"
overfold_exploiter,2026060713,0,95,deployed_overfold_exploiter_s2026060713_o0_h0095,turn,turn_probe,overfold_exploiter,raise,144,344,10,11,344,-100,100,turn,344,False,Qd 5h 3h Kh,"[{""action"": ""small_blind"", ""amount"": 50, ""seat"": 1}, {""action"": ""big_blind"", ""amount"": 100, ""seat"": 0}, {""action"": ""call"", ""amount"": 50, ""seat"": 1}, {""action"": ""check"", ""amount"": 0, ""seat"": 0}, {""action"": ""check"", ""amount"": 0, ""seat"": 0}, {""action"": ""check"", ""amount"": 0, ""seat"": 1}, {""action"": ""check"", ""amount"": 0, ""seat"": 0}, {""action"": ""raise"", ""amount"": 144, ""seat"": 1}, {""action"": ""fold"", ""amount"": 0, ""seat"": 0}]"
overfold_exploiter,2026060713,0,105,deployed_overfold_exploiter_s2026060713_o0_h0105,flop,flop_cbet_or_probe,overfold_exploiter,raise,124,324,7,8,324,-100,100,flop,324,False,4d Kc 9d,"[{""action"": ""small_blind"", ""amount"": 50, ""seat"": 1}, {""action"": ""big_blind"", ""amount"": 100, ""seat"": 0}, {""action"": ""call"", ""amount"": 50, ""seat"": 1}, {""action"": ""check"", ""amount"": 0, ""seat"": 0}, {""action"": ""check"", ""amount"": 0, ""seat"": 0}, {""action"": ""raise"", ""amount"": 124, ""seat"": 1}, {""action"": ""fold"", ""amount"": 0, ""seat"": 0}]"
overfold_exploiter,2026060713,0,109,deployed_overfold_exploiter_s2026060713_o0_h0109,flop,flop_cbet_or_probe,overfold_exploiter,raise,124,324,7,8,324,-100,100,flop,324,False,Ad 9d 3h,"[{""action"": ""small_blind"", ""amount"": 50, ""seat"": 1}, {""action"": ""big_blind"", ""amount"": 100, ""seat"": 0}, {""action"": ""call"", ""amount"": 50, ""seat"": 1}, {""action"": ""check"", ""amount"": 0, ""seat"": 0}, {""action"": ""check"", ""amount"": 0, ""seat"": 0}, {""action"": ""raise"", ""amount"": 124, ""seat"": 1}, {""action"": ""fold"", ""amount"": 0, ""seat"": 0}]"
overfold_exploiter,2026060713,0,141,deployed_overfold_exploiter_s2026060713_o0_h0141,flop,flop_cbet_or_probe,overfold_exploiter,raise,124,324,7,8,324,-100,100,flop,324,False,Kd Td 4c,"[{""action"": ""small_blind"", ""amount"": 50, ""seat"": 1}, {""action"": ""big_blind"", ""amount"": 100, ""seat"": 0}, {""action"": ""call"", ""amount"": 50, ""seat"": 1}, {""action"": ""check"", ""amount"": 0, ""seat"": 0}, {""action"": ""check"", ""amount"": 0, ""seat"": 0}, {""action"": ""raise"", ""amount"": 124, ""seat"": 1}, {""action"": ""fold"", ""amount"": 0, ""seat"": 0}]"
overfold_exploiter,2026060713,0,149,deployed_overfold_exploiter_s2026060713_o0_h0149,flop,flop_cbet_or_probe,overfold_exploiter,raise,124,324,7,8,324,-100,100,flop,324,False,Ts 3s Jc,"[{""action"": ""small_blind"", ""amount"": 50, ""seat"": 1}, {""action"": ""big_blind"", ""amount"": 100, ""seat"": 0}, {""action"": ""call"", ""amount"": 50, ""seat"": 1}, {""action"": ""check"", ""amount"": 0, ""seat"": 0}, {""action"": ""check"", ""amount"": 0, ""seat"": 0}, {""action"": ""raise"", ""amount"": 124, ""seat"": 1}, {""action"": ""fold"", ""amount"": 0, ""seat"": 0}]"
overfold_exploiter,2026060713,0,163,deployed_overfold_exploiter_s2026060713_o0_h0163,flop,flop_cbet_or_probe,overfold_exploiter,raise,124,324,7,8,324,-100,100,flop,324,False,5h 2h 9h,"[{""action"": ""small_blind"", ""amount"": 50, ""seat"": 1}, {""action"": ""big_blind"", ""amount"": 100, ""seat"": 0}, {""action"": ""call"", ""amount"": 50, ""seat"": 1}, {""action"": ""check"", ""amount"": 0, ""seat"": 0}, {""action"": ""check"", ""amount"": 0, ""seat"": 0}, {""action"": ""raise"", ""amount"": 124, ""seat"": 1}, {""action"": ""fold"", ""amount"": 0, ""seat"": 0}]"
overfold_exploiter,2026060713,0,165,deployed_overfold_exploiter_s2026060713_o0_h0165,turn,turn_probe,overfold_exploiter,raise,144,344,10,11,344,-100,100,turn,344,False,Jh 7h 9d Qc,"[{""action"": ""small_blind"", ""amount"": 50, ""seat"": 1}, {""action"": ""big_blind"", ""amount"": 100, ""seat"": 0}, {""action"": ""call"", ""amount"": 50, ""seat"": 1}, {""action"": ""check"", ""amount"": 0, ""seat"": 0}, {""action"": ""check"", ""amount"": 0, ""seat"": 0}, {""action"": ""check"", ""amount"": 0, ""seat"": 1}, {""action"": ""check"", ""amount"": 0, ""seat"": 0}, {""action"": ""raise"", ""amount"": 144, ""seat"": 1}, {""action"": ""fold"", ""amount"": 0, ""seat"": 0}]"
overfold_exploiter,2026060713,0,173,deployed_overfold_exploiter_s2026060713_o0_h0173,flop,flop_cbet_or_probe,overfold_exploiter,raise,124,324,7,8,324,-100,100,flop,324,False,Tc 6s 5d,"[{""action"": ""small_blind"", ""amount"": 50, ""seat"": 1}, {""action"": ""big_blind"", ""amount"": 100, ""seat"": 0}, {""action"": ""call"", ""amount"": 50, ""seat"": 1}, {""action"": ""check"", ""amount"": 0, ""seat"": 0}, {""action"": ""check"", ""amount"": 0, ""seat"": 0}, {""action"": ""raise"", ""amount"": 124, ""seat"": 1}, {""action"": ""fold"", ""amount"": 0, ""seat"": 0}]"
overfold_exploiter,2026060713,0,177,deployed_overfold_exploiter_s2026060713_o0_h0177,turn,turn_probe,overfold_exploiter,raise,144,344,10,11,344,-100,100,turn,344,False,Ah Jd 3d 6h,"[{""action"": ""small_blind"", ""amount"": 50, ""seat"": 1}, {""action"": ""big_blind"", ""amount"": 100, ""seat"": 0}, {""action"": ""call"", ""amount"": 50, ""seat"": 1}, {""action"": ""check"", ""amount"": 0, ""seat"": 0}, {""action"": ""check"", ""amount"": 0, ""seat"": 0}, {""action"": ""check"", ""amount"": 0, ""seat"": 1}, {""action"": ""check"", ""amount"": 0, ""seat"": 0}, {""action"": ""raise"", ""amount"": 144, ""seat"": 1}, {""action"": ""fold"", ""amount"": 0, ""seat"": 0}]"
overfold_exploiter,2026060713,1,10,deployed_overfold_exploiter_s2026060713_o1_h0010,flop,flop_cbet_or_probe,overfold_exploiter,raise,124,324,7,8,324,-100,100,flop,324,False,Tc 7s 4c,"[{""action"": ""small_blind"", ""amount"": 50, ""seat"": 0}, {""action"": ""big_blind"", ""amount"": 100, ""seat"": 1}, {""action"": ""call"", ""amount"": 50, ""seat"": 0}, {""action"": ""check"", ""amount"": 0, ""seat"": 1}, {""action"": ""check"", ""amount"": 0, ""seat"": 1}, {""action"": ""raise"", ""amount"": 124, ""seat"": 0}, {""action"": ""fold"", ""amount"": 0, ""seat"": 1}]"
overfold_exploiter,2026060713,1,12,deployed_overfold_exploiter_s2026060713_o1_h0012,flop,flop_cbet_or_probe,overfold_exploiter,raise,124,324,7,8,324,-100,100,flop,324,False,9h 8c 9c,"[{""action"": ""small_blind"", ""amount"": 50, ""seat"": 0}, {""action"": ""big_blind"", ""amount"": 100, ""seat"": 1}, {""action"": ""call"", ""amount"": 50, ""seat"": 0}, {""action"": ""check"", ""amount"": 0, ""seat"": 1}, {""action"": ""check"", ""amount"": 0, ""seat"": 1}, {""action"": ""raise"", ""amount"": 124, ""seat"": 0}, {""action"": ""fold"", ""amount"": 0, ""seat"": 1}]"
overfold_exploiter,2026060713,1,28,deployed_overfold_exploiter_s2026060713_o1_h0028,flop,flop_cbet_or_probe,overfold_exploiter,raise,124,324,7,8,324,-100,100,flop,324,False,8d 4s 6d,"[{""action"": ""small_blind"", ""amount"": 50, ""seat"": 0}, {""action"": ""big_blind"", ""amount"": 100, ""seat"": 1}, {""action"": ""call"", ""amount"": 50, ""seat"": 0}, {""action"": ""check"", ""amount"": 0, ""seat"": 1}, {""action"": ""check"", ""amount"": 0, ""seat"": 1}, {""action"": ""raise"", ""amount"": 124, ""seat"": 0}, {""action"": ""fold"", ""amount"": 0, ""seat"": 1}]"
overfold_exploiter,2026060713,1,30,deployed_overfold_exploiter_s2026060713_o1_h0030,flop,flop_cbet_or_probe,overfold_exploiter,raise,124,324,7,8,324,-100,100,flop,324,False,9d 6c 5h,"[{""action"": ""small_blind"", ""amount"": 50, ""seat"": 0}, {""action"": ""big_blind"", ""amount"": 100, ""seat"": 1}, {""action"": ""call"", ""amount"": 50, ""seat"": 0}, {""action"": ""check"", ""amount"": 0, ""seat"": 1}, {""action"": ""check"", ""amount"": 0, ""seat"": 1}, {""action"": ""raise"", ""amount"": 124, ""seat"": 0}, {""action"": ""fold"", ""amount"": 0, ""seat"": 1}]"
overfold_exploiter,2026060713,1,42,deployed_overfold_exploiter_s2026060713_o1_h0042,flop,flop_cbet_or_probe,overfold_exploiter,raise,124,324,7,8,324,-100,100,flop,324,False,Ts Jh Js,"[{""action"": ""small_blind"", ""amount"": 50, ""seat"": 0}, {""action"": ""big_blind"", ""amount"": 100, ""seat"": 1}, {""action"": ""call"", ""amount"": 50, ""seat"": 0}, {""action"": ""check"", ""amount"": 0, ""seat"": 1}, {""action"": ""check"", ""amount"": 0, ""seat"": 1}, {""action"": ""raise"", ""amount"": 124, ""seat"": 0}, {""action"": ""fold"", ""amount"": 0, ""seat"": 1}]"
overfold_exploiter,2026060713,1,46,deployed_overfold_exploiter_s2026060713_o1_h0046,flop,flop_cbet_or_probe,overfold_exploiter,raise,124,324,7,8,324,-100,100,flop,324,False,Ac 8s 3c,"[{""action"": ""small_blind"", ""amount"": 50, ""seat"": 0}, {""action"": ""big_blind"", ""amount"": 100, ""seat"": 1}, {""action"": ""call"", ""amount"": 50, ""seat"": 0}, {""action"": ""check"", ""amount"": 0, ""seat"": 1}, {""action"": ""check"", ""amount"": 0, ""seat"": 1}, {""action"": ""raise"", ""amount"": 124, ""seat"": 0}, {""action"": ""fold"", ""amount"": 0, ""seat"": 1}]"
overfold_exploiter,2026060713,1,48,deployed_overfold_exploiter_s2026060713_o1_h0048,flop,flop_cbet_or_probe,overfold_exploiter,raise,124,324,7,8,324,-100,100,flop,324,False,3c 3h Kc,"[{""action"": ""small_blind"", ""amount"": 50, ""seat"": 0}, {""action"": ""big_blind"", ""amount"": 100, ""seat"": 1}, {""action"": ""call"", ""amount"": 50, ""seat"": 0}, {""action"": ""check"", ""amount"": 0, ""seat"": 1}, {""action"": ""check"", ""amount"": 0, ""seat"": 1}, {""action"": ""raise"", ""amount"": 124, ""seat"": 0}, {""action"": ""fold"", ""amount"": 0, ""seat"": 1}]"
overfold_exploiter,2026060713,1,66,deployed_overfold_exploiter_s2026060713_o1_h0066,flop,flop_cbet_or_probe,overfold_exploiter,raise,124,324,7,8,324,-100,100,flop,324,False,Th Tc Td,"[{""action"": ""small_blind"", ""amount"": 50, ""seat"": 0}, {""action"": ""big_blind"", ""amount"": 100, ""seat"": 1}, {""action"": ""call"", ""amount"": 50, ""seat"": 0}, {""action"": ""check"", ""amount"": 0, ""seat"": 1}, {""action"": ""check"", ""amount"": 0, ""seat"": 1}, {""action"": ""raise"", ""amount"": 124, ""seat"": 0}, {""action"": ""fold"", ""amount"": 0, ""seat"": 1}]"
overfold_exploiter,2026060713,1,100,deployed_overfold_exploiter_s2026060713_o1_h0100,flop,flop_cbet_or_probe,overfold_exploiter,raise,124,324,7,8,324,-100,100,flop,324,False,Td 9s 8h,"[{""action"": ""small_blind"", ""amount"": 50, ""seat"": 0}, {""action"": ""big_blind"", ""amount"": 100, ""seat"": 1}, {""action"": ""call"", ""amount"": 50, ""seat"": 0}, {""action"": ""check"", ""amount"": 0, ""seat"": 1}, {""action"": ""check"", ""amount"": 0, ""seat"": 1}, {""action"": ""raise"", ""amount"": 124, ""seat"": 0}, {""action"": ""fold"", ""amount"": 0, ""seat"": 1}]"
overfold_exploiter,2026060713,1,144,deployed_overfold_exploiter_s2026060713_o1_h0144,flop,flop_cbet_or_probe,overfold_exploiter,raise,124,324,7,8,324,-100,100,flop,324,False,6h Jh 6s,"[{""action"": ""small_blind"", ""amount"": 50, ""seat"": 0}, {""action"": ""big_blind"", ""amount"": 100, ""seat"": 1}, {""action"": ""call"", ""amount"": 50, ""seat"": 0}, {""action"": ""check"", ""amount"": 0, ""seat"": 1}, {""action"": ""check"", ""amount"": 0, ""seat"": 1}, {""action"": ""raise"", ""amount"": 124, ""seat"": 0}, {""action"": ""fold"", ""amount"": 0, ""seat"": 1}]"
overfold_exploiter,2026060713,1,154,deployed_overfold_exploiter_s2026060713_o1_h0154,flop,flop_cbet_or_probe,overfold_exploiter,raise,124,324,7,8,324,-100,100,flop,324,False,9h Ts 2h,"[{""action"": ""small_blind"", ""amount"": 50, ""seat"": 0}, {""action"": ""big_blind"", ""amount"": 100, ""seat"": 1}, {""action"": ""call"", ""amount"": 50, ""seat"": 0}, {""action"": ""check"", ""amount"": 0, ""seat"": 1}, {""action"": ""check"", ""amount"": 0, ""seat"": 1}, {""action"": ""raise"", ""amount"": 124, ""seat"": 0}, {""action"": ""fold"", ""amount"": 0, ""seat"": 1}]"
overfold_exploiter,2026060713,1,170,deployed_overfold_exploiter_s2026060713_o1_h0170,turn,turn_barrel,overfold_exploiter,raise,322,770,11,12,770,-224,224,turn,770,False,5c 2c Ac Ks,"[{""action"": ""small_blind"", ""amount"": 50, ""seat"": 0}, {""action"": ""big_blind"", ""amount"": 100, ""seat"": 1}, {""action"": ""call"", ""amount"": 50, ""seat"": 0}, {""action"": ""check"", ""amount"": 0, ""seat"": 1}, {""action"": ""check"", ""amount"": 0, ""seat"": 1}, {""action"": ""raise"", ""amount"": 124, ""seat"": 0}, {""action"": ""call"", ""amount"": 124, ""seat"": 1}, {""action"": ""check"", ""amount"": 0, ""seat"": 1}, {""action"": ""raise"", ""amount"": 322, ""seat"": 0}, {""action"": ""fold"", ""amount"": 0, ""seat"": 1}]"
overfold_exploiter,2026060713,1,172,deployed_overfold_exploiter_s2026060713_o1_h0172,flop,flop_cbet_or_probe,overfold_exploiter,raise,124,324,7,8,324,-100,100,flop,324,False,8c 7c 8d,"[{""action"": ""small_blind"", ""amount"": 50, ""seat"": 0}, {""action"": ""big_blind"", ""amount"": 100, ""seat"": 1}, {""action"": ""call"", ""amount"": 50, ""seat"": 0}, {""action"": ""check"", ""amount"": 0, ""seat"": 1}, {""action"": ""check"", ""amount"": 0, ""seat"": 1}, {""action"": ""raise"", ""amount"": 124, ""seat"": 0}, {""action"": ""fold"", ""amount"": 0, ""seat"": 1}]"
overfold_exploiter,2026060713,1,176,deployed_overfold_exploiter_s2026060713_o1_h0176,flop,flop_cbet_or_probe,overfold_exploiter,raise,124,324,7,8,324,-100,100,flop,324,False,6d 7s Ah,"[{""action"": ""small_blind"", ""amount"": 50, ""seat"": 0}, {""action"": ""big_blind"", ""amount"": 100, ""seat"": 1}, {""action"": ""call"", ""amount"": 50, ""seat"": 0}, {""action"": ""check"", ""amount"": 0, ""seat"": 1}, {""action"": ""check"", ""amount"": 0, ""seat"": 1}, {""action"": ""raise"", ""amount"": 124, ""seat"": 0}, {""action"": ""fold"", ""amount"": 0, ""seat"": 1}]"
overfold_exploiter,2026060713,1,192,deployed_overfold_exploiter_s2026060713_o1_h0192,flop,flop_cbet_or_probe,overfold_exploiter,raise,124,324,7,8,324,-100,100,flop,324,False,9c 2d 9d,"[{""action"": ""small_blind"", ""amount"": 50, ""seat"": 0}, {""action"": ""big_blind"", ""amount"": 100, ""seat"": 1}, {""action"": ""call"", ""amount"": 50, ""seat"": 0}, {""action"": ""check"", ""amount"": 0, ""seat"": 1}, {""action"": ""check"", ""amount"": 0, ""seat"": 1}, {""action"": ""raise"", ""amount"": 124, ""seat"": 0}, {""action"": ""fold"", ""amount"": 0, ""seat"": 1}]"
overfold_exploiter,2026060713,1,196,deployed_overfold_exploiter_s2026060713_o1_h0196,flop,flop_cbet_or_probe,overfold_exploiter,raise,124,324,7,8,324,-100,100,flop,324,False,9h Jh 6c,"[{""action"": ""small_blind"", ""amount"": 50, ""seat"": 0}, {""action"": ""big_blind"", ""amount"": 100, ""seat"": 1}, {""action"": ""call"", ""amount"": 50, ""seat"": 0}, {""action"": ""check"", ""amount"": 0, ""seat"": 1}, {""action"": ""check"", ""amount"": 0, ""seat"": 1}, {""action"": ""raise"", ""amount"": 124, ""seat"": 0}, {""action"": ""fold"", ""amount"": 0, ""seat"": 1}]"
overfold_exploiter,2026060714,0,15,deployed_overfold_exploiter_s2026060714_o0_h0015,flop,flop_cbet_or_probe,overfold_exploiter,raise,124,324,7,8,324,-100,100,flop,324,False,Jd Jh 2s,"[{""action"": ""small_blind"", ""amount"": 50, ""seat"": 1}, {""action"": ""big_blind"", ""amount"": 100, ""seat"": 0}, {""action"": ""call"", ""amount"": 50, ""seat"": 1}, {""action"": ""check"", ""amount"": 0, ""seat"": 0}, {""action"": ""check"", ""amount"": 0, ""seat"": 0}, {""action"": ""raise"", ""amount"": 124, ""seat"": 1}, {""action"": ""fold"", ""amount"": 0, ""seat"": 0}]"
overfold_exploiter,2026060714,0,19,deployed_overfold_exploiter_s2026060714_o0_h0019,flop,flop_cbet_or_probe,overfold_exploiter,raise,124,324,7,8,324,-100,100,flop,324,False,6h 2s Ks,"[{""action"": ""small_blind"", ""amount"": 50, ""seat"": 1}, {""action"": ""big_blind"", ""amount"": 100, ""seat"": 0}, {""action"": ""call"", ""amount"": 50, ""seat"": 1}, {""action"": ""check"", ""amount"": 0, ""seat"": 0}, {""action"": ""check"", ""amount"": 0, ""seat"": 0}, {""action"": ""raise"", ""amount"": 124, ""seat"": 1}, {""action"": ""fold"", ""amount"": 0, ""seat"": 0}]"
overfold_exploiter,2026060714,0,33,deployed_overfold_exploiter_s2026060714_o0_h0033,flop,flop_cbet_or_probe,overfold_exploiter,raise,124,324,7,8,324,-100,100,flop,324,False,Tc Ah Kc,"[{""action"": ""small_blind"", ""amount"": 50, ""seat"": 1}, {""action"": ""big_blind"", ""amount"": 100, ""seat"": 0}, {""action"": ""call"", ""amount"": 50, ""seat"": 1}, {""action"": ""check"", ""amount"": 0, ""seat"": 0}, {""action"": ""check"", ""amount"": 0, ""seat"": 0}, {""action"": ""raise"", ""amount"": 124, ""seat"": 1}, {""action"": ""fold"", ""amount"": 0, ""seat"": 0}]"
overfold_exploiter,2026060714,0,37,deployed_overfold_exploiter_s2026060714_o0_h0037,flop,flop_cbet_or_probe,overfold_exploiter,raise,124,324,7,8,324,-100,100,flop,324,False,6h 9s Ah,"[{""action"": ""small_blind"", ""amount"": 50, ""seat"": 1}, {""action"": ""big_blind"", ""amount"": 100, ""seat"": 0}, {""action"": ""call"", ""amount"": 50, ""seat"": 1}, {""action"": ""check"", ""amount"": 0, ""seat"": 0}, {""action"": ""check"", ""amount"": 0, ""seat"": 0}, {""action"": ""raise"", ""amount"": 124, ""seat"": 1}, {""action"": ""fold"", ""amount"": 0, ""seat"": 0}]"
overfold_exploiter,2026060714,0,41,deployed_overfold_exploiter_s2026060714_o0_h0041,flop,flop_cbet_or_probe,overfold_exploiter,raise,124,324,7,8,324,-100,100,flop,324,False,8h 3s 4h,"[{""action"": ""small_blind"", ""amount"": 50, ""seat"": 1}, {""action"": ""big_blind"", ""amount"": 100, ""seat"": 0}, {""action"": ""call"", ""amount"": 50, ""seat"": 1}, {""action"": ""check"", ""amount"": 0, ""seat"": 0}, {""action"": ""check"", ""amount"": 0, ""seat"": 0}, {""action"": ""raise"", ""amount"": 124, ""seat"": 1}, {""action"": ""fold"", ""amount"": 0, ""seat"": 0}]"
overfold_exploiter,2026060714,0,53,deployed_overfold_exploiter_s2026060714_o0_h0053,flop,flop_cbet_or_probe,overfold_exploiter,raise,124,324,7,8,324,-100,100,flop,324,False,Jh 3c Jc,"[{""action"": ""small_blind"", ""amount"": 50, ""seat"": 1}, {""action"": ""big_blind"", ""amount"": 100, ""seat"": 0}, {""action"": ""call"", ""amount"": 50, ""seat"": 1}, {""action"": ""check"", ""amount"": 0, ""seat"": 0}, {""action"": ""check"", ""amount"": 0, ""seat"": 0}, {""action"": ""raise"", ""amount"": 124, ""seat"": 1}, {""action"": ""fold"", ""amount"": 0, ""seat"": 0}]"
overfold_exploiter,2026060714,0,55,deployed_overfold_exploiter_s2026060714_o0_h0055,flop,flop_cbet_or_probe,overfold_exploiter,raise,124,324,7,8,324,-100,100,flop,324,False,8d 4s Ks,"[{""action"": ""small_blind"", ""amount"": 50, ""seat"": 1}, {""action"": ""big_blind"", ""amount"": 100, ""seat"": 0}, {""action"": ""call"", ""amount"": 50, ""seat"": 1}, {""action"": ""check"", ""amount"": 0, ""seat"": 0}, {""action"": ""check"", ""amount"": 0, ""seat"": 0}, {""action"": ""raise"", ""amount"": 124, ""seat"": 1}, {""action"": ""fold"", ""amount"": 0, ""seat"": 0}]"
overfold_exploiter,2026060714,0,57,deployed_overfold_exploiter_s2026060714_o0_h0057,flop,flop_cbet_or_probe,overfold_exploiter,raise,124,324,7,8,324,-100,100,flop,324,False,9s 4s Ks,"[{""action"": ""small_blind"", ""amount"": 50, ""seat"": 1}, {""action"": ""big_blind"", ""amount"": 100, ""seat"": 0}, {""action"": ""call"", ""amount"": 50, ""seat"": 1}, {""action"": ""check"", ""amount"": 0, ""seat"": 0}, {""action"": ""check"", ""amount"": 0, ""seat"": 0}, {""action"": ""raise"", ""amount"": 124, ""seat"": 1}, {""action"": ""fold"", ""amount"": 0, ""seat"": 0}]"
overfold_exploiter,2026060714,0,61,deployed_overfold_exploiter_s2026060714_o0_h0061,flop,flop_cbet_or_probe,overfold_exploiter,raise,124,324,7,8,324,-100,100,flop,324,False,7c Qs Th,"[{""action"": ""small_blind"", ""amount"": 50, ""seat"": 1}, {""action"": ""big_blind"", ""amount"": 100, ""seat"": 0}, {""action"": ""call"", ""amount"": 50, ""seat"": 1}, {""action"": ""check"", ""amount"": 0, ""seat"": 0}, {""action"": ""check"", ""amount"": 0, ""seat"": 0}, {""action"": ""raise"", ""amount"": 124, ""seat"": 1}, {""action"": ""fold"", ""amount"": 0, ""seat"": 0}]"
overfold_exploiter,2026060714,0,71,deployed_overfold_exploiter_s2026060714_o0_h0071,flop,flop_cbet_or_probe,overfold_exploiter,raise,124,324,7,8,324,-100,100,flop,324,False,Jc As 8c,"[{""action"": ""small_blind"", ""amount"": 50, ""seat"": 1}, {""action"": ""big_blind"", ""amount"": 100, ""seat"": 0}, {""action"": ""call"", ""amount"": 50, ""seat"": 1}, {""action"": ""check"", ""amount"": 0, ""seat"": 0}, {""action"": ""check"", ""amount"": 0, ""seat"": 0}, {""action"": ""raise"", ""amount"": 124, ""seat"": 1}, {""action"": ""fold"", ""amount"": 0, ""seat"": 0}]"
overfold_exploiter,2026060714,0,87,deployed_overfold_exploiter_s2026060714_o0_h0087,flop,flop_cbet_or_probe,overfold_exploiter,raise,124,324,7,8,324,-100,100,flop,324,False,Kc Td 4c,"[{""action"": ""small_blind"", ""amount"": 50, ""seat"": 1}, {""action"": ""big_blind"", ""amount"": 100, ""seat"": 0}, {""action"": ""call"", ""amount"": 50, ""seat"": 1}, {""action"": ""check"", ""amount"": 0, ""seat"": 0}, {""action"": ""check"", ""amount"": 0, ""seat"": 0}, {""action"": ""raise"", ""amount"": 124, ""seat"": 1}, {""action"": ""fold"", ""amount"": 0, ""seat"": 0}]"
overfold_exploiter,2026060714,0,93,deployed_overfold_exploiter_s2026060714_o0_h0093,flop,flop_cbet_or_probe,overfold_exploiter,raise,124,324,7,8,324,-100,100,flop,324,False,4d 8c 8h,"[{""action"": ""small_blind"", ""amount"": 50, ""seat"": 1}, {""action"": ""big_blind"", ""amount"": 100, ""seat"": 0}, {""action"": ""call"", ""amount"": 50, ""seat"": 1}, {""action"": ""check"", ""amount"": 0, ""seat"": 0}, {""action"": ""check"", ""amount"": 0, ""seat"": 0}, {""action"": ""raise"", ""amount"": 124, ""seat"": 1}, {""action"": ""fold"", ""amount"": 0, ""seat"": 0}]"
overfold_exploiter,2026060714,0,97,deployed_overfold_exploiter_s2026060714_o0_h0097,flop,flop_cbet_or_probe,overfold_exploiter,raise,124,324,7,8,324,-100,100,flop,324,False,As 8h 4s,"[{""action"": ""small_blind"", ""amount"": 50, ""seat"": 1}, {""action"": ""big_blind"", ""amount"": 100, ""seat"": 0}, {""action"": ""call"", ""amount"": 50, ""seat"": 1}, {""action"": ""check"", ""amount"": 0, ""seat"": 0}, {""action"": ""check"", ""amount"": 0, ""seat"": 0}, {""action"": ""raise"", ""amount"": 124, ""seat"": 1}, {""action"": ""fold"", ""amount"": 0, ""seat"": 0}]"
overfold_exploiter,2026060714,0,103,deployed_overfold_exploiter_s2026060714_o0_h0103,turn,turn_barrel,overfold_exploiter,raise,322,770,11,12,770,-224,224,turn,770,False,4c 2c 6h Tc,"[{""action"": ""small_blind"", ""amount"": 50, ""seat"": 1}, {""action"": ""big_blind"", ""amount"": 100, ""seat"": 0}, {""action"": ""call"", ""amount"": 50, ""seat"": 1}, {""action"": ""check"", ""amount"": 0, ""seat"": 0}, {""action"": ""check"", ""amount"": 0, ""seat"": 0}, {""action"": ""raise"", ""amount"": 124, ""seat"": 1}, {""action"": ""call"", ""amount"": 124, ""seat"": 0}, {""action"": ""check"", ""amount"": 0, ""seat"": 0}, {""action"": ""raise"", ""amount"": 322, ""seat"": 1}, {""action"": ""fold"", ""amount"": 0, ""seat"": 0}]"
overfold_exploiter,2026060714,0,113,deployed_overfold_exploiter_s2026060714_o0_h0113,flop,flop_cbet_or_probe,overfold_exploiter,raise,124,324,7,8,324,-100,100,flop,324,False,Qd Jd 3h,"[{""action"": ""small_blind"", ""amount"": 50, ""seat"": 1}, {""action"": ""big_blind"", ""amount"": 100, ""seat"": 0}, {""action"": ""call"", ""amount"": 50, ""seat"": 1}, {""action"": ""check"", ""amount"": 0, ""seat"": 0}, {""action"": ""check"", ""amount"": 0, ""seat"": 0}, {""action"": ""raise"", ""amount"": 124, ""seat"": 1}, {""action"": ""fold"", ""amount"": 0, ""seat"": 0}]"
overfold_exploiter,2026060714,0,117,deployed_overfold_exploiter_s2026060714_o0_h0117,flop,flop_cbet_or_probe,overfold_exploiter,raise,124,324,7,8,324,-100,100,flop,324,False,9d Qd 5s,"[{""action"": ""small_blind"", ""amount"": 50, ""seat"": 1}, {""action"": ""big_blind"", ""amount"": 100, ""seat"": 0}, {""action"": ""call"", ""amount"": 50, ""seat"": 1}, {""action"": ""check"", ""amount"": 0, ""seat"": 0}, {""action"": ""check"", ""amount"": 0, ""seat"": 0}, {""action"": ""raise"", ""amount"": 124, ""seat"": 1}, {""action"": ""fold"", ""amount"": 0, ""seat"": 0}]"
overfold_exploiter,2026060714,0,133,deployed_overfold_exploiter_s2026060714_o0_h0133,flop,flop_cbet_or_probe,overfold_exploiter,raise,620,1620,8,9,1620,-500,500,flop,1620,False,2c Kh 5h,"[{""action"": ""small_blind"", ""amount"": 50, ""seat"": 1}, {""action"": ""big_blind"", ""amount"": 100, ""seat"": 0}, {""action"": ""call"", ""amount"": 50, ""seat"": 1}, {""action"": ""raise"", ""amount"": 500, ""seat"": 0}, {""action"": ""call"", ""amount"": 400, ""seat"": 1}, {""action"": ""check"", ""amount"": 0, ""seat"": 0}, {""action"": ""raise"", ""amount"": 620, ""seat"": 1}, {""action"": ""fold"", ""amount"": 0, ""seat"": 0}]"
overfold_exploiter,2026060714,0,159,deployed_overfold_exploiter_s2026060714_o0_h0159,flop,flop_cbet_or_probe,overfold_exploiter,raise,124,324,7,8,324,-100,100,flop,324,False,9c Jh Qc,"[{""action"": ""small_blind"", ""amount"": 50, ""seat"": 1}, {""action"": ""big_blind"", ""amount"": 100, ""seat"": 0}, {""action"": ""call"", ""amount"": 50, ""seat"": 1}, {""action"": ""check"", ""amount"": 0, ""seat"": 0}, {""action"": ""check"", ""amount"": 0, ""seat"": 0}, {""action"": ""raise"", ""amount"": 124, ""seat"": 1}, {""action"": ""fold"", ""amount"": 0, ""seat"": 0}]"
overfold_exploiter,2026060714,0,171,deployed_overfold_exploiter_s2026060714_o0_h0171,flop,flop_cbet_or_probe,overfold_exploiter,raise,124,324,7,8,324,-100,100,flop,324,False,9d 5c 5d,"[{""action"": ""small_blind"", ""amount"": 50, ""seat"": 1}, {""action"": ""big_blind"", ""amount"": 100, ""seat"": 0}, {""action"": ""call"", ""amount"": 50, ""seat"": 1}, {""action"": ""check"", ""amount"": 0, ""seat"": 0}, {""action"": ""check"", ""amount"": 0, ""seat"": 0}, {""action"": ""raise"", ""amount"": 124, ""seat"": 1}, {""action"": ""fold"", ""amount"": 0, ""seat"": 0}]"
overfold_exploiter,2026060714,0,177,deployed_overfold_exploiter_s2026060714_o0_h0177,flop,flop_cbet_or_probe,overfold_exploiter,raise,124,324,7,8,324,-100,100,flop,324,False,Td 9s 2d,"[{""action"": ""small_blind"", ""amount"": 50, ""seat"": 1}, {""action"": ""big_blind"", ""amount"": 100, ""seat"": 0}, {""action"": ""call"", ""amount"": 50, ""seat"": 1}, {""action"": ""check"", ""amount"": 0, ""seat"": 0}, {""action"": ""check"", ""amount"": 0, ""seat"": 0}, {""action"": ""raise"", ""amount"": 124, ""seat"": 1}, {""action"": ""fold"", ""amount"": 0, ""seat"": 0}]"
overfold_exploiter,2026060714,0,192,deployed_overfold_exploiter_s2026060714_o0_h0192,flop,flop_cbet_or_probe,overfold_exploiter,raise,310,810,6,7,810,-250,250,flop,810,False,6c Ac 3s,"[{""action"": ""small_blind"", ""amount"": 50, ""seat"": 0}, {""action"": ""big_blind"", ""amount"": 100, ""seat"": 1}, {""action"": ""raise"", ""amount"": 250, ""seat"": 0}, {""action"": ""call"", ""amount"": 150, ""seat"": 1}, {""action"": ""raise"", ""amount"": 310, ""seat"": 1}, {""action"": ""fold"", ""amount"": 0, ""seat"": 0}]"
overfold_exploiter,2026060714,1,10,deployed_overfold_exploiter_s2026060714_o1_h0010,flop,flop_cbet_or_probe,overfold_exploiter,raise,124,324,7,8,324,-100,100,flop,324,False,7h Td 5s,"[{""action"": ""small_blind"", ""amount"": 50, ""seat"": 0}, {""action"": ""big_blind"", ""amount"": 100, ""seat"": 1}, {""action"": ""call"", ""amount"": 50, ""seat"": 0}, {""action"": ""check"", ""amount"": 0, ""seat"": 1}, {""action"": ""check"", ""amount"": 0, ""seat"": 1}, {""action"": ""raise"", ""amount"": 124, ""seat"": 0}, {""action"": ""fold"", ""amount"": 0, ""seat"": 1}]"
overfold_exploiter,2026060714,1,12,deployed_overfold_exploiter_s2026060714_o1_h0012,flop,flop_cbet_or_probe,overfold_exploiter,raise,124,324,7,8,324,-100,100,flop,324,False,9s Jc Ks,"[{""action"": ""small_blind"", ""amount"": 50, ""seat"": 0}, {""action"": ""big_blind"", ""amount"": 100, ""seat"": 1}, {""action"": ""call"", ""amount"": 50, ""seat"": 0}, {""action"": ""check"", ""amount"": 0, ""seat"": 1}, {""action"": ""check"", ""amount"": 0, ""seat"": 1}, {""action"": ""raise"", ""amount"": 124, ""seat"": 0}, {""action"": ""fold"", ""amount"": 0, ""seat"": 1}]"
overfold_exploiter,2026060714,1,22,deployed_overfold_exploiter_s2026060714_o1_h0022,flop,flop_cbet_or_probe,overfold_exploiter,raise,124,324,7,8,324,-100,100,flop,324,False,5c Jh 6d,"[{""action"": ""small_blind"", ""amount"": 50, ""seat"": 0}, {""action"": ""big_blind"", ""amount"": 100, ""seat"": 1}, {""action"": ""call"", ""amount"": 50, ""seat"": 0}, {""action"": ""check"", ""amount"": 0, ""seat"": 1}, {""action"": ""check"", ""amount"": 0, ""seat"": 1}, {""action"": ""raise"", ""amount"": 124, ""seat"": 0}, {""action"": ""fold"", ""amount"": 0, ""seat"": 1}]"
overfold_exploiter,2026060714,1,43,deployed_overfold_exploiter_s2026060714_o1_h0043,flop,flop_cbet_or_probe,overfold_exploiter,raise,310,810,6,7,810,-250,250,flop,810,False,6c 4d 5d,"[{""action"": ""small_blind"", ""amount"": 50, ""seat"": 1}, {""action"": ""big_blind"", ""amount"": 100, ""seat"": 0}, {""action"": ""raise"", ""amount"": 250, ""seat"": 1}, {""action"": ""call"", ""amount"": 150, ""seat"": 0}, {""action"": ""raise"", ""amount"": 310, ""seat"": 0}, {""action"": ""fold"", ""amount"": 0, ""seat"": 1}]"
overfold_exploiter,2026060714,1,50,deployed_overfold_exploiter_s2026060714_o1_h0050,flop,flop_cbet_or_probe,overfold_exploiter,raise,124,324,7,8,324,-100,100,flop,324,False,Qc Tc Js,"[{""action"": ""small_blind"", ""amount"": 50, ""seat"": 0}, {""action"": ""big_blind"", ""amount"": 100, ""seat"": 1}, {""action"": ""call"", ""amount"": 50, ""seat"": 0}, {""action"": ""check"", ""amount"": 0, ""seat"": 1}, {""action"": ""check"", ""amount"": 0, ""seat"": 1}, {""action"": ""raise"", ""amount"": 124, ""seat"": 0}, {""action"": ""fold"", ""amount"": 0, ""seat"": 1}]"
overfold_exploiter,2026060714,1,54,deployed_overfold_exploiter_s2026060714_o1_h0054,flop,flop_cbet_or_probe,overfold_exploiter,raise,124,324,7,8,324,-100,100,flop,324,False,Td 8c 7s,"[{""action"": ""small_blind"", ""amount"": 50, ""seat"": 0}, {""action"": ""big_blind"", ""amount"": 100, ""seat"": 1}, {""action"": ""call"", ""amount"": 50, ""seat"": 0}, {""action"": ""check"", ""amount"": 0, ""seat"": 1}, {""action"": ""check"", ""amount"": 0, ""seat"": 1}, {""action"": ""raise"", ""amount"": 124, ""seat"": 0}, {""action"": ""fold"", ""amount"": 0, ""seat"": 1}]"
overfold_exploiter,2026060714,1,56,deployed_overfold_exploiter_s2026060714_o1_h0056,flop,flop_cbet_or_probe,overfold_exploiter,raise,124,324,7,8,324,-100,100,flop,324,False,6d 3h Ah,"[{""action"": ""small_blind"", ""amount"": 50, ""seat"": 0}, {""action"": ""big_blind"", ""amount"": 100, ""seat"": 1}, {""action"": ""call"", ""amount"": 50, ""seat"": 0}, {""action"": ""check"", ""amount"": 0, ""seat"": 1}, {""action"": ""check"", ""amount"": 0, ""seat"": 1}, {""action"": ""raise"", ""amount"": 124, ""seat"": 0}, {""action"": ""fold"", ""amount"": 0, ""seat"": 1}]"
overfold_exploiter,2026060714,1,66,deployed_overfold_exploiter_s2026060714_o1_h0066,flop,flop_cbet_or_probe,overfold_exploiter,raise,124,324,7,8,324,-100,100,flop,324,False,3c Td 9c,"[{""action"": ""small_blind"", ""amount"": 50, ""seat"": 0}, {""action"": ""big_blind"", ""amount"": 100, ""seat"": 1}, {""action"": ""call"", ""amount"": 50, ""seat"": 0}, {""action"": ""check"", ""amount"": 0, ""seat"": 1}, {""action"": ""check"", ""amount"": 0, ""seat"": 1}, {""action"": ""raise"", ""amount"": 124, ""seat"": 0}, {""action"": ""fold"", ""amount"": 0, ""seat"": 1}]"
overfold_exploiter,2026060714,1,80,deployed_overfold_exploiter_s2026060714_o1_h0080,turn,turn_barrel,overfold_exploiter,raise,322,770,11,12,770,-224,224,turn,770,False,3h 5c 4c Td,"[{""action"": ""small_blind"", ""amount"": 50, ""seat"": 0}, {""action"": ""big_blind"", ""amount"": 100, ""seat"": 1}, {""action"": ""call"", ""amount"": 50, ""seat"": 0}, {""action"": ""check"", ""amount"": 0, ""seat"": 1}, {""action"": ""check"", ""amount"": 0, ""seat"": 1}, {""action"": ""raise"", ""amount"": 124, ""seat"": 0}, {""action"": ""call"", ""amount"": 124, ""seat"": 1}, {""action"": ""check"", ""amount"": 0, ""seat"": 1}, {""action"": ""raise"", ""amount"": 322, ""seat"": 0}, {""action"": ""fold"", ""amount"": 0, ""seat"": 1}]"
overfold_exploiter,2026060714,1,82,deployed_overfold_exploiter_s2026060714_o1_h0082,flop,flop_cbet_or_probe,overfold_exploiter,raise,124,324,7,8,324,-100,100,flop,324,False,Tc Th 2s,"[{""action"": ""small_blind"", ""amount"": 50, ""seat"": 0}, {""action"": ""big_blind"", ""amount"": 100, ""seat"": 1}, {""action"": ""call"", ""amount"": 50, ""seat"": 0}, {""action"": ""check"", ""amount"": 0, ""seat"": 1}, {""action"": ""check"", ""amount"": 0, ""seat"": 1}, {""action"": ""raise"", ""amount"": 124, ""seat"": 0}, {""action"": ""fold"", ""amount"": 0, ""seat"": 1}]"
overfold_exploiter,2026060714,1,106,deployed_overfold_exploiter_s2026060714_o1_h0106,flop,flop_cbet_or_probe,overfold_exploiter,raise,124,324,7,8,324,-100,100,flop,324,False,8s 5s Ad,"[{""action"": ""small_blind"", ""amount"": 50, ""seat"": 0}, {""action"": ""big_blind"", ""amount"": 100, ""seat"": 1}, {""action"": ""call"", ""amount"": 50, ""seat"": 0}, {""action"": ""check"", ""amount"": 0, ""seat"": 1}, {""action"": ""check"", ""amount"": 0, ""seat"": 1}, {""action"": ""raise"", ""amount"": 124, ""seat"": 0}, {""action"": ""fold"", ""amount"": 0, ""seat"": 1}]"
overfold_exploiter,2026060714,1,116,deployed_overfold_exploiter_s2026060714_o1_h0116,flop,flop_cbet_or_probe,overfold_exploiter,raise,124,324,7,8,324,-100,100,flop,324,False,Qh Ad Td,"[{""action"": ""small_blind"", ""amount"": 50, ""seat"": 0}, {""action"": ""big_blind"", ""amount"": 100, ""seat"": 1}, {""action"": ""call"", ""amount"": 50, ""seat"": 0}, {""action"": ""check"", ""amount"": 0, ""seat"": 1}, {""action"": ""check"", ""amount"": 0, ""seat"": 1}, {""action"": ""raise"", ""amount"": 124, ""seat"": 0}, {""action"": ""fold"", ""amount"": 0, ""seat"": 1}]"
overfold_exploiter,2026060714,1,120,deployed_overfold_exploiter_s2026060714_o1_h0120,turn,turn_barrel,overfold_exploiter,raise,322,770,11,12,770,-224,224,turn,770,False,7s 8s 6s Ks,"[{""action"": ""small_blind"", ""amount"": 50, ""seat"": 0}, {""action"": ""big_blind"", ""amount"": 100, ""seat"": 1}, {""action"": ""call"", ""amount"": 50, ""seat"": 0}, {""action"": ""check"", ""amount"": 0, ""seat"": 1}, {""action"": ""check"", ""amount"": 0, ""seat"": 1}, {""action"": ""raise"", ""amount"": 124, ""seat"": 0}, {""action"": ""call"", ""amount"": 124, ""seat"": 1}, {""action"": ""check"", ""amount"": 0, ""seat"": 1}, {""action"": ""raise"", ""amount"": 322, ""seat"": 0}, {""action"": ""fold"", ""amount"": 0, ""seat"": 1}]"
overfold_exploiter,2026060714,1,122,deployed_overfold_exploiter_s2026060714_o1_h0122,flop,flop_cbet_or_probe,overfold_exploiter,raise,124,324,7,8,324,-100,100,flop,324,False,4d Qd Ad,"[{""action"": ""small_blind"", ""amount"": 50, ""seat"": 0}, {""action"": ""big_blind"", ""amount"": 100, ""seat"": 1}, {""action"": ""call"", ""amount"": 50, ""seat"": 0}, {""action"": ""check"", ""amount"": 0, ""seat"": 1}, {""action"": ""check"", ""amount"": 0, ""seat"": 1}, {""action"": ""raise"", ""amount"": 124, ""seat"": 0}, {""action"": ""fold"", ""amount"": 0, ""seat"": 1}]"
overfold_exploiter,2026060714,1,132,deployed_overfold_exploiter_s2026060714_o1_h0132,flop,flop_cbet_or_probe,overfold_exploiter,raise,124,324,7,8,324,-100,100,flop,324,False,Qh 9c Kc,"[{""action"": ""small_blind"", ""amount"": 50, ""seat"": 0}, {""action"": ""big_blind"", ""amount"": 100, ""seat"": 1}, {""action"": ""call"", ""amount"": 50, ""seat"": 0}, {""action"": ""check"", ""amount"": 0, ""seat"": 1}, {""action"": ""check"", ""amount"": 0, ""seat"": 1}, {""action"": ""raise"", ""amount"": 124, ""seat"": 0}, {""action"": ""fold"", ""amount"": 0, ""seat"": 1}]"
overfold_exploiter,2026060714,1,156,deployed_overfold_exploiter_s2026060714_o1_h0156,flop,flop_cbet_or_probe,overfold_exploiter,raise,124,324,7,8,324,-100,100,flop,324,False,Kd 7s 2s,"[{""action"": ""small_blind"", ""amount"": 50, ""seat"": 0}, {""action"": ""big_blind"", ""amount"": 100, ""seat"": 1}, {""action"": ""call"", ""amount"": 50, ""seat"": 0}, {""action"": ""check"", ""amount"": 0, ""seat"": 1}, {""action"": ""check"", ""amount"": 0, ""seat"": 1}, {""action"": ""raise"", ""amount"": 124, ""seat"": 0}, {""action"": ""fold"", ""amount"": 0, ""seat"": 1}]"
overfold_exploiter,2026060714,1,160,deployed_overfold_exploiter_s2026060714_o1_h0160,flop,flop_cbet_or_probe,overfold_exploiter,raise,124,324,7,8,324,-100,100,flop,324,False,3h 7s 3s,"[{""action"": ""small_blind"", ""amount"": 50, ""seat"": 0}, {""action"": ""big_blind"", ""amount"": 100, ""seat"": 1}, {""action"": ""call"", ""amount"": 50, ""seat"": 0}, {""action"": ""check"", ""amount"": 0, ""seat"": 1}, {""action"": ""check"", ""amount"": 0, ""seat"": 1}, {""action"": ""raise"", ""amount"": 124, ""seat"": 0}, {""action"": ""fold"", ""amount"": 0, ""seat"": 1}]"
overfold_exploiter,2026060714,1,162,deployed_overfold_exploiter_s2026060714_o1_h0162,turn,turn_probe,overfold_exploiter,raise,144,344,10,11,344,-100,100,turn,344,False,7s Tc Js 7h,"[{""action"": ""small_blind"", ""amount"": 50, ""seat"": 0}, {""action"": ""big_blind"", ""amount"": 100, ""seat"": 1}, {""action"": ""call"", ""amount"": 50, ""seat"": 0}, {""action"": ""check"", ""amount"": 0, ""seat"": 1}, {""action"": ""check"", ""amount"": 0, ""seat"": 1}, {""action"": ""check"", ""amount"": 0, ""seat"": 0}, {""action"": ""check"", ""amount"": 0, ""seat"": 1}, {""action"": ""raise"", ""amount"": 144, ""seat"": 0}, {""action"": ""fold"", ""amount"": 0, ""seat"": 1}]"
overfold_exploiter,2026060714,1,164,deployed_overfold_exploiter_s2026060714_o1_h0164,flop,flop_cbet_or_probe,overfold_exploiter,raise,124,324,7,8,324,-100,100,flop,324,False,4c Ah Kc,"[{""action"": ""small_blind"", ""amount"": 50, ""seat"": 0}, {""action"": ""big_blind"", ""amount"": 100, ""seat"": 1}, {""action"": ""call"", ""amount"": 50, ""seat"": 0}, {""action"": ""check"", ""amount"": 0, ""seat"": 1}, {""action"": ""check"", ""amount"": 0, ""seat"": 1}, {""action"": ""raise"", ""amount"": 124, ""seat"": 0}, {""action"": ""fold"", ""amount"": 0, ""seat"": 1}]"
overfold_exploiter,2026060714,1,180,deployed_overfold_exploiter_s2026060714_o1_h0180,flop,flop_cbet_or_probe,overfold_exploiter,raise,124,324,7,8,324,-100,100,flop,324,False,2d Ac 9h,"[{""action"": ""small_blind"", ""amount"": 50, ""seat"": 0}, {""action"": ""big_blind"", ""amount"": 100, ""seat"": 1}, {""action"": ""call"", ""amount"": 50, ""seat"": 0}, {""action"": ""check"", ""amount"": 0, ""seat"": 1}, {""action"": ""check"", ""amount"": 0, ""seat"": 1}, {""action"": ""raise"", ""amount"": 124, ""seat"": 0}, {""action"": ""fold"", ""amount"": 0, ""seat"": 1}]"
overfold_exploiter,2026060714,1,184,deployed_overfold_exploiter_s2026060714_o1_h0184,flop,flop_cbet_or_probe,overfold_exploiter,raise,124,324,7,8,324,-100,100,flop,324,False,9h 3s 2c,"[{""action"": ""small_blind"", ""amount"": 50, ""seat"": 0}, {""action"": ""big_blind"", ""amount"": 100, ""seat"": 1}, {""action"": ""call"", ""amount"": 50, ""seat"": 0}, {""action"": ""check"", ""amount"": 0, ""seat"": 1}, {""action"": ""check"", ""amount"": 0, ""seat"": 1}, {""action"": ""raise"", ""amount"": 124, ""seat"": 0}, {""action"": ""fold"", ""amount"": 0, ""seat"": 1}]"
overfold_exploiter,2026060715,0,23,deployed_overfold_exploiter_s2026060715_o0_h0023,turn,turn_probe,overfold_exploiter,raise,144,344,10,11,344,-100,100,turn,344,False,7h 3c 2d 8d,"[{""action"": ""small_blind"", ""amount"": 50, ""seat"": 1}, {""action"": ""big_blind"", ""amount"": 100, ""seat"": 0}, {""action"": ""call"", ""amount"": 50, ""seat"": 1}, {""action"": ""check"", ""amount"": 0, ""seat"": 0}, {""action"": ""check"", ""amount"": 0, ""seat"": 0}, {""action"": ""check"", ""amount"": 0, ""seat"": 1}, {""action"": ""check"", ""amount"": 0, ""seat"": 0}, {""action"": ""raise"", ""amount"": 144, ""seat"": 1}, {""action"": ""fold"", ""amount"": 0, ""seat"": 0}]"
overfold_exploiter,2026060715,0,61,deployed_overfold_exploiter_s2026060715_o0_h0061,flop,flop_cbet_or_probe,overfold_exploiter,raise,124,324,7,8,324,-100,100,flop,324,False,6c 9h 4s,"[{""action"": ""small_blind"", ""amount"": 50, ""seat"": 1}, {""action"": ""big_blind"", ""amount"": 100, ""seat"": 0}, {""action"": ""call"", ""amount"": 50, ""seat"": 1}, {""action"": ""check"", ""amount"": 0, ""seat"": 0}, {""action"": ""check"", ""amount"": 0, ""seat"": 0}, {""action"": ""raise"", ""amount"": 124, ""seat"": 1}, {""action"": ""fold"", ""amount"": 0, ""seat"": 0}]"
overfold_exploiter,2026060715,0,63,deployed_overfold_exploiter_s2026060715_o0_h0063,flop,flop_cbet_or_probe,overfold_exploiter,raise,124,324,7,8,324,-100,100,flop,324,False,Tc Qd Js,"[{""action"": ""small_blind"", ""amount"": 50, ""seat"": 1}, {""action"": ""big_blind"", ""amount"": 100, ""seat"": 0}, {""action"": ""call"", ""amount"": 50, ""seat"": 1}, {""action"": ""check"", ""amount"": 0, ""seat"": 0}, {""action"": ""check"", ""amount"": 0, ""seat"": 0}, {""action"": ""raise"", ""amount"": 124, ""seat"": 1}, {""action"": ""fold"", ""amount"": 0, ""seat"": 0}]"
overfold_exploiter,2026060715,0,74,deployed_overfold_exploiter_s2026060715_o0_h0074,flop,flop_cbet_or_probe,overfold_exploiter,raise,310,810,6,7,810,-250,250,flop,810,False,2h Ac 5c,"[{""action"": ""small_blind"", ""amount"": 50, ""seat"": 0}, {""action"": ""big_blind"", ""amount"": 100, ""seat"": 1}, {""action"": ""raise"", ""amount"": 250, ""seat"": 0}, {""action"": ""call"", ""amount"": 150, ""seat"": 1}, {""action"": ""raise"", ""amount"": 310, ""seat"": 1}, {""action"": ""fold"", ""amount"": 0, ""seat"": 0}]"
overfold_exploiter,2026060715,0,77,deployed_overfold_exploiter_s2026060715_o0_h0077,flop,flop_cbet_or_probe,overfold_exploiter,raise,124,324,7,8,324,-100,100,flop,324,False,6c Ac 4s,"[{""action"": ""small_blind"", ""amount"": 50, ""seat"": 1}, {""action"": ""big_blind"", ""amount"": 100, ""seat"": 0}, {""action"": ""call"", ""amount"": 50, ""seat"": 1}, {""action"": ""check"", ""amount"": 0, ""seat"": 0}, {""action"": ""check"", ""amount"": 0, ""seat"": 0}, {""action"": ""raise"", ""amount"": 124, ""seat"": 1}, {""action"": ""fold"", ""amount"": 0, ""seat"": 0}]"
overfold_exploiter,2026060715,0,81,deployed_overfold_exploiter_s2026060715_o0_h0081,flop,flop_cbet_or_probe,overfold_exploiter,raise,124,324,7,8,324,-100,100,flop,324,False,4d Tc 6d,"[{""action"": ""small_blind"", ""amount"": 50, ""seat"": 1}, {""action"": ""big_blind"", ""amount"": 100, ""seat"": 0}, {""action"": ""call"", ""amount"": 50, ""seat"": 1}, {""action"": ""check"", ""amount"": 0, ""seat"": 0}, {""action"": ""check"", ""amount"": 0, ""seat"": 0}, {""action"": ""raise"", ""amount"": 124, ""seat"": 1}, {""action"": ""fold"", ""amount"": 0, ""seat"": 0}]"
overfold_exploiter,2026060715,0,83,deployed_overfold_exploiter_s2026060715_o0_h0083,flop,flop_cbet_or_probe,overfold_exploiter,raise,124,324,7,8,324,-100,100,flop,324,False,9s 8h Ah,"[{""action"": ""small_blind"", ""amount"": 50, ""seat"": 1}, {""action"": ""big_blind"", ""amount"": 100, ""seat"": 0}, {""action"": ""call"", ""amount"": 50, ""seat"": 1}, {""action"": ""check"", ""amount"": 0, ""seat"": 0}, {""action"": ""check"", ""amount"": 0, ""seat"": 0}, {""action"": ""raise"", ""amount"": 124, ""seat"": 1}, {""action"": ""fold"", ""amount"": 0, ""seat"": 0}]"
overfold_exploiter,2026060715,0,113,deployed_overfold_exploiter_s2026060715_o0_h0113,turn,turn_probe,overfold_exploiter,raise,144,344,10,11,344,-100,100,turn,344,False,2s Td 6s Kh,"[{""action"": ""small_blind"", ""amount"": 50, ""seat"": 1}, {""action"": ""big_blind"", ""amount"": 100, ""seat"": 0}, {""action"": ""call"", ""amount"": 50, ""seat"": 1}, {""action"": ""check"", ""amount"": 0, ""seat"": 0}, {""action"": ""check"", ""amount"": 0, ""seat"": 0}, {""action"": ""check"", ""amount"": 0, ""seat"": 1}, {""action"": ""check"", ""amount"": 0, ""seat"": 0}, {""action"": ""raise"", ""amount"": 144, ""seat"": 1}, {""action"": ""fold"", ""amount"": 0, ""seat"": 0}]"
overfold_exploiter,2026060715,0,127,deployed_overfold_exploiter_s2026060715_o0_h0127,flop,flop_cbet_or_probe,overfold_exploiter,raise,124,324,7,8,324,-100,100,flop,324,False,6s Th Ac,"[{""action"": ""small_blind"", ""amount"": 50, ""seat"": 1}, {""action"": ""big_blind"", ""amount"": 100, ""seat"": 0}, {""action"": ""call"", ""amount"": 50, ""seat"": 1}, {""action"": ""check"", ""amount"": 0, ""seat"": 0}, {""action"": ""check"", ""amount"": 0, ""seat"": 0}, {""action"": ""raise"", ""amount"": 124, ""seat"": 1}, {""action"": ""fold"", ""amount"": 0, ""seat"": 0}]"
overfold_exploiter,2026060715,0,131,deployed_overfold_exploiter_s2026060715_o0_h0131,flop,flop_cbet_or_probe,overfold_exploiter,raise,124,324,7,8,324,-100,100,flop,324,False,Ad 5h 4h,"[{""action"": ""small_blind"", ""amount"": 50, ""seat"": 1}, {""action"": ""big_blind"", ""amount"": 100, ""seat"": 0}, {""action"": ""call"", ""amount"": 50, ""seat"": 1}, {""action"": ""check"", ""amount"": 0, ""seat"": 0}, {""action"": ""check"", ""amount"": 0, ""seat"": 0}, {""action"": ""raise"", ""amount"": 124, ""seat"": 1}, {""action"": ""fold"", ""amount"": 0, ""seat"": 0}]"
overfold_exploiter,2026060715,0,143,deployed_overfold_exploiter_s2026060715_o0_h0143,turn,turn_probe,overfold_exploiter,raise,144,344,10,11,344,-100,100,turn,344,False,Th Kd 3h 6c,"[{""action"": ""small_blind"", ""amount"": 50, ""seat"": 1}, {""action"": ""big_blind"", ""amount"": 100, ""seat"": 0}, {""action"": ""call"", ""amount"": 50, ""seat"": 1}, {""action"": ""check"", ""amount"": 0, ""seat"": 0}, {""action"": ""check"", ""amount"": 0, ""seat"": 0}, {""action"": ""check"", ""amount"": 0, ""seat"": 1}, {""action"": ""check"", ""amount"": 0, ""seat"": 0}, {""action"": ""raise"", ""amount"": 144, ""seat"": 1}, {""action"": ""fold"", ""amount"": 0, ""seat"": 0}]"
overfold_exploiter,2026060715,0,163,deployed_overfold_exploiter_s2026060715_o0_h0163,flop,flop_cbet_or_probe,overfold_exploiter,raise,124,324,7,8,324,-100,100,flop,324,False,Js Td 8h,"[{""action"": ""small_blind"", ""amount"": 50, ""seat"": 1}, {""action"": ""big_blind"", ""amount"": 100, ""seat"": 0}, {""action"": ""call"", ""amount"": 50, ""seat"": 1}, {""action"": ""check"", ""amount"": 0, ""seat"": 0}, {""action"": ""check"", ""amount"": 0, ""seat"": 0}, {""action"": ""raise"", ""amount"": 124, ""seat"": 1}, {""action"": ""fold"", ""amount"": 0, ""seat"": 0}]"
overfold_exploiter,2026060715,0,171,deployed_overfold_exploiter_s2026060715_o0_h0171,flop,flop_cbet_or_probe,overfold_exploiter,raise,124,324,7,8,324,-100,100,flop,324,False,3s Ks 7h,"[{""action"": ""small_blind"", ""amount"": 50, ""seat"": 1}, {""action"": ""big_blind"", ""amount"": 100, ""seat"": 0}, {""action"": ""call"", ""amount"": 50, ""seat"": 1}, {""action"": ""check"", ""amount"": 0, ""seat"": 0}, {""action"": ""check"", ""amount"": 0, ""seat"": 0}, {""action"": ""raise"", ""amount"": 124, ""seat"": 1}, {""action"": ""fold"", ""amount"": 0, ""seat"": 0}]"
overfold_exploiter,2026060715,0,187,deployed_overfold_exploiter_s2026060715_o0_h0187,flop,flop_cbet_or_probe,overfold_exploiter,raise,124,324,7,8,324,-100,100,flop,324,False,8h 6h 8s,"[{""action"": ""small_blind"", ""amount"": 50, ""seat"": 1}, {""action"": ""big_blind"", ""amount"": 100, ""seat"": 0}, {""action"": ""call"", ""amount"": 50, ""seat"": 1}, {""action"": ""check"", ""amount"": 0, ""seat"": 0}, {""action"": ""check"", ""amount"": 0, ""seat"": 0}, {""action"": ""raise"", ""amount"": 124, ""seat"": 1}, {""action"": ""fold"", ""amount"": 0, ""seat"": 0}]"
overfold_exploiter,2026060715,0,197,deployed_overfold_exploiter_s2026060715_o0_h0197,flop,flop_cbet_or_probe,overfold_exploiter,raise,124,324,7,8,324,-100,100,flop,324,False,3d Kc 5h,"[{""action"": ""small_blind"", ""amount"": 50, ""seat"": 1}, {""action"": ""big_blind"", ""amount"": 100, ""seat"": 0}, {""action"": ""call"", ""amount"": 50, ""seat"": 1}, {""action"": ""check"", ""amount"": 0, ""seat"": 0}, {""action"": ""check"", ""amount"": 0, ""seat"": 0}, {""action"": ""raise"", ""amount"": 124, ""seat"": 1}, {""action"": ""fold"", ""amount"": 0, ""seat"": 0}]"
overfold_exploiter,2026060715,1,0,deployed_overfold_exploiter_s2026060715_o1_h0000,flop,flop_cbet_or_probe,overfold_exploiter,raise,124,324,7,8,324,-100,100,flop,324,False,Th Kh 2h,"[{""action"": ""small_blind"", ""amount"": 50, ""seat"": 0}, {""action"": ""big_blind"", ""amount"": 100, ""seat"": 1}, {""action"": ""call"", ""amount"": 50, ""seat"": 0}, {""action"": ""check"", ""amount"": 0, ""seat"": 1}, {""action"": ""check"", ""amount"": 0, ""seat"": 1}, {""action"": ""raise"", ""amount"": 124, ""seat"": 0}, {""action"": ""fold"", ""amount"": 0, ""seat"": 1}]"
overfold_exploiter,2026060715,1,7,deployed_overfold_exploiter_s2026060715_o1_h0007,flop,flop_cbet_or_probe,overfold_exploiter,raise,310,810,6,7,810,-250,250,flop,810,False,Ah 2c Kd,"[{""action"": ""small_blind"", ""amount"": 50, ""seat"": 1}, {""action"": ""big_blind"", ""amount"": 100, ""seat"": 0}, {""action"": ""raise"", ""amount"": 250, ""seat"": 1}, {""action"": ""call"", ""amount"": 150, ""seat"": 0}, {""action"": ""raise"", ""amount"": 310, ""seat"": 0}, {""action"": ""fold"", ""amount"": 0, ""seat"": 1}]"
overfold_exploiter,2026060715,1,14,deployed_overfold_exploiter_s2026060715_o1_h0014,flop,flop_cbet_or_probe,overfold_exploiter,raise,124,324,7,8,324,-100,100,flop,324,False,Ah Qh 6h,"[{""action"": ""small_blind"", ""amount"": 50, ""seat"": 0}, {""action"": ""big_blind"", ""amount"": 100, ""seat"": 1}, {""action"": ""call"", ""amount"": 50, ""seat"": 0}, {""action"": ""check"", ""amount"": 0, ""seat"": 1}, {""action"": ""check"", ""amount"": 0, ""seat"": 1}, {""action"": ""raise"", ""amount"": 124, ""seat"": 0}, {""action"": ""fold"", ""amount"": 0, ""seat"": 1}]"
overfold_exploiter,2026060715,1,20,deployed_overfold_exploiter_s2026060715_o1_h0020,flop,flop_cbet_or_probe,overfold_exploiter,raise,124,324,7,8,324,-100,100,flop,324,False,2s Qd Jd,"[{""action"": ""small_blind"", ""amount"": 50, ""seat"": 0}, {""action"": ""big_blind"", ""amount"": 100, ""seat"": 1}, {""action"": ""call"", ""amount"": 50, ""seat"": 0}, {""action"": ""check"", ""amount"": 0, ""seat"": 1}, {""action"": ""check"", ""amount"": 0, ""seat"": 1}, {""action"": ""raise"", ""amount"": 124, ""seat"": 0}, {""action"": ""fold"", ""amount"": 0, ""seat"": 1}]"
overfold_exploiter,2026060715,1,22,deployed_overfold_exploiter_s2026060715_o1_h0022,flop,flop_cbet_or_probe,overfold_exploiter,raise,124,324,7,8,324,-100,100,flop,324,False,4c Th 4d,"[{""action"": ""small_blind"", ""amount"": 50, ""seat"": 0}, {""action"": ""big_blind"", ""amount"": 100, ""seat"": 1}, {""action"": ""call"", ""amount"": 50, ""seat"": 0}, {""action"": ""check"", ""amount"": 0, ""seat"": 1}, {""action"": ""check"", ""amount"": 0, ""seat"": 1}, {""action"": ""raise"", ""amount"": 124, ""seat"": 0}, {""action"": ""fold"", ""amount"": 0, ""seat"": 1}]"
overfold_exploiter,2026060715,1,26,deployed_overfold_exploiter_s2026060715_o1_h0026,flop,flop_cbet_or_probe,overfold_exploiter,raise,124,324,7,8,324,-100,100,flop,324,False,Ac 8c 4s,"[{""action"": ""small_blind"", ""amount"": 50, ""seat"": 0}, {""action"": ""big_blind"", ""amount"": 100, ""seat"": 1}, {""action"": ""call"", ""amount"": 50, ""seat"": 0}, {""action"": ""check"", ""amount"": 0, ""seat"": 1}, {""action"": ""check"", ""amount"": 0, ""seat"": 1}, {""action"": ""raise"", ""amount"": 124, ""seat"": 0}, {""action"": ""fold"", ""amount"": 0, ""seat"": 1}]"
overfold_exploiter,2026060715,1,38,deployed_overfold_exploiter_s2026060715_o1_h0038,flop,flop_cbet_or_probe,overfold_exploiter,raise,124,324,7,8,324,-100,100,flop,324,False,9c 6c Qc,"[{""action"": ""small_blind"", ""amount"": 50, ""seat"": 0}, {""action"": ""big_blind"", ""amount"": 100, ""seat"": 1}, {""action"": ""call"", ""amount"": 50, ""seat"": 0}, {""action"": ""check"", ""amount"": 0, ""seat"": 1}, {""action"": ""check"", ""amount"": 0, ""seat"": 1}, {""action"": ""raise"", ""amount"": 124, ""seat"": 0}, {""action"": ""fold"", ""amount"": 0, ""seat"": 1}]"
overfold_exploiter,2026060715,1,42,deployed_overfold_exploiter_s2026060715_o1_h0042,flop,flop_cbet_or_probe,overfold_exploiter,raise,124,324,7,8,324,-100,100,flop,324,False,Th Kh 5c,"[{""action"": ""small_blind"", ""amount"": 50, ""seat"": 0}, {""action"": ""big_blind"", ""amount"": 100, ""seat"": 1}, {""action"": ""call"", ""amount"": 50, ""seat"": 0}, {""action"": ""check"", ""amount"": 0, ""seat"": 1}, {""action"": ""check"", ""amount"": 0, ""seat"": 1}, {""action"": ""raise"", ""amount"": 124, ""seat"": 0}, {""action"": ""fold"", ""amount"": 0, ""seat"": 1}]"
overfold_exploiter,2026060715,1,50,deployed_overfold_exploiter_s2026060715_o1_h0050,flop,flop_cbet_or_probe,overfold_exploiter,raise,124,324,7,8,324,-100,100,flop,324,False,7c Ts 6s,"[{""action"": ""small_blind"", ""amount"": 50, ""seat"": 0}, {""action"": ""big_blind"", ""amount"": 100, ""seat"": 1}, {""action"": ""call"", ""amount"": 50, ""seat"": 0}, {""action"": ""check"", ""amount"": 0, ""seat"": 1}, {""action"": ""check"", ""amount"": 0, ""seat"": 1}, {""action"": ""raise"", ""amount"": 124, ""seat"": 0}, {""action"": ""fold"", ""amount"": 0, ""seat"": 1}]"
overfold_exploiter,2026060715,1,54,deployed_overfold_exploiter_s2026060715_o1_h0054,turn,turn_barrel,overfold_exploiter,raise,322,770,11,12,770,-224,224,turn,770,False,3d Qc 4d Kd,"[{""action"": ""small_blind"", ""amount"": 50, ""seat"": 0}, {""action"": ""big_blind"", ""amount"": 100, ""seat"": 1}, {""action"": ""call"", ""amount"": 50, ""seat"": 0}, {""action"": ""check"", ""amount"": 0, ""seat"": 1}, {""action"": ""check"", ""amount"": 0, ""seat"": 1}, {""action"": ""raise"", ""amount"": 124, ""seat"": 0}, {""action"": ""call"", ""amount"": 124, ""seat"": 1}, {""action"": ""check"", ""amount"": 0, ""seat"": 1}, {""action"": ""raise"", ""amount"": 322, ""seat"": 0}, {""action"": ""fold"", ""amount"": 0, ""seat"": 1}]"
overfold_exploiter,2026060715,1,78,deployed_overfold_exploiter_s2026060715_o1_h0078,flop,flop_cbet_or_probe,overfold_exploiter,raise,124,324,7,8,324,-100,100,flop,324,False,As Jc 3c,"[{""action"": ""small_blind"", ""amount"": 50, ""seat"": 0}, {""action"": ""big_blind"", ""amount"": 100, ""seat"": 1}, {""action"": ""call"", ""amount"": 50, ""seat"": 0}, {""action"": ""check"", ""amount"": 0, ""seat"": 1}, {""action"": ""check"", ""amount"": 0, ""seat"": 1}, {""action"": ""raise"", ""amount"": 124, ""seat"": 0}, {""action"": ""fold"", ""amount"": 0, ""seat"": 1}]"
overfold_exploiter,2026060715,1,110,deployed_overfold_exploiter_s2026060715_o1_h0110,flop,flop_cbet_or_probe,overfold_exploiter,raise,124,324,7,8,324,-100,100,flop,324,False,Kd 4d Ah,"[{""action"": ""small_blind"", ""amount"": 50, ""seat"": 0}, {""action"": ""big_blind"", ""amount"": 100, ""seat"": 1}, {""action"": ""call"", ""amount"": 50, ""seat"": 0}, {""action"": ""check"", ""amount"": 0, ""seat"": 1}, {""action"": ""check"", ""amount"": 0, ""seat"": 1}, {""action"": ""raise"", ""amount"": 124, ""seat"": 0}, {""action"": ""fold"", ""amount"": 0, ""seat"": 1}]"
overfold_exploiter,2026060715,1,112,deployed_overfold_exploiter_s2026060715_o1_h0112,flop,flop_cbet_or_probe,overfold_exploiter,raise,124,324,7,8,324,-100,100,flop,324,False,Ks Kc Qh,"[{""action"": ""small_blind"", ""amount"": 50, ""seat"": 0}, {""action"": ""big_blind"", ""amount"": 100, ""seat"": 1}, {""action"": ""call"", ""amount"": 50, ""seat"": 0}, {""action"": ""check"", ""amount"": 0, ""seat"": 1}, {""action"": ""check"", ""amount"": 0, ""seat"": 1}, {""action"": ""raise"", ""amount"": 124, ""seat"": 0}, {""action"": ""fold"", ""amount"": 0, ""seat"": 1}]"
overfold_exploiter,2026060715,1,118,deployed_overfold_exploiter_s2026060715_o1_h0118,flop,flop_cbet_or_probe,overfold_exploiter,raise,124,324,7,8,324,-100,100,flop,324,False,Kh 7h Jd,"[{""action"": ""small_blind"", ""amount"": 50, ""seat"": 0}, {""action"": ""big_blind"", ""amount"": 100, ""seat"": 1}, {""action"": ""call"", ""amount"": 50, ""seat"": 0}, {""action"": ""check"", ""amount"": 0, ""seat"": 1}, {""action"": ""check"", ""amount"": 0, ""seat"": 1}, {""action"": ""raise"", ""amount"": 124, ""seat"": 0}, {""action"": ""fold"", ""amount"": 0, ""seat"": 1}]"
overfold_exploiter,2026060715,1,120,deployed_overfold_exploiter_s2026060715_o1_h0120,flop,flop_cbet_or_probe,overfold_exploiter,raise,124,324,7,8,324,-100,100,flop,324,False,2c 2d 9h,"[{""action"": ""small_blind"", ""amount"": 50, ""seat"": 0}, {""action"": ""big_blind"", ""amount"": 100, ""seat"": 1}, {""action"": ""call"", ""amount"": 50, ""seat"": 0}, {""action"": ""check"", ""amount"": 0, ""seat"": 1}, {""action"": ""check"", ""amount"": 0, ""seat"": 1}, {""action"": ""raise"", ""amount"": 124, ""seat"": 0}, {""action"": ""fold"", ""amount"": 0, ""seat"": 1}]"
overfold_exploiter,2026060715,1,138,deployed_overfold_exploiter_s2026060715_o1_h0138,flop,flop_cbet_or_probe,overfold_exploiter,raise,124,324,7,8,324,-100,100,flop,324,False,3h Qc Th,"[{""action"": ""small_blind"", ""amount"": 50, ""seat"": 0}, {""action"": ""big_blind"", ""amount"": 100, ""seat"": 1}, {""action"": ""call"", ""amount"": 50, ""seat"": 0}, {""action"": ""check"", ""amount"": 0, ""seat"": 1}, {""action"": ""check"", ""amount"": 0, ""seat"": 1}, {""action"": ""raise"", ""amount"": 124, ""seat"": 0}, {""action"": ""fold"", ""amount"": 0, ""seat"": 1}]"
overfold_exploiter,2026060715,1,152,deployed_overfold_exploiter_s2026060715_o1_h0152,flop,flop_cbet_or_probe,overfold_exploiter,raise,124,324,7,8,324,-100,100,flop,324,False,8s 5h 7d,"[{""action"": ""small_blind"", ""amount"": 50, ""seat"": 0}, {""action"": ""big_blind"", ""amount"": 100, ""seat"": 1}, {""action"": ""call"", ""amount"": 50, ""seat"": 0}, {""action"": ""check"", ""amount"": 0, ""seat"": 1}, {""action"": ""check"", ""amount"": 0, ""seat"": 1}, {""action"": ""raise"", ""amount"": 124, ""seat"": 0}, {""action"": ""fold"", ""amount"": 0, ""seat"": 1}]"
overfold_exploiter,2026060715,1,166,deployed_overfold_exploiter_s2026060715_o1_h0166,flop,flop_cbet_or_probe,overfold_exploiter,raise,124,324,7,8,324,-100,100,flop,324,False,As 4d 3s,"[{""action"": ""small_blind"", ""amount"": 50, ""seat"": 0}, {""action"": ""big_blind"", ""amount"": 100, ""seat"": 1}, {""action"": ""call"", ""amount"": 50, ""seat"": 0}, {""action"": ""check"", ""amount"": 0, ""seat"": 1}, {""action"": ""check"", ""amount"": 0, ""seat"": 1}, {""action"": ""raise"", ""amount"": 124, ""seat"": 0}, {""action"": ""fold"", ""amount"": 0, ""seat"": 1}]"
overfold_exploiter,2026060715,1,184,deployed_overfold_exploiter_s2026060715_o1_h0184,flop,flop_cbet_or_probe,overfold_exploiter,raise,620,1620,8,9,1620,-500,500,flop,1620,False,4c 7c 6d,"[{""action"": ""small_blind"", ""amount"": 50, ""seat"": 0}, {""action"": ""big_blind"", ""amount"": 100, ""seat"": 1}, {""action"": ""call"", ""amount"": 50, ""seat"": 0}, {""action"": ""raise"", ""amount"": 500, ""seat"": 1}, {""action"": ""call"", ""amount"": 400, ""seat"": 0}, {""action"": ""check"", ""amount"": 0, ""seat"": 1}, {""action"": ""raise"", ""amount"": 620, ""seat"": 0}, {""action"": ""fold"", ""amount"": 0, ""seat"": 1}]"
overfold_exploiter,2026060715,1,194,deployed_overfold_exploiter_s2026060715_o1_h0194,flop,flop_cbet_or_probe,overfold_exploiter,raise,124,324,7,8,324,-100,100,flop,324,False,6s Jh 2d,"[{""action"": ""small_blind"", ""amount"": 50, ""seat"": 0}, {""action"": ""big_blind"", ""amount"": 100, ""seat"": 1}, {""action"": ""call"", ""amount"": 50, ""seat"": 0}, {""action"": ""check"", ""amount"": 0, ""seat"": 1}, {""action"": ""check"", ""amount"": 0, ""seat"": 1}, {""action"": ""raise"", ""amount"": 124, ""seat"": 0}, {""action"": ""fold"", ""amount"": 0, ""seat"": 1}]"
overfold_exploiter,2026060716,0,3,deployed_overfold_exploiter_s2026060716_o0_h0003,flop,flop_cbet_or_probe,overfold_exploiter,raise,124,324,7,8,324,-100,100,flop,324,False,Qd 4s 4d,"[{""action"": ""small_blind"", ""amount"": 50, ""seat"": 1}, {""action"": ""big_blind"", ""amount"": 100, ""seat"": 0}, {""action"": ""call"", ""amount"": 50, ""seat"": 1}, {""action"": ""check"", ""amount"": 0, ""seat"": 0}, {""action"": ""check"", ""amount"": 0, ""seat"": 0}, {""action"": ""raise"", ""amount"": 124, ""seat"": 1}, {""action"": ""fold"", ""amount"": 0, ""seat"": 0}]"
overfold_exploiter,2026060716,0,9,deployed_overfold_exploiter_s2026060716_o0_h0009,flop,flop_cbet_or_probe,overfold_exploiter,raise,124,324,7,8,324,-100,100,flop,324,False,8s 9s 3c,"[{""action"": ""small_blind"", ""amount"": 50, ""seat"": 1}, {""action"": ""big_blind"", ""amount"": 100, ""seat"": 0}, {""action"": ""call"", ""amount"": 50, ""seat"": 1}, {""action"": ""check"", ""amount"": 0, ""seat"": 0}, {""action"": ""check"", ""amount"": 0, ""seat"": 0}, {""action"": ""raise"", ""amount"": 124, ""seat"": 1}, {""action"": ""fold"", ""amount"": 0, ""seat"": 0}]"
overfold_exploiter,2026060716,0,41,deployed_overfold_exploiter_s2026060716_o0_h0041,flop,flop_cbet_or_probe,overfold_exploiter,raise,124,324,7,8,324,-100,100,flop,324,False,Ac 4c Jd,"[{""action"": ""small_blind"", ""amount"": 50, ""seat"": 1}, {""action"": ""big_blind"", ""amount"": 100, ""seat"": 0}, {""action"": ""call"", ""amount"": 50, ""seat"": 1}, {""action"": ""check"", ""amount"": 0, ""seat"": 0}, {""action"": ""check"", ""amount"": 0, ""seat"": 0}, {""action"": ""raise"", ""amount"": 124, ""seat"": 1}, {""action"": ""fold"", ""amount"": 0, ""seat"": 0}]"
overfold_exploiter,2026060716,0,53,deployed_overfold_exploiter_s2026060716_o0_h0053,flop,flop_cbet_or_probe,overfold_exploiter,raise,124,324,7,8,324,-100,100,flop,324,False,9c 9h Jc,"[{""action"": ""small_blind"", ""amount"": 50, ""seat"": 1}, {""action"": ""big_blind"", ""amount"": 100, ""seat"": 0}, {""action"": ""call"", ""amount"": 50, ""seat"": 1}, {""action"": ""check"", ""amount"": 0, ""seat"": 0}, {""action"": ""check"", ""amount"": 0, ""seat"": 0}, {""action"": ""raise"", ""amount"": 124, ""seat"": 1}, {""action"": ""fold"", ""amount"": 0, ""seat"": 0}]"
overfold_exploiter,2026060716,0,55,deployed_overfold_exploiter_s2026060716_o0_h0055,flop,flop_cbet_or_probe,overfold_exploiter,raise,124,324,7,8,324,-100,100,flop,324,False,Jc Ac Qs,"[{""action"": ""small_blind"", ""amount"": 50, ""seat"": 1}, {""action"": ""big_blind"", ""amount"": 100, ""seat"": 0}, {""action"": ""call"", ""amount"": 50, ""seat"": 1}, {""action"": ""check"", ""amount"": 0, ""seat"": 0}, {""action"": ""check"", ""amount"": 0, ""seat"": 0}, {""action"": ""raise"", ""amount"": 124, ""seat"": 1}, {""action"": ""fold"", ""amount"": 0, ""seat"": 0}]"
overfold_exploiter,2026060716,0,63,deployed_overfold_exploiter_s2026060716_o0_h0063,flop,flop_cbet_or_probe,overfold_exploiter,raise,124,324,7,8,324,-100,100,flop,324,False,Qh 4h Jd,"[{""action"": ""small_blind"", ""amount"": 50, ""seat"": 1}, {""action"": ""big_blind"", ""amount"": 100, ""seat"": 0}, {""action"": ""call"", ""amount"": 50, ""seat"": 1}, {""action"": ""check"", ""amount"": 0, ""seat"": 0}, {""action"": ""check"", ""amount"": 0, ""seat"": 0}, {""action"": ""raise"", ""amount"": 124, ""seat"": 1}, {""action"": ""fold"", ""amount"": 0, ""seat"": 0}]"
overfold_exploiter,2026060716,0,71,deployed_overfold_exploiter_s2026060716_o0_h0071,flop,flop_cbet_or_probe,overfold_exploiter,raise,124,324,7,8,324,-100,100,flop,324,False,6d 3c Kd,"[{""action"": ""small_blind"", ""amount"": 50, ""seat"": 1}, {""action"": ""big_blind"", ""amount"": 100, ""seat"": 0}, {""action"": ""call"", ""amount"": 50, ""seat"": 1}, {""action"": ""check"", ""amount"": 0, ""seat"": 0}, {""action"": ""check"", ""amount"": 0, ""seat"": 0}, {""action"": ""raise"", ""amount"": 124, ""seat"": 1}, {""action"": ""fold"", ""amount"": 0, ""seat"": 0}]"
overfold_exploiter,2026060716,0,77,deployed_overfold_exploiter_s2026060716_o0_h0077,flop,flop_cbet_or_probe,overfold_exploiter,raise,124,324,7,8,324,-100,100,flop,324,False,Qd 5s Ad,"[{""action"": ""small_blind"", ""amount"": 50, ""seat"": 1}, {""action"": ""big_blind"", ""amount"": 100, ""seat"": 0}, {""action"": ""call"", ""amount"": 50, ""seat"": 1}, {""action"": ""check"", ""amount"": 0, ""seat"": 0}, {""action"": ""check"", ""amount"": 0, ""seat"": 0}, {""action"": ""raise"", ""amount"": 124, ""seat"": 1}, {""action"": ""fold"", ""amount"": 0, ""seat"": 0}]"
overfold_exploiter,2026060716,0,79,deployed_overfold_exploiter_s2026060716_o0_h0079,flop,flop_cbet_or_probe,overfold_exploiter,raise,124,324,7,8,324,-100,100,flop,324,False,4h Ac 6c,"[{""action"": ""small_blind"", ""amount"": 50, ""seat"": 1}, {""action"": ""big_blind"", ""amount"": 100, ""seat"": 0}, {""action"": ""call"", ""amount"": 50, ""seat"": 1}, {""action"": ""check"", ""amount"": 0, ""seat"": 0}, {""action"": ""check"", ""amount"": 0, ""seat"": 0}, {""action"": ""raise"", ""amount"": 124, ""seat"": 1}, {""action"": ""fold"", ""amount"": 0, ""seat"": 0}]"
overfold_exploiter,2026060716,0,89,deployed_overfold_exploiter_s2026060716_o0_h0089,flop,flop_cbet_or_probe,overfold_exploiter,raise,124,324,7,8,324,-100,100,flop,324,False,9s Qh Ks,"[{""action"": ""small_blind"", ""amount"": 50, ""seat"": 1}, {""action"": ""big_blind"", ""amount"": 100, ""seat"": 0}, {""action"": ""call"", ""amount"": 50, ""seat"": 1}, {""action"": ""check"", ""amount"": 0, ""seat"": 0}, {""action"": ""check"", ""amount"": 0, ""seat"": 0}, {""action"": ""raise"", ""amount"": 124, ""seat"": 1}, {""action"": ""fold"", ""amount"": 0, ""seat"": 0}]"
overfold_exploiter,2026060716,0,103,deployed_overfold_exploiter_s2026060716_o0_h0103,flop,flop_cbet_or_probe,overfold_exploiter,raise,124,324,7,8,324,-100,100,flop,324,False,4s 5d Th,"[{""action"": ""small_blind"", ""amount"": 50, ""seat"": 1}, {""action"": ""big_blind"", ""amount"": 100, ""seat"": 0}, {""action"": ""call"", ""amount"": 50, ""seat"": 1}, {""action"": ""check"", ""amount"": 0, ""seat"": 0}, {""action"": ""check"", ""amount"": 0, ""seat"": 0}, {""action"": ""raise"", ""amount"": 124, ""seat"": 1}, {""action"": ""fold"", ""amount"": 0, ""seat"": 0}]"
overfold_exploiter,2026060716,0,123,deployed_overfold_exploiter_s2026060716_o0_h0123,turn,turn_probe,overfold_exploiter,raise,144,344,10,11,344,-100,100,turn,344,False,8c Jh 4s Qh,"[{""action"": ""small_blind"", ""amount"": 50, ""seat"": 1}, {""action"": ""big_blind"", ""amount"": 100, ""seat"": 0}, {""action"": ""call"", ""amount"": 50, ""seat"": 1}, {""action"": ""check"", ""amount"": 0, ""seat"": 0}, {""action"": ""check"", ""amount"": 0, ""seat"": 0}, {""action"": ""check"", ""amount"": 0, ""seat"": 1}, {""action"": ""check"", ""amount"": 0, ""seat"": 0}, {""action"": ""raise"", ""amount"": 144, ""seat"": 1}, {""action"": ""fold"", ""amount"": 0, ""seat"": 0}]"
overfold_exploiter,2026060716,0,125,deployed_overfold_exploiter_s2026060716_o0_h0125,turn,turn_barrel,overfold_exploiter,raise,322,770,11,12,770,-224,224,turn,770,False,9c Jh 8h 6c,"[{""action"": ""small_blind"", ""amount"": 50, ""seat"": 1}, {""action"": ""big_blind"", ""amount"": 100, ""seat"": 0}, {""action"": ""call"", ""amount"": 50, ""seat"": 1}, {""action"": ""check"", ""amount"": 0, ""seat"": 0}, {""action"": ""check"", ""amount"": 0, ""seat"": 0}, {""action"": ""raise"", ""amount"": 124, ""seat"": 1}, {""action"": ""call"", ""amount"": 124, ""seat"": 0}, {""action"": ""check"", ""amount"": 0, ""seat"": 0}, {""action"": ""raise"", ""amount"": 322, ""seat"": 1}, {""action"": ""fold"", ""amount"": 0, ""seat"": 0}]"
overfold_exploiter,2026060716,0,129,deployed_overfold_exploiter_s2026060716_o0_h0129,flop,flop_cbet_or_probe,overfold_exploiter,raise,124,324,7,8,324,-100,100,flop,324,False,Ad 5s 3s,"[{""action"": ""small_blind"", ""amount"": 50, ""seat"": 1}, {""action"": ""big_blind"", ""amount"": 100, ""seat"": 0}, {""action"": ""call"", ""amount"": 50, ""seat"": 1}, {""action"": ""check"", ""amount"": 0, ""seat"": 0}, {""action"": ""check"", ""amount"": 0, ""seat"": 0}, {""action"": ""raise"", ""amount"": 124, ""seat"": 1}, {""action"": ""fold"", ""amount"": 0, ""seat"": 0}]"
overfold_exploiter,2026060716,0,133,deployed_overfold_exploiter_s2026060716_o0_h0133,flop,flop_cbet_or_probe,overfold_exploiter,raise,124,324,7,8,324,-100,100,flop,324,False,7c 9c 9s,"[{""action"": ""small_blind"", ""amount"": 50, ""seat"": 1}, {""action"": ""big_blind"", ""amount"": 100, ""seat"": 0}, {""action"": ""call"", ""amount"": 50, ""seat"": 1}, {""action"": ""check"", ""amount"": 0, ""seat"": 0}, {""action"": ""check"", ""amount"": 0, ""seat"": 0}, {""action"": ""raise"", ""amount"": 124, ""seat"": 1}, {""action"": ""fold"", ""amount"": 0, ""seat"": 0}]"
overfold_exploiter,2026060716,0,147,deployed_overfold_exploiter_s2026060716_o0_h0147,flop,flop_cbet_or_probe,overfold_exploiter,raise,124,324,7,8,324,-100,100,flop,324,False,Js Jc 9h,"[{""action"": ""small_blind"", ""amount"": 50, ""seat"": 1}, {""action"": ""big_blind"", ""amount"": 100, ""seat"": 0}, {""action"": ""call"", ""amount"": 50, ""seat"": 1}, {""action"": ""check"", ""amount"": 0, ""seat"": 0}, {""action"": ""check"", ""amount"": 0, ""seat"": 0}, {""action"": ""raise"", ""amount"": 124, ""seat"": 1}, {""action"": ""fold"", ""amount"": 0, ""seat"": 0}]"
overfold_exploiter,2026060716,0,163,deployed_overfold_exploiter_s2026060716_o0_h0163,flop,flop_cbet_or_probe,overfold_exploiter,raise,124,324,7,8,324,-100,100,flop,324,False,3c Ad Qs,"[{""action"": ""small_blind"", ""amount"": 50, ""seat"": 1}, {""action"": ""big_blind"", ""amount"": 100, ""seat"": 0}, {""action"": ""call"", ""amount"": 50, ""seat"": 1}, {""action"": ""check"", ""amount"": 0, ""seat"": 0}, {""action"": ""check"", ""amount"": 0, ""seat"": 0}, {""action"": ""raise"", ""amount"": 124, ""seat"": 1}, {""action"": ""fold"", ""amount"": 0, ""seat"": 0}]"
overfold_exploiter,2026060716,0,167,deployed_overfold_exploiter_s2026060716_o0_h0167,flop,flop_cbet_or_probe,overfold_exploiter,raise,124,324,7,8,324,-100,100,flop,324,False,Jh 9d Ad,"[{""action"": ""small_blind"", ""amount"": 50, ""seat"": 1}, {""action"": ""big_blind"", ""amount"": 100, ""seat"": 0}, {""action"": ""call"", ""amount"": 50, ""seat"": 1}, {""action"": ""check"", ""amount"": 0, ""seat"": 0}, {""action"": ""check"", ""amount"": 0, ""seat"": 0}, {""action"": ""raise"", ""amount"": 124, ""seat"": 1}, {""action"": ""fold"", ""amount"": 0, ""seat"": 0}]"
overfold_exploiter,2026060716,0,179,deployed_overfold_exploiter_s2026060716_o0_h0179,flop,flop_cbet_or_probe,overfold_exploiter,raise,124,324,7,8,324,-100,100,flop,324,False,Tc 5c 5d,"[{""action"": ""small_blind"", ""amount"": 50, ""seat"": 1}, {""action"": ""big_blind"", ""amount"": 100, ""seat"": 0}, {""action"": ""call"", ""amount"": 50, ""seat"": 1}, {""action"": ""check"", ""amount"": 0, ""seat"": 0}, {""action"": ""check"", ""amount"": 0, ""seat"": 0}, {""action"": ""raise"", ""amount"": 124, ""seat"": 1}, {""action"": ""fold"", ""amount"": 0, ""seat"": 0}]"
overfold_exploiter,2026060716,0,183,deployed_overfold_exploiter_s2026060716_o0_h0183,flop,flop_cbet_or_probe,overfold_exploiter,raise,124,324,7,8,324,-100,100,flop,324,False,6c Ac 9h,"[{""action"": ""small_blind"", ""amount"": 50, ""seat"": 1}, {""action"": ""big_blind"", ""amount"": 100, ""seat"": 0}, {""action"": ""call"", ""amount"": 50, ""seat"": 1}, {""action"": ""check"", ""amount"": 0, ""seat"": 0}, {""action"": ""check"", ""amount"": 0, ""seat"": 0}, {""action"": ""raise"", ""amount"": 124, ""seat"": 1}, {""action"": ""fold"", ""amount"": 0, ""seat"": 0}]"
overfold_exploiter,2026060716,0,189,deployed_overfold_exploiter_s2026060716_o0_h0189,flop,flop_cbet_or_probe,overfold_exploiter,raise,124,324,7,8,324,-100,100,flop,324,False,6c 9d 5h,"[{""action"": ""small_blind"", ""amount"": 50, ""seat"": 1}, {""action"": ""big_blind"", ""amount"": 100, ""seat"": 0}, {""action"": ""call"", ""amount"": 50, ""seat"": 1}, {""action"": ""check"", ""amount"": 0, ""seat"": 0}, {""action"": ""check"", ""amount"": 0, ""seat"": 0}, {""action"": ""raise"", ""amount"": 124, ""seat"": 1}, {""action"": ""fold"", ""amount"": 0, ""seat"": 0}]"
overfold_exploiter,2026060716,1,4,deployed_overfold_exploiter_s2026060716_o1_h0004,flop,flop_cbet_or_probe,overfold_exploiter,raise,124,324,7,8,324,-100,100,flop,324,False,Ks 8s Ts,"[{""action"": ""small_blind"", ""amount"": 50, ""seat"": 0}, {""action"": ""big_blind"", ""amount"": 100, ""seat"": 1}, {""action"": ""call"", ""amount"": 50, ""seat"": 0}, {""action"": ""check"", ""amount"": 0, ""seat"": 1}, {""action"": ""check"", ""amount"": 0, ""seat"": 1}, {""action"": ""raise"", ""amount"": 124, ""seat"": 0}, {""action"": ""fold"", ""amount"": 0, ""seat"": 1}]"
overfold_exploiter,2026060716,1,18,deployed_overfold_exploiter_s2026060716_o1_h0018,flop,flop_cbet_or_probe,overfold_exploiter,raise,124,324,7,8,324,-100,100,flop,324,False,7h 4h Kh,"[{""action"": ""small_blind"", ""amount"": 50, ""seat"": 0}, {""action"": ""big_blind"", ""amount"": 100, ""seat"": 1}, {""action"": ""call"", ""amount"": 50, ""seat"": 0}, {""action"": ""check"", ""amount"": 0, ""seat"": 1}, {""action"": ""check"", ""amount"": 0, ""seat"": 1}, {""action"": ""raise"", ""amount"": 124, ""seat"": 0}, {""action"": ""fold"", ""amount"": 0, ""seat"": 1}]"
overfold_exploiter,2026060716,1,20,deployed_overfold_exploiter_s2026060716_o1_h0020,flop,flop_cbet_or_probe,overfold_exploiter,raise,124,324,7,8,324,-100,100,flop,324,False,Ks 5h 6s,"[{""action"": ""small_blind"", ""amount"": 50, ""seat"": 0}, {""action"": ""big_blind"", ""amount"": 100, ""seat"": 1}, {""action"": ""call"", ""amount"": 50, ""seat"": 0}, {""action"": ""check"", ""amount"": 0, ""seat"": 1}, {""action"": ""check"", ""amount"": 0, ""seat"": 1}, {""action"": ""raise"", ""amount"": 124, ""seat"": 0}, {""action"": ""fold"", ""amount"": 0, ""seat"": 1}]"
overfold_exploiter,2026060716,1,34,deployed_overfold_exploiter_s2026060716_o1_h0034,flop,flop_cbet_or_probe,overfold_exploiter,raise,124,324,7,8,324,-100,100,flop,324,False,6d 8c 4h,"[{""action"": ""small_blind"", ""amount"": 50, ""seat"": 0}, {""action"": ""big_blind"", ""amount"": 100, ""seat"": 1}, {""action"": ""call"", ""amount"": 50, ""seat"": 0}, {""action"": ""check"", ""amount"": 0, ""seat"": 1}, {""action"": ""check"", ""amount"": 0, ""seat"": 1}, {""action"": ""raise"", ""amount"": 124, ""seat"": 0}, {""action"": ""fold"", ""amount"": 0, ""seat"": 1}]"
overfold_exploiter,2026060716,1,54,deployed_overfold_exploiter_s2026060716_o1_h0054,flop,flop_cbet_or_probe,overfold_exploiter,raise,124,324,7,8,324,-100,100,flop,324,False,6h 8c 8d,"[{""action"": ""small_blind"", ""amount"": 50, ""seat"": 0}, {""action"": ""big_blind"", ""amount"": 100, ""seat"": 1}, {""action"": ""call"", ""amount"": 50, ""seat"": 0}, {""action"": ""check"", ""amount"": 0, ""seat"": 1}, {""action"": ""check"", ""amount"": 0, ""seat"": 1}, {""action"": ""raise"", ""amount"": 124, ""seat"": 0}, {""action"": ""fold"", ""amount"": 0, ""seat"": 1}]"
overfold_exploiter,2026060716,1,72,deployed_overfold_exploiter_s2026060716_o1_h0072,flop,flop_cbet_or_probe,overfold_exploiter,raise,124,324,7,8,324,-100,100,flop,324,False,Ah Qd 9h,"[{""action"": ""small_blind"", ""amount"": 50, ""seat"": 0}, {""action"": ""big_blind"", ""amount"": 100, ""seat"": 1}, {""action"": ""call"", ""amount"": 50, ""seat"": 0}, {""action"": ""check"", ""amount"": 0, ""seat"": 1}, {""action"": ""check"", ""amount"": 0, ""seat"": 1}, {""action"": ""raise"", ""amount"": 124, ""seat"": 0}, {""action"": ""fold"", ""amount"": 0, ""seat"": 1}]"
overfold_exploiter,2026060716,1,74,deployed_overfold_exploiter_s2026060716_o1_h0074,flop,flop_cbet_or_probe,overfold_exploiter,raise,124,324,7,8,324,-100,100,flop,324,False,3h Tc Qd,"[{""action"": ""small_blind"", ""amount"": 50, ""seat"": 0}, {""action"": ""big_blind"", ""amount"": 100, ""seat"": 1}, {""action"": ""call"", ""amount"": 50, ""seat"": 0}, {""action"": ""check"", ""amount"": 0, ""seat"": 1}, {""action"": ""check"", ""amount"": 0, ""seat"": 1}, {""action"": ""raise"", ""amount"": 124, ""seat"": 0}, {""action"": ""fold"", ""amount"": 0, ""seat"": 1}]"
overfold_exploiter,2026060716,1,78,deployed_overfold_exploiter_s2026060716_o1_h0078,flop,flop_cbet_or_probe,overfold_exploiter,raise,124,324,7,8,324,-100,100,flop,324,False,Qh Jc 6s,"[{""action"": ""small_blind"", ""amount"": 50, ""seat"": 0}, {""action"": ""big_blind"", ""amount"": 100, ""seat"": 1}, {""action"": ""call"", ""amount"": 50, ""seat"": 0}, {""action"": ""check"", ""amount"": 0, ""seat"": 1}, {""action"": ""check"", ""amount"": 0, ""seat"": 1}, {""action"": ""raise"", ""amount"": 124, ""seat"": 0}, {""action"": ""fold"", ""amount"": 0, ""seat"": 1}]"
overfold_exploiter,2026060716,1,80,deployed_overfold_exploiter_s2026060716_o1_h0080,turn,turn_probe,overfold_exploiter,raise,144,344,10,11,344,-100,100,turn,344,False,Kd 5c 3h 9s,"[{""action"": ""small_blind"", ""amount"": 50, ""seat"": 0}, {""action"": ""big_blind"", ""amount"": 100, ""seat"": 1}, {""action"": ""call"", ""amount"": 50, ""seat"": 0}, {""action"": ""check"", ""amount"": 0, ""seat"": 1}, {""action"": ""check"", ""amount"": 0, ""seat"": 1}, {""action"": ""check"", ""amount"": 0, ""seat"": 0}, {""action"": ""check"", ""amount"": 0, ""seat"": 1}, {""action"": ""raise"", ""amount"": 144, ""seat"": 0}, {""action"": ""fold"", ""amount"": 0, ""seat"": 1}]"
overfold_exploiter,2026060716,1,88,deployed_overfold_exploiter_s2026060716_o1_h0088,flop,flop_cbet_or_probe,overfold_exploiter,raise,124,324,7,8,324,-100,100,flop,324,False,9d 6c 9s,"[{""action"": ""small_blind"", ""amount"": 50, ""seat"": 0}, {""action"": ""big_blind"", ""amount"": 100, ""seat"": 1}, {""action"": ""call"", ""amount"": 50, ""seat"": 0}, {""action"": ""check"", ""amount"": 0, ""seat"": 1}, {""action"": ""check"", ""amount"": 0, ""seat"": 1}, {""action"": ""raise"", ""amount"": 124, ""seat"": 0}, {""action"": ""fold"", ""amount"": 0, ""seat"": 1}]"
overfold_exploiter,2026060716,1,94,deployed_overfold_exploiter_s2026060716_o1_h0094,flop,flop_cbet_or_probe,overfold_exploiter,raise,124,324,7,8,324,-100,100,flop,324,False,5h Tc 2s,"[{""action"": ""small_blind"", ""amount"": 50, ""seat"": 0}, {""action"": ""big_blind"", ""amount"": 100, ""seat"": 1}, {""action"": ""call"", ""amount"": 50, ""seat"": 0}, {""action"": ""check"", ""amount"": 0, ""seat"": 1}, {""action"": ""check"", ""amount"": 0, ""seat"": 1}, {""action"": ""raise"", ""amount"": 124, ""seat"": 0}, {""action"": ""fold"", ""amount"": 0, ""seat"": 1}]"
overfold_exploiter,2026060716,1,98,deployed_overfold_exploiter_s2026060716_o1_h0098,flop,flop_cbet_or_probe,overfold_exploiter,raise,124,324,7,8,324,-100,100,flop,324,False,9c Jh 2s,"[{""action"": ""small_blind"", ""amount"": 50, ""seat"": 0}, {""action"": ""big_blind"", ""amount"": 100, ""seat"": 1}, {""action"": ""call"", ""amount"": 50, ""seat"": 0}, {""action"": ""check"", ""amount"": 0, ""seat"": 1}, {""action"": ""check"", ""amount"": 0, ""seat"": 1}, {""action"": ""raise"", ""amount"": 124, ""seat"": 0}, {""action"": ""fold"", ""amount"": 0, ""seat"": 1}]"
overfold_exploiter,2026060716,1,114,deployed_overfold_exploiter_s2026060716_o1_h0114,flop,flop_cbet_or_probe,overfold_exploiter,raise,124,324,7,8,324,-100,100,flop,324,False,Th 8s Ah,"[{""action"": ""small_blind"", ""amount"": 50, ""seat"": 0}, {""action"": ""big_blind"", ""amount"": 100, ""seat"": 1}, {""action"": ""call"", ""amount"": 50, ""seat"": 0}, {""action"": ""check"", ""amount"": 0, ""seat"": 1}, {""action"": ""check"", ""amount"": 0, ""seat"": 1}, {""action"": ""raise"", ""amount"": 124, ""seat"": 0}, {""action"": ""fold"", ""amount"": 0, ""seat"": 1}]"
overfold_exploiter,2026060716,1,120,deployed_overfold_exploiter_s2026060716_o1_h0120,flop,flop_cbet_or_probe,overfold_exploiter,raise,124,324,7,8,324,-100,100,flop,324,False,2c 3h 2d,"[{""action"": ""small_blind"", ""amount"": 50, ""seat"": 0}, {""action"": ""big_blind"", ""amount"": 100, ""seat"": 1}, {""action"": ""call"", ""amount"": 50, ""seat"": 0}, {""action"": ""check"", ""amount"": 0, ""seat"": 1}, {""action"": ""check"", ""amount"": 0, ""seat"": 1}, {""action"": ""raise"", ""amount"": 124, ""seat"": 0}, {""action"": ""fold"", ""amount"": 0, ""seat"": 1}]"
overfold_exploiter,2026060716,1,124,deployed_overfold_exploiter_s2026060716_o1_h0124,flop,flop_cbet_or_probe,overfold_exploiter,raise,124,324,7,8,324,-100,100,flop,324,False,Jc 2c Qs,"[{""action"": ""small_blind"", ""amount"": 50, ""seat"": 0}, {""action"": ""big_blind"", ""amount"": 100, ""seat"": 1}, {""action"": ""call"", ""amount"": 50, ""seat"": 0}, {""action"": ""check"", ""amount"": 0, ""seat"": 1}, {""action"": ""check"", ""amount"": 0, ""seat"": 1}, {""action"": ""raise"", ""amount"": 124, ""seat"": 0}, {""action"": ""fold"", ""amount"": 0, ""seat"": 1}]"
overfold_exploiter,2026060716,1,126,deployed_overfold_exploiter_s2026060716_o1_h0126,flop,flop_cbet_or_probe,overfold_exploiter,raise,124,324,7,8,324,-100,100,flop,324,False,3s Qd Ad,"[{""action"": ""small_blind"", ""amount"": 50, ""seat"": 0}, {""action"": ""big_blind"", ""amount"": 100, ""seat"": 1}, {""action"": ""call"", ""amount"": 50, ""seat"": 0}, {""action"": ""check"", ""amount"": 0, ""seat"": 1}, {""action"": ""check"", ""amount"": 0, ""seat"": 1}, {""action"": ""raise"", ""amount"": 124, ""seat"": 0}, {""action"": ""fold"", ""amount"": 0, ""seat"": 1}]"
overfold_exploiter,2026060716,1,130,deployed_overfold_exploiter_s2026060716_o1_h0130,flop,flop_cbet_or_probe,overfold_exploiter,raise,124,324,7,8,324,-100,100,flop,324,False,Qs 3h 7s,"[{""action"": ""small_blind"", ""amount"": 50, ""seat"": 0}, {""action"": ""big_blind"", ""amount"": 100, ""seat"": 1}, {""action"": ""call"", ""amount"": 50, ""seat"": 0}, {""action"": ""check"", ""amount"": 0, ""seat"": 1}, {""action"": ""check"", ""amount"": 0, ""seat"": 1}, {""action"": ""raise"", ""amount"": 124, ""seat"": 0}, {""action"": ""fold"", ""amount"": 0, ""seat"": 1}]"
overfold_exploiter,2026060716,1,134,deployed_overfold_exploiter_s2026060716_o1_h0134,flop,flop_cbet_or_probe,overfold_exploiter,raise,124,324,7,8,324,-100,100,flop,324,False,3s 2s 3h,"[{""action"": ""small_blind"", ""amount"": 50, ""seat"": 0}, {""action"": ""big_blind"", ""amount"": 100, ""seat"": 1}, {""action"": ""call"", ""amount"": 50, ""seat"": 0}, {""action"": ""check"", ""amount"": 0, ""seat"": 1}, {""action"": ""check"", ""amount"": 0, ""seat"": 1}, {""action"": ""raise"", ""amount"": 124, ""seat"": 0}, {""action"": ""fold"", ""amount"": 0, ""seat"": 1}]"
overfold_exploiter,2026060716,1,142,deployed_overfold_exploiter_s2026060716_o1_h0142,flop,flop_cbet_or_probe,overfold_exploiter,raise,124,324,7,8,324,-100,100,flop,324,False,6h 7s Qs,"[{""action"": ""small_blind"", ""amount"": 50, ""seat"": 0}, {""action"": ""big_blind"", ""amount"": 100, ""seat"": 1}, {""action"": ""call"", ""amount"": 50, ""seat"": 0}, {""action"": ""check"", ""amount"": 0, ""seat"": 1}, {""action"": ""check"", ""amount"": 0, ""seat"": 1}, {""action"": ""raise"", ""amount"": 124, ""seat"": 0}, {""action"": ""fold"", ""amount"": 0, ""seat"": 1}]"
overfold_exploiter,2026060716,1,146,deployed_overfold_exploiter_s2026060716_o1_h0146,flop,flop_cbet_or_probe,overfold_exploiter,raise,124,324,7,8,324,-100,100,flop,324,False,9d Th Jh,"[{""action"": ""small_blind"", ""amount"": 50, ""seat"": 0}, {""action"": ""big_blind"", ""amount"": 100, ""seat"": 1}, {""action"": ""call"", ""amount"": 50, ""seat"": 0}, {""action"": ""check"", ""amount"": 0, ""seat"": 1}, {""action"": ""check"", ""amount"": 0, ""seat"": 1}, {""action"": ""raise"", ""amount"": 124, ""seat"": 0}, {""action"": ""fold"", ""amount"": 0, ""seat"": 1}]"
overfold_exploiter,2026060716,1,158,deployed_overfold_exploiter_s2026060716_o1_h0158,flop,flop_cbet_or_probe,overfold_exploiter,raise,124,324,7,8,324,-100,100,flop,324,False,5d 8h 3s,"[{""action"": ""small_blind"", ""amount"": 50, ""seat"": 0}, {""action"": ""big_blind"", ""amount"": 100, ""seat"": 1}, {""action"": ""call"", ""amount"": 50, ""seat"": 0}, {""action"": ""check"", ""amount"": 0, ""seat"": 1}, {""action"": ""check"", ""amount"": 0, ""seat"": 1}, {""action"": ""raise"", ""amount"": 124, ""seat"": 0}, {""action"": ""fold"", ""amount"": 0, ""seat"": 1}]"
overfold_exploiter,2026060716,1,160,deployed_overfold_exploiter_s2026060716_o1_h0160,flop,flop_cbet_or_probe,overfold_exploiter,raise,124,324,7,8,324,-100,100,flop,324,False,Jd 7h Jh,"[{""action"": ""small_blind"", ""amount"": 50, ""seat"": 0}, {""action"": ""big_blind"", ""amount"": 100, ""seat"": 1}, {""action"": ""call"", ""amount"": 50, ""seat"": 0}, {""action"": ""check"", ""amount"": 0, ""seat"": 1}, {""action"": ""check"", ""amount"": 0, ""seat"": 1}, {""action"": ""raise"", ""amount"": 124, ""seat"": 0}, {""action"": ""fold"", ""amount"": 0, ""seat"": 1}]"
overfold_exploiter,2026060716,1,164,deployed_overfold_exploiter_s2026060716_o1_h0164,flop,flop_cbet_or_probe,overfold_exploiter,raise,124,324,7,8,324,-100,100,flop,324,False,Qh 7d Ad,"[{""action"": ""small_blind"", ""amount"": 50, ""seat"": 0}, {""action"": ""big_blind"", ""amount"": 100, ""seat"": 1}, {""action"": ""call"", ""amount"": 50, ""seat"": 0}, {""action"": ""check"", ""amount"": 0, ""seat"": 1}, {""action"": ""check"", ""amount"": 0, ""seat"": 1}, {""action"": ""raise"", ""amount"": 124, ""seat"": 0}, {""action"": ""fold"", ""amount"": 0, ""seat"": 1}]"
overfold_exploiter,2026060716,1,174,deployed_overfold_exploiter_s2026060716_o1_h0174,turn,turn_probe,overfold_exploiter,raise,144,344,10,11,344,-100,100,turn,344,False,Ks Ts Js 3s,"[{""action"": ""small_blind"", ""amount"": 50, ""seat"": 0}, {""action"": ""big_blind"", ""amount"": 100, ""seat"": 1}, {""action"": ""call"", ""amount"": 50, ""seat"": 0}, {""action"": ""check"", ""amount"": 0, ""seat"": 1}, {""action"": ""check"", ""amount"": 0, ""seat"": 1}, {""action"": ""check"", ""amount"": 0, ""seat"": 0}, {""action"": ""check"", ""amount"": 0, ""seat"": 1}, {""action"": ""raise"", ""amount"": 144, ""seat"": 0}, {""action"": ""fold"", ""amount"": 0, ""seat"": 1}]"
overfold_exploiter,2026060716,1,176,deployed_overfold_exploiter_s2026060716_o1_h0176,flop,flop_cbet_or_probe,overfold_exploiter,raise,124,324,7,8,324,-100,100,flop,324,False,9d 4d Qc,"[{""action"": ""small_blind"", ""amount"": 50, ""seat"": 0}, {""action"": ""big_blind"", ""amount"": 100, ""seat"": 1}, {""action"": ""call"", ""amount"": 50, ""seat"": 0}, {""action"": ""check"", ""amount"": 0, ""seat"": 1}, {""action"": ""check"", ""amount"": 0, ""seat"": 1}, {""action"": ""raise"", ""amount"": 124, ""seat"": 0}, {""action"": ""fold"", ""amount"": 0, ""seat"": 1}]"
overfold_exploiter,2026060716,1,198,deployed_overfold_exploiter_s2026060716_o1_h0198,flop,flop_cbet_or_probe,overfold_exploiter,raise,124,324,7,8,324,-100,100,flop,324,False,Qs 4d 5c,"[{""action"": ""small_blind"", ""amount"": 50, ""seat"": 0}, {""action"": ""big_blind"", ""amount"": 100, ""seat"": 1}, {""action"": ""call"", ""amount"": 50, ""seat"": 0}, {""action"": ""check"", ""amount"": 0, ""seat"": 1}, {""action"": ""check"", ""amount"": 0, ""seat"": 1}, {""action"": ""raise"", ""amount"": 124, ""seat"": 0}, {""action"": ""fold"", ""amount"": 0, ""seat"": 1}]"
overfold_exploiter,2026060717,0,11,deployed_overfold_exploiter_s2026060717_o0_h0011,flop,flop_cbet_or_probe,overfold_exploiter,raise,124,324,7,8,324,-100,100,flop,324,False,Kh Tc 2h,"[{""action"": ""small_blind"", ""amount"": 50, ""seat"": 1}, {""action"": ""big_blind"", ""amount"": 100, ""seat"": 0}, {""action"": ""call"", ""amount"": 50, ""seat"": 1}, {""action"": ""check"", ""amount"": 0, ""seat"": 0}, {""action"": ""check"", ""amount"": 0, ""seat"": 0}, {""action"": ""raise"", ""amount"": 124, ""seat"": 1}, {""action"": ""fold"", ""amount"": 0, ""seat"": 0}]"
overfold_exploiter,2026060717,0,15,deployed_overfold_exploiter_s2026060717_o0_h0015,turn,turn_probe,overfold_exploiter,raise,144,344,10,11,344,-100,100,turn,344,False,Qh 3c Ah 3h,"[{""action"": ""small_blind"", ""amount"": 50, ""seat"": 1}, {""action"": ""big_blind"", ""amount"": 100, ""seat"": 0}, {""action"": ""call"", ""amount"": 50, ""seat"": 1}, {""action"": ""check"", ""amount"": 0, ""seat"": 0}, {""action"": ""check"", ""amount"": 0, ""seat"": 0}, {""action"": ""check"", ""amount"": 0, ""seat"": 1}, {""action"": ""check"", ""amount"": 0, ""seat"": 0}, {""action"": ""raise"", ""amount"": 144, ""seat"": 1}, {""action"": ""fold"", ""amount"": 0, ""seat"": 0}]"
overfold_exploiter,2026060717,0,17,deployed_overfold_exploiter_s2026060717_o0_h0017,flop,flop_cbet_or_probe,overfold_exploiter,raise,124,324,7,8,324,-100,100,flop,324,False,Kc 8c 6s,"[{""action"": ""small_blind"", ""amount"": 50, ""seat"": 1}, {""action"": ""big_blind"", ""amount"": 100, ""seat"": 0}, {""action"": ""call"", ""amount"": 50, ""seat"": 1}, {""action"": ""check"", ""amount"": 0, ""seat"": 0}, {""action"": ""check"", ""amount"": 0, ""seat"": 0}, {""action"": ""raise"", ""amount"": 124, ""seat"": 1}, {""action"": ""fold"", ""amount"": 0, ""seat"": 0}]"
overfold_exploiter,2026060717,0,21,deployed_overfold_exploiter_s2026060717_o0_h0021,flop,flop_cbet_or_probe,overfold_exploiter,raise,124,324,7,8,324,-100,100,flop,324,False,6s Qh 6h,"[{""action"": ""small_blind"", ""amount"": 50, ""seat"": 1}, {""action"": ""big_blind"", ""amount"": 100, ""seat"": 0}, {""action"": ""call"", ""amount"": 50, ""seat"": 1}, {""action"": ""check"", ""amount"": 0, ""seat"": 0}, {""action"": ""check"", ""amount"": 0, ""seat"": 0}, {""action"": ""raise"", ""amount"": 124, ""seat"": 1}, {""action"": ""fold"", ""amount"": 0, ""seat"": 0}]"
overfold_exploiter,2026060717,0,34,deployed_overfold_exploiter_s2026060717_o0_h0034,flop,flop_cbet_or_probe,overfold_exploiter,raise,310,810,6,7,810,-250,250,flop,810,False,7h 8d As,"[{""action"": ""small_blind"", ""amount"": 50, ""seat"": 0}, {""action"": ""big_blind"", ""amount"": 100, ""seat"": 1}, {""action"": ""raise"", ""amount"": 250, ""seat"": 0}, {""action"": ""call"", ""amount"": 150, ""seat"": 1}, {""action"": ""raise"", ""amount"": 310, ""seat"": 1}, {""action"": ""fold"", ""amount"": 0, ""seat"": 0}]"
overfold_exploiter,2026060717,0,45,deployed_overfold_exploiter_s2026060717_o0_h0045,flop,flop_cbet_or_probe,overfold_exploiter,raise,124,324,7,8,324,-100,100,flop,324,False,2h Kh 8d,"[{""action"": ""small_blind"", ""amount"": 50, ""seat"": 1}, {""action"": ""big_blind"", ""amount"": 100, ""seat"": 0}, {""action"": ""call"", ""amount"": 50, ""seat"": 1}, {""action"": ""check"", ""amount"": 0, ""seat"": 0}, {""action"": ""check"", ""amount"": 0, ""seat"": 0}, {""action"": ""raise"", ""amount"": 124, ""seat"": 1}, {""action"": ""fold"", ""amount"": 0, ""seat"": 0}]"
overfold_exploiter,2026060717,0,47,deployed_overfold_exploiter_s2026060717_o0_h0047,flop,flop_cbet_or_probe,overfold_exploiter,raise,124,324,7,8,324,-100,100,flop,324,False,3s 9c 7d,"[{""action"": ""small_blind"", ""amount"": 50, ""seat"": 1}, {""action"": ""big_blind"", ""amount"": 100, ""seat"": 0}, {""action"": ""call"", ""amount"": 50, ""seat"": 1}, {""action"": ""check"", ""amount"": 0, ""seat"": 0}, {""action"": ""check"", ""amount"": 0, ""seat"": 0}, {""action"": ""raise"", ""amount"": 124, ""seat"": 1}, {""action"": ""fold"", ""amount"": 0, ""seat"": 0}]"
overfold_exploiter,2026060717,0,73,deployed_overfold_exploiter_s2026060717_o0_h0073,flop,flop_cbet_or_probe,overfold_exploiter,raise,124,324,7,8,324,-100,100,flop,324,False,4c Kc 8c,"[{""action"": ""small_blind"", ""amount"": 50, ""seat"": 1}, {""action"": ""big_blind"", ""amount"": 100, ""seat"": 0}, {""action"": ""call"", ""amount"": 50, ""seat"": 1}, {""action"": ""check"", ""amount"": 0, ""seat"": 0}, {""action"": ""check"", ""amount"": 0, ""seat"": 0}, {""action"": ""raise"", ""amount"": 124, ""seat"": 1}, {""action"": ""fold"", ""amount"": 0, ""seat"": 0}]"
overfold_exploiter,2026060717,0,79,deployed_overfold_exploiter_s2026060717_o0_h0079,flop,flop_cbet_or_probe,overfold_exploiter,raise,124,324,7,8,324,-100,100,flop,324,False,7h Ts 4d,"[{""action"": ""small_blind"", ""amount"": 50, ""seat"": 1}, {""action"": ""big_blind"", ""amount"": 100, ""seat"": 0}, {""action"": ""call"", ""amount"": 50, ""seat"": 1}, {""action"": ""check"", ""amount"": 0, ""seat"": 0}, {""action"": ""check"", ""amount"": 0, ""seat"": 0}, {""action"": ""raise"", ""amount"": 124, ""seat"": 1}, {""action"": ""fold"", ""amount"": 0, ""seat"": 0}]"
overfold_exploiter,2026060717,0,87,deployed_overfold_exploiter_s2026060717_o0_h0087,turn,turn_barrel,overfold_exploiter,raise,322,770,11,12,770,-224,224,turn,770,False,2c 3c 4s 8s,"[{""action"": ""small_blind"", ""amount"": 50, ""seat"": 1}, {""action"": ""big_blind"", ""amount"": 100, ""seat"": 0}, {""action"": ""call"", ""amount"": 50, ""seat"": 1}, {""action"": ""check"", ""amount"": 0, ""seat"": 0}, {""action"": ""check"", ""amount"": 0, ""seat"": 0}, {""action"": ""raise"", ""amount"": 124, ""seat"": 1}, {""action"": ""call"", ""amount"": 124, ""seat"": 0}, {""action"": ""check"", ""amount"": 0, ""seat"": 0}, {""action"": ""raise"", ""amount"": 322, ""seat"": 1}, {""action"": ""fold"", ""amount"": 0, ""seat"": 0}]"
overfold_exploiter,2026060717,0,95,deployed_overfold_exploiter_s2026060717_o0_h0095,flop,flop_cbet_or_probe,overfold_exploiter,raise,124,324,7,8,324,-100,100,flop,324,False,8d Ad 9c,"[{""action"": ""small_blind"", ""amount"": 50, ""seat"": 1}, {""action"": ""big_blind"", ""amount"": 100, ""seat"": 0}, {""action"": ""call"", ""amount"": 50, ""seat"": 1}, {""action"": ""check"", ""amount"": 0, ""seat"": 0}, {""action"": ""check"", ""amount"": 0, ""seat"": 0}, {""action"": ""raise"", ""amount"": 124, ""seat"": 1}, {""action"": ""fold"", ""amount"": 0, ""seat"": 0}]"
overfold_exploiter,2026060717,0,99,deployed_overfold_exploiter_s2026060717_o0_h0099,flop,flop_cbet_or_probe,overfold_exploiter,raise,124,324,7,8,324,-100,100,flop,324,False,9s Tc 5s,"[{""action"": ""small_blind"", ""amount"": 50, ""seat"": 1}, {""action"": ""big_blind"", ""amount"": 100, ""seat"": 0}, {""action"": ""call"", ""amount"": 50, ""seat"": 1}, {""action"": ""check"", ""amount"": 0, ""seat"": 0}, {""action"": ""check"", ""amount"": 0, ""seat"": 0}, {""action"": ""raise"", ""amount"": 124, ""seat"": 1}, {""action"": ""fold"", ""amount"": 0, ""seat"": 0}]"
overfold_exploiter,2026060717,0,101,deployed_overfold_exploiter_s2026060717_o0_h0101,flop,flop_cbet_or_probe,overfold_exploiter,raise,124,324,7,8,324,-100,100,flop,324,False,9d 9h 7c,"[{""action"": ""small_blind"", ""amount"": 50, ""seat"": 1}, {""action"": ""big_blind"", ""amount"": 100, ""seat"": 0}, {""action"": ""call"", ""amount"": 50, ""seat"": 1}, {""action"": ""check"", ""amount"": 0, ""seat"": 0}, {""action"": ""check"", ""amount"": 0, ""seat"": 0}, {""action"": ""raise"", ""amount"": 124, ""seat"": 1}, {""action"": ""fold"", ""amount"": 0, ""seat"": 0}]"
overfold_exploiter,2026060717,0,105,deployed_overfold_exploiter_s2026060717_o0_h0105,flop,flop_cbet_or_probe,overfold_exploiter,raise,124,324,7,8,324,-100,100,flop,324,False,Td 6c 7c,"[{""action"": ""small_blind"", ""amount"": 50, ""seat"": 1}, {""action"": ""big_blind"", ""amount"": 100, ""seat"": 0}, {""action"": ""call"", ""amount"": 50, ""seat"": 1}, {""action"": ""check"", ""amount"": 0, ""seat"": 0}, {""action"": ""check"", ""amount"": 0, ""seat"": 0}, {""action"": ""raise"", ""amount"": 124, ""seat"": 1}, {""action"": ""fold"", ""amount"": 0, ""seat"": 0}]"
overfold_exploiter,2026060717,0,119,deployed_overfold_exploiter_s2026060717_o0_h0119,flop,flop_cbet_or_probe,overfold_exploiter,raise,124,324,7,8,324,-100,100,flop,324,False,5s 3s 7d,"[{""action"": ""small_blind"", ""amount"": 50, ""seat"": 1}, {""action"": ""big_blind"", ""amount"": 100, ""seat"": 0}, {""action"": ""call"", ""amount"": 50, ""seat"": 1}, {""action"": ""check"", ""amount"": 0, ""seat"": 0}, {""action"": ""check"", ""amount"": 0, ""seat"": 0}, {""action"": ""raise"", ""amount"": 124, ""seat"": 1}, {""action"": ""fold"", ""amount"": 0, ""seat"": 0}]"
overfold_exploiter,2026060717,0,121,deployed_overfold_exploiter_s2026060717_o0_h0121,flop,flop_cbet_or_probe,overfold_exploiter,raise,124,324,7,8,324,-100,100,flop,324,False,8d 5h Ah,"[{""action"": ""small_blind"", ""amount"": 50, ""seat"": 1}, {""action"": ""big_blind"", ""amount"": 100, ""seat"": 0}, {""action"": ""call"", ""amount"": 50, ""seat"": 1}, {""action"": ""check"", ""amount"": 0, ""seat"": 0}, {""action"": ""check"", ""amount"": 0, ""seat"": 0}, {""action"": ""raise"", ""amount"": 124, ""seat"": 1}, {""action"": ""fold"", ""amount"": 0, ""seat"": 0}]"
overfold_exploiter,2026060717,0,135,deployed_overfold_exploiter_s2026060717_o0_h0135,flop,flop_cbet_or_probe,overfold_exploiter,raise,124,324,7,8,324,-100,100,flop,324,False,5c Ah Qc,"[{""action"": ""small_blind"", ""amount"": 50, ""seat"": 1}, {""action"": ""big_blind"", ""amount"": 100, ""seat"": 0}, {""action"": ""call"", ""amount"": 50, ""seat"": 1}, {""action"": ""check"", ""amount"": 0, ""seat"": 0}, {""action"": ""check"", ""amount"": 0, ""seat"": 0}, {""action"": ""raise"", ""amount"": 124, ""seat"": 1}, {""action"": ""fold"", ""amount"": 0, ""seat"": 0}]"
overfold_exploiter,2026060717,0,139,deployed_overfold_exploiter_s2026060717_o0_h0139,flop,flop_cbet_or_probe,overfold_exploiter,raise,124,324,7,8,324,-100,100,flop,324,False,3d Ac 6s,"[{""action"": ""small_blind"", ""amount"": 50, ""seat"": 1}, {""action"": ""big_blind"", ""amount"": 100, ""seat"": 0}, {""action"": ""call"", ""amount"": 50, ""seat"": 1}, {""action"": ""check"", ""amount"": 0, ""seat"": 0}, {""action"": ""check"", ""amount"": 0, ""seat"": 0}, {""action"": ""raise"", ""amount"": 124, ""seat"": 1}, {""action"": ""fold"", ""amount"": 0, ""seat"": 0}]"
overfold_exploiter,2026060717,0,141,deployed_overfold_exploiter_s2026060717_o0_h0141,flop,flop_cbet_or_probe,overfold_exploiter,raise,124,324,7,8,324,-100,100,flop,324,False,Kh 5h 9d,"[{""action"": ""small_blind"", ""amount"": 50, ""seat"": 1}, {""action"": ""big_blind"", ""amount"": 100, ""seat"": 0}, {""action"": ""call"", ""amount"": 50, ""seat"": 1}, {""action"": ""check"", ""amount"": 0, ""seat"": 0}, {""action"": ""check"", ""amount"": 0, ""seat"": 0}, {""action"": ""raise"", ""amount"": 124, ""seat"": 1}, {""action"": ""fold"", ""amount"": 0, ""seat"": 0}]"
overfold_exploiter,2026060717,0,149,deployed_overfold_exploiter_s2026060717_o0_h0149,flop,flop_cbet_or_probe,overfold_exploiter,raise,124,324,7,8,324,-100,100,flop,324,False,8c Th Kh,"[{""action"": ""small_blind"", ""amount"": 50, ""seat"": 1}, {""action"": ""big_blind"", ""amount"": 100, ""seat"": 0}, {""action"": ""call"", ""amount"": 50, ""seat"": 1}, {""action"": ""check"", ""amount"": 0, ""seat"": 0}, {""action"": ""check"", ""amount"": 0, ""seat"": 0}, {""action"": ""raise"", ""amount"": 124, ""seat"": 1}, {""action"": ""fold"", ""amount"": 0, ""seat"": 0}]"
overfold_exploiter,2026060717,0,151,deployed_overfold_exploiter_s2026060717_o0_h0151,flop,flop_cbet_or_probe,overfold_exploiter,raise,124,324,7,8,324,-100,100,flop,324,False,6d 3h Td,"[{""action"": ""small_blind"", ""amount"": 50, ""seat"": 1}, {""action"": ""big_blind"", ""amount"": 100, ""seat"": 0}, {""action"": ""call"", ""amount"": 50, ""seat"": 1}, {""action"": ""check"", ""amount"": 0, ""seat"": 0}, {""action"": ""check"", ""amount"": 0, ""seat"": 0}, {""action"": ""raise"", ""amount"": 124, ""seat"": 1}, {""action"": ""fold"", ""amount"": 0, ""seat"": 0}]"
overfold_exploiter,2026060717,0,155,deployed_overfold_exploiter_s2026060717_o0_h0155,flop,flop_cbet_or_probe,overfold_exploiter,raise,124,324,7,8,324,-100,100,flop,324,False,9h 7d 8s,"[{""action"": ""small_blind"", ""amount"": 50, ""seat"": 1}, {""action"": ""big_blind"", ""amount"": 100, ""seat"": 0}, {""action"": ""call"", ""amount"": 50, ""seat"": 1}, {""action"": ""check"", ""amount"": 0, ""seat"": 0}, {""action"": ""check"", ""amount"": 0, ""seat"": 0}, {""action"": ""raise"", ""amount"": 124, ""seat"": 1}, {""action"": ""fold"", ""amount"": 0, ""seat"": 0}]"
overfold_exploiter,2026060717,0,165,deployed_overfold_exploiter_s2026060717_o0_h0165,flop,flop_cbet_or_probe,overfold_exploiter,raise,124,324,7,8,324,-100,100,flop,324,False,As 9h Qh,"[{""action"": ""small_blind"", ""amount"": 50, ""seat"": 1}, {""action"": ""big_blind"", ""amount"": 100, ""seat"": 0}, {""action"": ""call"", ""amount"": 50, ""seat"": 1}, {""action"": ""check"", ""amount"": 0, ""seat"": 0}, {""action"": ""check"", ""amount"": 0, ""seat"": 0}, {""action"": ""raise"", ""amount"": 124, ""seat"": 1}, {""action"": ""fold"", ""amount"": 0, ""seat"": 0}]"
overfold_exploiter,2026060717,0,177,deployed_overfold_exploiter_s2026060717_o0_h0177,flop,flop_cbet_or_probe,overfold_exploiter,raise,124,324,7,8,324,-100,100,flop,324,False,6d 8d 2c,"[{""action"": ""small_blind"", ""amount"": 50, ""seat"": 1}, {""action"": ""big_blind"", ""amount"": 100, ""seat"": 0}, {""action"": ""call"", ""amount"": 50, ""seat"": 1}, {""action"": ""check"", ""amount"": 0, ""seat"": 0}, {""action"": ""check"", ""amount"": 0, ""seat"": 0}, {""action"": ""raise"", ""amount"": 124, ""seat"": 1}, {""action"": ""fold"", ""amount"": 0, ""seat"": 0}]"
overfold_exploiter,2026060717,0,179,deployed_overfold_exploiter_s2026060717_o0_h0179,flop,flop_cbet_or_probe,overfold_exploiter,raise,124,324,7,8,324,-100,100,flop,324,False,Kh Kd 5h,"[{""action"": ""small_blind"", ""amount"": 50, ""seat"": 1}, {""action"": ""big_blind"", ""amount"": 100, ""seat"": 0}, {""action"": ""call"", ""amount"": 50, ""seat"": 1}, {""action"": ""check"", ""amount"": 0, ""seat"": 0}, {""action"": ""check"", ""amount"": 0, ""seat"": 0}, {""action"": ""raise"", ""amount"": 124, ""seat"": 1}, {""action"": ""fold"", ""amount"": 0, ""seat"": 0}]"
overfold_exploiter,2026060717,0,189,deployed_overfold_exploiter_s2026060717_o0_h0189,flop,flop_cbet_or_probe,overfold_exploiter,raise,124,324,7,8,324,-100,100,flop,324,False,6c 5c Td,"[{""action"": ""small_blind"", ""amount"": 50, ""seat"": 1}, {""action"": ""big_blind"", ""amount"": 100, ""seat"": 0}, {""action"": ""call"", ""amount"": 50, ""seat"": 1}, {""action"": ""check"", ""amount"": 0, ""seat"": 0}, {""action"": ""check"", ""amount"": 0, ""seat"": 0}, {""action"": ""raise"", ""amount"": 124, ""seat"": 1}, {""action"": ""fold"", ""amount"": 0, ""seat"": 0}]"
overfold_exploiter,2026060717,0,197,deployed_overfold_exploiter_s2026060717_o0_h0197,flop,flop_cbet_or_probe,overfold_exploiter,raise,124,324,7,8,324,-100,100,flop,324,False,7d 5c 7s,"[{""action"": ""small_blind"", ""amount"": 50, ""seat"": 1}, {""action"": ""big_blind"", ""amount"": 100, ""seat"": 0}, {""action"": ""call"", ""amount"": 50, ""seat"": 1}, {""action"": ""check"", ""amount"": 0, ""seat"": 0}, {""action"": ""check"", ""amount"": 0, ""seat"": 0}, {""action"": ""raise"", ""amount"": 124, ""seat"": 1}, {""action"": ""fold"", ""amount"": 0, ""seat"": 0}]"
overfold_exploiter,2026060717,1,6,deployed_overfold_exploiter_s2026060717_o1_h0006,flop,flop_cbet_or_probe,overfold_exploiter,raise,124,324,7,8,324,-100,100,flop,324,False,Jc Jh 5c,"[{""action"": ""small_blind"", ""amount"": 50, ""seat"": 0}, {""action"": ""big_blind"", ""amount"": 100, ""seat"": 1}, {""action"": ""call"", ""amount"": 50, ""seat"": 0}, {""action"": ""check"", ""amount"": 0, ""seat"": 1}, {""action"": ""check"", ""amount"": 0, ""seat"": 1}, {""action"": ""raise"", ""amount"": 124, ""seat"": 0}, {""action"": ""fold"", ""amount"": 0, ""seat"": 1}]"
overfold_exploiter,2026060717,1,10,deployed_overfold_exploiter_s2026060717_o1_h0010,flop,flop_cbet_or_probe,overfold_exploiter,raise,124,324,7,8,324,-100,100,flop,324,False,7s Ah 5s,"[{""action"": ""small_blind"", ""amount"": 50, ""seat"": 0}, {""action"": ""big_blind"", ""amount"": 100, ""seat"": 1}, {""action"": ""call"", ""amount"": 50, ""seat"": 0}, {""action"": ""check"", ""amount"": 0, ""seat"": 1}, {""action"": ""check"", ""amount"": 0, ""seat"": 1}, {""action"": ""raise"", ""amount"": 124, ""seat"": 0}, {""action"": ""fold"", ""amount"": 0, ""seat"": 1}]"
overfold_exploiter,2026060717,1,16,deployed_overfold_exploiter_s2026060717_o1_h0016,flop,flop_cbet_or_probe,overfold_exploiter,raise,124,324,7,8,324,-100,100,flop,324,False,9c Ad 7h,"[{""action"": ""small_blind"", ""amount"": 50, ""seat"": 0}, {""action"": ""big_blind"", ""amount"": 100, ""seat"": 1}, {""action"": ""call"", ""amount"": 50, ""seat"": 0}, {""action"": ""check"", ""amount"": 0, ""seat"": 1}, {""action"": ""check"", ""amount"": 0, ""seat"": 1}, {""action"": ""raise"", ""amount"": 124, ""seat"": 0}, {""action"": ""fold"", ""amount"": 0, ""seat"": 1}]"
overfold_exploiter,2026060717,1,40,deployed_overfold_exploiter_s2026060717_o1_h0040,flop,flop_cbet_or_probe,overfold_exploiter,raise,124,324,7,8,324,-100,100,flop,324,False,Ad 9c Jd,"[{""action"": ""small_blind"", ""amount"": 50, ""seat"": 0}, {""action"": ""big_blind"", ""amount"": 100, ""seat"": 1}, {""action"": ""call"", ""amount"": 50, ""seat"": 0}, {""action"": ""check"", ""amount"": 0, ""seat"": 1}, {""action"": ""check"", ""amount"": 0, ""seat"": 1}, {""action"": ""raise"", ""amount"": 124, ""seat"": 0}, {""action"": ""fold"", ""amount"": 0, ""seat"": 1}]"
overfold_exploiter,2026060717,1,42,deployed_overfold_exploiter_s2026060717_o1_h0042,flop,flop_cbet_or_probe,overfold_exploiter,raise,124,324,7,8,324,-100,100,flop,324,False,7d Jh 9s,"[{""action"": ""small_blind"", ""amount"": 50, ""seat"": 0}, {""action"": ""big_blind"", ""amount"": 100, ""seat"": 1}, {""action"": ""call"", ""amount"": 50, ""seat"": 0}, {""action"": ""check"", ""amount"": 0, ""seat"": 1}, {""action"": ""check"", ""amount"": 0, ""seat"": 1}, {""action"": ""raise"", ""amount"": 124, ""seat"": 0}, {""action"": ""fold"", ""amount"": 0, ""seat"": 1}]"
overfold_exploiter,2026060717,1,66,deployed_overfold_exploiter_s2026060717_o1_h0066,flop,flop_cbet_or_probe,overfold_exploiter,raise,620,1620,8,9,1620,-500,500,flop,1620,False,Qd 7c 2c,"[{""action"": ""small_blind"", ""amount"": 50, ""seat"": 0}, {""action"": ""big_blind"", ""amount"": 100, ""seat"": 1}, {""action"": ""call"", ""amount"": 50, ""seat"": 0}, {""action"": ""raise"", ""amount"": 500, ""seat"": 1}, {""action"": ""call"", ""amount"": 400, ""seat"": 0}, {""action"": ""check"", ""amount"": 0, ""seat"": 1}, {""action"": ""raise"", ""amount"": 620, ""seat"": 0}, {""action"": ""fold"", ""amount"": 0, ""seat"": 1}]"
overfold_exploiter,2026060717,1,80,deployed_overfold_exploiter_s2026060717_o1_h0080,flop,flop_cbet_or_probe,overfold_exploiter,raise,124,324,7,8,324,-100,100,flop,324,False,Td 9c 3c,"[{""action"": ""small_blind"", ""amount"": 50, ""seat"": 0}, {""action"": ""big_blind"", ""amount"": 100, ""seat"": 1}, {""action"": ""call"", ""amount"": 50, ""seat"": 0}, {""action"": ""check"", ""amount"": 0, ""seat"": 1}, {""action"": ""check"", ""amount"": 0, ""seat"": 1}, {""action"": ""raise"", ""amount"": 124, ""seat"": 0}, {""action"": ""fold"", ""amount"": 0, ""seat"": 1}]"
overfold_exploiter,2026060717,1,110,deployed_overfold_exploiter_s2026060717_o1_h0110,flop,flop_cbet_or_probe,overfold_exploiter,raise,124,324,7,8,324,-100,100,flop,324,False,As 5d Qh,"[{""action"": ""small_blind"", ""amount"": 50, ""seat"": 0}, {""action"": ""big_blind"", ""amount"": 100, ""seat"": 1}, {""action"": ""call"", ""amount"": 50, ""seat"": 0}, {""action"": ""check"", ""amount"": 0, ""seat"": 1}, {""action"": ""check"", ""amount"": 0, ""seat"": 1}, {""action"": ""raise"", ""amount"": 124, ""seat"": 0}, {""action"": ""fold"", ""amount"": 0, ""seat"": 1}]"
overfold_exploiter,2026060717,1,112,deployed_overfold_exploiter_s2026060717_o1_h0112,flop,flop_cbet_or_probe,overfold_exploiter,raise,124,324,7,8,324,-100,100,flop,324,False,7d 4d Jh,"[{""action"": ""small_blind"", ""amount"": 50, ""seat"": 0}, {""action"": ""big_blind"", ""amount"": 100, ""seat"": 1}, {""action"": ""call"", ""amount"": 50, ""seat"": 0}, {""action"": ""check"", ""amount"": 0, ""seat"": 1}, {""action"": ""check"", ""amount"": 0, ""seat"": 1}, {""action"": ""raise"", ""amount"": 124, ""seat"": 0}, {""action"": ""fold"", ""amount"": 0, ""seat"": 1}]"
overfold_exploiter,2026060717,1,114,deployed_overfold_exploiter_s2026060717_o1_h0114,flop,flop_cbet_or_probe,overfold_exploiter,raise,124,324,7,8,324,-100,100,flop,324,False,Qd 5s 6s,"[{""action"": ""small_blind"", ""amount"": 50, ""seat"": 0}, {""action"": ""big_blind"", ""amount"": 100, ""seat"": 1}, {""action"": ""call"", ""amount"": 50, ""seat"": 0}, {""action"": ""check"", ""amount"": 0, ""seat"": 1}, {""action"": ""check"", ""amount"": 0, ""seat"": 1}, {""action"": ""raise"", ""amount"": 124, ""seat"": 0}, {""action"": ""fold"", ""amount"": 0, ""seat"": 1}]"
overfold_exploiter,2026060717,1,116,deployed_overfold_exploiter_s2026060717_o1_h0116,flop,flop_cbet_or_probe,overfold_exploiter,raise,124,324,7,8,324,-100,100,flop,324,False,9s 5s Ts,"[{""action"": ""small_blind"", ""amount"": 50, ""seat"": 0}, {""action"": ""big_blind"", ""amount"": 100, ""seat"": 1}, {""action"": ""call"", ""amount"": 50, ""seat"": 0}, {""action"": ""check"", ""amount"": 0, ""seat"": 1}, {""action"": ""check"", ""amount"": 0, ""seat"": 1}, {""action"": ""raise"", ""amount"": 124, ""seat"": 0}, {""action"": ""fold"", ""amount"": 0, ""seat"": 1}]"
overfold_exploiter,2026060717,1,126,deployed_overfold_exploiter_s2026060717_o1_h0126,flop,flop_cbet_or_probe,overfold_exploiter,raise,124,324,7,8,324,-100,100,flop,324,False,5s 5d Td,"[{""action"": ""small_blind"", ""amount"": 50, ""seat"": 0}, {""action"": ""big_blind"", ""amount"": 100, ""seat"": 1}, {""action"": ""call"", ""amount"": 50, ""seat"": 0}, {""action"": ""check"", ""amount"": 0, ""seat"": 1}, {""action"": ""check"", ""amount"": 0, ""seat"": 1}, {""action"": ""raise"", ""amount"": 124, ""seat"": 0}, {""action"": ""fold"", ""amount"": 0, ""seat"": 1}]"
overfold_exploiter,2026060717,1,132,deployed_overfold_exploiter_s2026060717_o1_h0132,turn,turn_probe,overfold_exploiter,raise,144,344,10,11,344,-100,100,turn,344,False,4c 5d Kd Kc,"[{""action"": ""small_blind"", ""amount"": 50, ""seat"": 0}, {""action"": ""big_blind"", ""amount"": 100, ""seat"": 1}, {""action"": ""call"", ""amount"": 50, ""seat"": 0}, {""action"": ""check"", ""amount"": 0, ""seat"": 1}, {""action"": ""check"", ""amount"": 0, ""seat"": 1}, {""action"": ""check"", ""amount"": 0, ""seat"": 0}, {""action"": ""check"", ""amount"": 0, ""seat"": 1}, {""action"": ""raise"", ""amount"": 144, ""seat"": 0}, {""action"": ""fold"", ""amount"": 0, ""seat"": 1}]"
overfold_exploiter,2026060717,1,158,deployed_overfold_exploiter_s2026060717_o1_h0158,flop,flop_cbet_or_probe,overfold_exploiter,raise,124,324,7,8,324,-100,100,flop,324,False,2h 9c 2s,"[{""action"": ""small_blind"", ""amount"": 50, ""seat"": 0}, {""action"": ""big_blind"", ""amount"": 100, ""seat"": 1}, {""action"": ""call"", ""amount"": 50, ""seat"": 0}, {""action"": ""check"", ""amount"": 0, ""seat"": 1}, {""action"": ""check"", ""amount"": 0, ""seat"": 1}, {""action"": ""raise"", ""amount"": 124, ""seat"": 0}, {""action"": ""fold"", ""amount"": 0, ""seat"": 1}]"
overfold_exploiter,2026060717,1,166,deployed_overfold_exploiter_s2026060717_o1_h0166,flop,flop_cbet_or_probe,overfold_exploiter,raise,124,324,7,8,324,-100,100,flop,324,False,7c 4d Tc,"[{""action"": ""small_blind"", ""amount"": 50, ""seat"": 0}, {""action"": ""big_blind"", ""amount"": 100, ""seat"": 1}, {""action"": ""call"", ""amount"": 50, ""seat"": 0}, {""action"": ""check"", ""amount"": 0, ""seat"": 1}, {""action"": ""check"", ""amount"": 0, ""seat"": 1}, {""action"": ""raise"", ""amount"": 124, ""seat"": 0}, {""action"": ""fold"", ""amount"": 0, ""seat"": 1}]"
overfold_exploiter,2026060717,1,176,deployed_overfold_exploiter_s2026060717_o1_h0176,flop,flop_cbet_or_probe,overfold_exploiter,raise,124,324,7,8,324,-100,100,flop,324,False,4c 6s 3s,"[{""action"": ""small_blind"", ""amount"": 50, ""seat"": 0}, {""action"": ""big_blind"", ""amount"": 100, ""seat"": 1}, {""action"": ""call"", ""amount"": 50, ""seat"": 0}, {""action"": ""check"", ""amount"": 0, ""seat"": 1}, {""action"": ""check"", ""amount"": 0, ""seat"": 1}, {""action"": ""raise"", ""amount"": 124, ""seat"": 0}, {""action"": ""fold"", ""amount"": 0, ""seat"": 1}]"
overfold_exploiter,2026060717,1,186,deployed_overfold_exploiter_s2026060717_o1_h0186,turn,turn_barrel,overfold_exploiter,raise,322,770,11,12,770,-224,224,turn,770,False,Qc Th 5c Kh,"[{""action"": ""small_blind"", ""amount"": 50, ""seat"": 0}, {""action"": ""big_blind"", ""amount"": 100, ""seat"": 1}, {""action"": ""call"", ""amount"": 50, ""seat"": 0}, {""action"": ""check"", ""amount"": 0, ""seat"": 1}, {""action"": ""check"", ""amount"": 0, ""seat"": 1}, {""action"": ""raise"", ""amount"": 124, ""seat"": 0}, {""action"": ""call"", ""amount"": 124, ""seat"": 1}, {""action"": ""check"", ""amount"": 0, ""seat"": 1}, {""action"": ""raise"", ""amount"": 322, ""seat"": 0}, {""action"": ""fold"", ""amount"": 0, ""seat"": 1}]"
overfold_exploiter,2026060717,1,196,deployed_overfold_exploiter_s2026060717_o1_h0196,flop,flop_cbet_or_probe,overfold_exploiter,raise,124,324,7,8,324,-100,100,flop,324,False,Td Jh 5h,"[{""action"": ""small_blind"", ""amount"": 50, ""seat"": 0}, {""action"": ""big_blind"", ""amount"": 100, ""seat"": 1}, {""action"": ""call"", ""amount"": 50, ""seat"": 0}, {""action"": ""check"", ""amount"": 0, ""seat"": 1}, {""action"": ""check"", ""amount"": 0, ""seat"": 1}, {""action"": ""raise"", ""amount"": 124, ""seat"": 0}, {""action"": ""fold"", ""amount"": 0, ""seat"": 1}]"
overfold_exploiter,2026060718,0,17,deployed_overfold_exploiter_s2026060718_o0_h0017,flop,flop_cbet_or_probe,overfold_exploiter,raise,124,324,7,8,324,-100,100,flop,324,False,2d 9s 5c,"[{""action"": ""small_blind"", ""amount"": 50, ""seat"": 1}, {""action"": ""big_blind"", ""amount"": 100, ""seat"": 0}, {""action"": ""call"", ""amount"": 50, ""seat"": 1}, {""action"": ""check"", ""amount"": 0, ""seat"": 0}, {""action"": ""check"", ""amount"": 0, ""seat"": 0}, {""action"": ""raise"", ""amount"": 124, ""seat"": 1}, {""action"": ""fold"", ""amount"": 0, ""seat"": 0}]"
overfold_exploiter,2026060718,0,35,deployed_overfold_exploiter_s2026060718_o0_h0035,flop,flop_cbet_or_probe,overfold_exploiter,raise,124,324,7,8,324,-100,100,flop,324,False,2c 3c 2h,"[{""action"": ""small_blind"", ""amount"": 50, ""seat"": 1}, {""action"": ""big_blind"", ""amount"": 100, ""seat"": 0}, {""action"": ""call"", ""amount"": 50, ""seat"": 1}, {""action"": ""check"", ""amount"": 0, ""seat"": 0}, {""action"": ""check"", ""amount"": 0, ""seat"": 0}, {""action"": ""raise"", ""amount"": 124, ""seat"": 1}, {""action"": ""fold"", ""amount"": 0, ""seat"": 0}]"
overfold_exploiter,2026060718,0,37,deployed_overfold_exploiter_s2026060718_o0_h0037,flop,flop_cbet_or_probe,overfold_exploiter,raise,124,324,7,8,324,-100,100,flop,324,False,5s 4s 9c,"[{""action"": ""small_blind"", ""amount"": 50, ""seat"": 1}, {""action"": ""big_blind"", ""amount"": 100, ""seat"": 0}, {""action"": ""call"", ""amount"": 50, ""seat"": 1}, {""action"": ""check"", ""amount"": 0, ""seat"": 0}, {""action"": ""check"", ""amount"": 0, ""seat"": 0}, {""action"": ""raise"", ""amount"": 124, ""seat"": 1}, {""action"": ""fold"", ""amount"": 0, ""seat"": 0}]"
overfold_exploiter,2026060718,0,41,deployed_overfold_exploiter_s2026060718_o0_h0041,turn,turn_probe,overfold_exploiter,raise,144,344,10,11,344,-100,100,turn,344,False,8s Jd Td Ts,"[{""action"": ""small_blind"", ""amount"": 50, ""seat"": 1}, {""action"": ""big_blind"", ""amount"": 100, ""seat"": 0}, {""action"": ""call"", ""amount"": 50, ""seat"": 1}, {""action"": ""check"", ""amount"": 0, ""seat"": 0}, {""action"": ""check"", ""amount"": 0, ""seat"": 0}, {""action"": ""check"", ""amount"": 0, ""seat"": 1}, {""action"": ""check"", ""amount"": 0, ""seat"": 0}, {""action"": ""raise"", ""amount"": 144, ""seat"": 1}, {""action"": ""fold"", ""amount"": 0, ""seat"": 0}]"
overfold_exploiter,2026060718,0,47,deployed_overfold_exploiter_s2026060718_o0_h0047,flop,flop_cbet_or_probe,overfold_exploiter,raise,124,324,7,8,324,-100,100,flop,324,False,Th 9s Kc,"[{""action"": ""small_blind"", ""amount"": 50, ""seat"": 1}, {""action"": ""big_blind"", ""amount"": 100, ""seat"": 0}, {""action"": ""call"", ""amount"": 50, ""seat"": 1}, {""action"": ""check"", ""amount"": 0, ""seat"": 0}, {""action"": ""check"", ""amount"": 0, ""seat"": 0}, {""action"": ""raise"", ""amount"": 124, ""seat"": 1}, {""action"": ""fold"", ""amount"": 0, ""seat"": 0}]"
overfold_exploiter,2026060718,0,96,deployed_overfold_exploiter_s2026060718_o0_h0096,flop,flop_cbet_or_probe,overfold_exploiter,raise,310,810,6,7,810,-250,250,flop,810,False,6s Kh 4s,"[{""action"": ""small_blind"", ""amount"": 50, ""seat"": 0}, {""action"": ""big_blind"", ""amount"": 100, ""seat"": 1}, {""action"": ""raise"", ""amount"": 250, ""seat"": 0}, {""action"": ""call"", ""amount"": 150, ""seat"": 1}, {""action"": ""raise"", ""amount"": 310, ""seat"": 1}, {""action"": ""fold"", ""amount"": 0, ""seat"": 0}]"
overfold_exploiter,2026060718,0,97,deployed_overfold_exploiter_s2026060718_o0_h0097,turn,turn_barrel,overfold_exploiter,raise,322,770,11,12,770,-224,224,turn,770,False,2d 5d 3s 8c,"[{""action"": ""small_blind"", ""amount"": 50, ""seat"": 1}, {""action"": ""big_blind"", ""amount"": 100, ""seat"": 0}, {""action"": ""call"", ""amount"": 50, ""seat"": 1}, {""action"": ""check"", ""amount"": 0, ""seat"": 0}, {""action"": ""check"", ""amount"": 0, ""seat"": 0}, {""action"": ""raise"", ""amount"": 124, ""seat"": 1}, {""action"": ""call"", ""amount"": 124, ""seat"": 0}, {""action"": ""check"", ""amount"": 0, ""seat"": 0}, {""action"": ""raise"", ""amount"": 322, ""seat"": 1}, {""action"": ""fold"", ""amount"": 0, ""seat"": 0}]"
overfold_exploiter,2026060718,0,101,deployed_overfold_exploiter_s2026060718_o0_h0101,flop,flop_cbet_or_probe,overfold_exploiter,raise,124,324,7,8,324,-100,100,flop,324,False,8c Kh 2d,"[{""action"": ""small_blind"", ""amount"": 50, ""seat"": 1}, {""action"": ""big_blind"", ""amount"": 100, ""seat"": 0}, {""action"": ""call"", ""amount"": 50, ""seat"": 1}, {""action"": ""check"", ""amount"": 0, ""seat"": 0}, {""action"": ""check"", ""amount"": 0, ""seat"": 0}, {""action"": ""raise"", ""amount"": 124, ""seat"": 1}, {""action"": ""fold"", ""amount"": 0, ""seat"": 0}]"
overfold_exploiter,2026060718,0,105,deployed_overfold_exploiter_s2026060718_o0_h0105,flop,flop_cbet_or_probe,overfold_exploiter,raise,124,324,7,8,324,-100,100,flop,324,False,Td Ks 3s,"[{""action"": ""small_blind"", ""amount"": 50, ""seat"": 1}, {""action"": ""big_blind"", ""amount"": 100, ""seat"": 0}, {""action"": ""call"", ""amount"": 50, ""seat"": 1}, {""action"": ""check"", ""amount"": 0, ""seat"": 0}, {""action"": ""check"", ""amount"": 0, ""seat"": 0}, {""action"": ""raise"", ""amount"": 124, ""seat"": 1}, {""action"": ""fold"", ""amount"": 0, ""seat"": 0}]"
overfold_exploiter,2026060718,0,121,deployed_overfold_exploiter_s2026060718_o0_h0121,flop,flop_cbet_or_probe,overfold_exploiter,raise,620,1620,8,9,1620,-500,500,flop,1620,False,8d Ts Tc,"[{""action"": ""small_blind"", ""amount"": 50, ""seat"": 1}, {""action"": ""big_blind"", ""amount"": 100, ""seat"": 0}, {""action"": ""call"", ""amount"": 50, ""seat"": 1}, {""action"": ""raise"", ""amount"": 500, ""seat"": 0}, {""action"": ""call"", ""amount"": 400, ""seat"": 1}, {""action"": ""check"", ""amount"": 0, ""seat"": 0}, {""action"": ""raise"", ""amount"": 620, ""seat"": 1}, {""action"": ""fold"", ""amount"": 0, ""seat"": 0}]"
overfold_exploiter,2026060718,0,129,deployed_overfold_exploiter_s2026060718_o0_h0129,turn,turn_barrel,overfold_exploiter,raise,322,770,11,12,770,-224,224,turn,770,False,8s 9c 9s 8d,"[{""action"": ""small_blind"", ""amount"": 50, ""seat"": 1}, {""action"": ""big_blind"", ""amount"": 100, ""seat"": 0}, {""action"": ""call"", ""amount"": 50, ""seat"": 1}, {""action"": ""check"", ""amount"": 0, ""seat"": 0}, {""action"": ""check"", ""amount"": 0, ""seat"": 0}, {""action"": ""raise"", ""amount"": 124, ""seat"": 1}, {""action"": ""call"", ""amount"": 124, ""seat"": 0}, {""action"": ""check"", ""amount"": 0, ""seat"": 0}, {""action"": ""raise"", ""amount"": 322, ""seat"": 1}, {""action"": ""fold"", ""amount"": 0, ""seat"": 0}]"
overfold_exploiter,2026060718,0,177,deployed_overfold_exploiter_s2026060718_o0_h0177,flop,flop_cbet_or_probe,overfold_exploiter,raise,124,324,7,8,324,-100,100,flop,324,False,Qc 8s As,"[{""action"": ""small_blind"", ""amount"": 50, ""seat"": 1}, {""action"": ""big_blind"", ""amount"": 100, ""seat"": 0}, {""action"": ""call"", ""amount"": 50, ""seat"": 1}, {""action"": ""check"", ""amount"": 0, ""seat"": 0}, {""action"": ""check"", ""amount"": 0, ""seat"": 0}, {""action"": ""raise"", ""amount"": 124, ""seat"": 1}, {""action"": ""fold"", ""amount"": 0, ""seat"": 0}]"
overfold_exploiter,2026060718,1,2,deployed_overfold_exploiter_s2026060718_o1_h0002,flop,flop_cbet_or_probe,overfold_exploiter,raise,124,324,7,8,324,-100,100,flop,324,False,5h As Ad,"[{""action"": ""small_blind"", ""amount"": 50, ""seat"": 0}, {""action"": ""big_blind"", ""amount"": 100, ""seat"": 1}, {""action"": ""call"", ""amount"": 50, ""seat"": 0}, {""action"": ""check"", ""amount"": 0, ""seat"": 1}, {""action"": ""check"", ""amount"": 0, ""seat"": 1}, {""action"": ""raise"", ""amount"": 124, ""seat"": 0}, {""action"": ""fold"", ""amount"": 0, ""seat"": 1}]"
overfold_exploiter,2026060718,1,26,deployed_overfold_exploiter_s2026060718_o1_h0026,flop,flop_cbet_or_probe,overfold_exploiter,raise,124,324,7,8,324,-100,100,flop,324,False,Js As Td,"[{""action"": ""small_blind"", ""amount"": 50, ""seat"": 0}, {""action"": ""big_blind"", ""amount"": 100, ""seat"": 1}, {""action"": ""call"", ""amount"": 50, ""seat"": 0}, {""action"": ""check"", ""amount"": 0, ""seat"": 1}, {""action"": ""check"", ""amount"": 0, ""seat"": 1}, {""action"": ""raise"", ""amount"": 124, ""seat"": 0}, {""action"": ""fold"", ""amount"": 0, ""seat"": 1}]"
overfold_exploiter,2026060718,1,38,deployed_overfold_exploiter_s2026060718_o1_h0038,flop,flop_cbet_or_probe,overfold_exploiter,raise,124,324,7,8,324,-100,100,flop,324,False,Jh 7h Jc,"[{""action"": ""small_blind"", ""amount"": 50, ""seat"": 0}, {""action"": ""big_blind"", ""amount"": 100, ""seat"": 1}, {""action"": ""call"", ""amount"": 50, ""seat"": 0}, {""action"": ""check"", ""amount"": 0, ""seat"": 1}, {""action"": ""check"", ""amount"": 0, ""seat"": 1}, {""action"": ""raise"", ""amount"": 124, ""seat"": 0}, {""action"": ""fold"", ""amount"": 0, ""seat"": 1}]"
overfold_exploiter,2026060718,1,42,deployed_overfold_exploiter_s2026060718_o1_h0042,turn,turn_probe,overfold_exploiter,raise,144,344,10,11,344,-100,100,turn,344,False,Ah 9c 6h 5d,"[{""action"": ""small_blind"", ""amount"": 50, ""seat"": 0}, {""action"": ""big_blind"", ""amount"": 100, ""seat"": 1}, {""action"": ""call"", ""amount"": 50, ""seat"": 0}, {""action"": ""check"", ""amount"": 0, ""seat"": 1}, {""action"": ""check"", ""amount"": 0, ""seat"": 1}, {""action"": ""check"", ""amount"": 0, ""seat"": 0}, {""action"": ""check"", ""amount"": 0, ""seat"": 1}, {""action"": ""raise"", ""amount"": 144, ""seat"": 0}, {""action"": ""fold"", ""amount"": 0, ""seat"": 1}]"
overfold_exploiter,2026060718,1,50,deployed_overfold_exploiter_s2026060718_o1_h0050,turn,turn_probe,overfold_exploiter,raise,144,344,10,11,344,-100,100,turn,344,False,5d 7h 3s 3h,"[{""action"": ""small_blind"", ""amount"": 50, ""seat"": 0}, {""action"": ""big_blind"", ""amount"": 100, ""seat"": 1}, {""action"": ""call"", ""amount"": 50, ""seat"": 0}, {""action"": ""check"", ""amount"": 0, ""seat"": 1}, {""action"": ""check"", ""amount"": 0, ""seat"": 1}, {""action"": ""check"", ""amount"": 0, ""seat"": 0}, {""action"": ""check"", ""amount"": 0, ""seat"": 1}, {""action"": ""raise"", ""amount"": 144, ""seat"": 0}, {""action"": ""fold"", ""amount"": 0, ""seat"": 1}]"
overfold_exploiter,2026060718,1,80,deployed_overfold_exploiter_s2026060718_o1_h0080,flop,flop_cbet_or_probe,overfold_exploiter,raise,124,324,7,8,324,-100,100,flop,324,False,Ah 5h 3c,"[{""action"": ""small_blind"", ""amount"": 50, ""seat"": 0}, {""action"": ""big_blind"", ""amount"": 100, ""seat"": 1}, {""action"": ""call"", ""amount"": 50, ""seat"": 0}, {""action"": ""check"", ""amount"": 0, ""seat"": 1}, {""action"": ""check"", ""amount"": 0, ""seat"": 1}, {""action"": ""raise"", ""amount"": 124, ""seat"": 0}, {""action"": ""fold"", ""amount"": 0, ""seat"": 1}]"
overfold_exploiter,2026060718,1,110,deployed_overfold_exploiter_s2026060718_o1_h0110,flop,flop_cbet_or_probe,overfold_exploiter,raise,124,324,7,8,324,-100,100,flop,324,False,6h 2s Jc,"[{""action"": ""small_blind"", ""amount"": 50, ""seat"": 0}, {""action"": ""big_blind"", ""amount"": 100, ""seat"": 1}, {""action"": ""call"", ""amount"": 50, ""seat"": 0}, {""action"": ""check"", ""amount"": 0, ""seat"": 1}, {""action"": ""check"", ""amount"": 0, ""seat"": 1}, {""action"": ""raise"", ""amount"": 124, ""seat"": 0}, {""action"": ""fold"", ""amount"": 0, ""seat"": 1}]"
overfold_exploiter,2026060718,1,122,deployed_overfold_exploiter_s2026060718_o1_h0122,flop,flop_cbet_or_probe,overfold_exploiter,raise,124,324,7,8,324,-100,100,flop,324,False,Ks 6h Ad,"[{""action"": ""small_blind"", ""amount"": 50, ""seat"": 0}, {""action"": ""big_blind"", ""amount"": 100, ""seat"": 1}, {""action"": ""call"", ""amount"": 50, ""seat"": 0}, {""action"": ""check"", ""amount"": 0, ""seat"": 1}, {""action"": ""check"", ""amount"": 0, ""seat"": 1}, {""action"": ""raise"", ""amount"": 124, ""seat"": 0}, {""action"": ""fold"", ""amount"": 0, ""seat"": 1}]"
overfold_exploiter,2026060718,1,128,deployed_overfold_exploiter_s2026060718_o1_h0128,flop,flop_cbet_or_probe,overfold_exploiter,raise,124,324,7,8,324,-100,100,flop,324,False,Th 2h 7c,"[{""action"": ""small_blind"", ""amount"": 50, ""seat"": 0}, {""action"": ""big_blind"", ""amount"": 100, ""seat"": 1}, {""action"": ""call"", ""amount"": 50, ""seat"": 0}, {""action"": ""check"", ""amount"": 0, ""seat"": 1}, {""action"": ""check"", ""amount"": 0, ""seat"": 1}, {""action"": ""raise"", ""amount"": 124, ""seat"": 0}, {""action"": ""fold"", ""amount"": 0, ""seat"": 1}]"
overfold_exploiter,2026060718,1,140,deployed_overfold_exploiter_s2026060718_o1_h0140,turn,turn_probe,overfold_exploiter,raise,144,344,10,11,344,-100,100,turn,344,False,Qs 5h 4s Ah,"[{""action"": ""small_blind"", ""amount"": 50, ""seat"": 0}, {""action"": ""big_blind"", ""amount"": 100, ""seat"": 1}, {""action"": ""call"", ""amount"": 50, ""seat"": 0}, {""action"": ""check"", ""amount"": 0, ""seat"": 1}, {""action"": ""check"", ""amount"": 0, ""seat"": 1}, {""action"": ""check"", ""amount"": 0, ""seat"": 0}, {""action"": ""check"", ""amount"": 0, ""seat"": 1}, {""action"": ""raise"", ""amount"": 144, ""seat"": 0}, {""action"": ""fold"", ""amount"": 0, ""seat"": 1}]"
overfold_exploiter,2026060718,1,142,deployed_overfold_exploiter_s2026060718_o1_h0142,flop,flop_cbet_or_probe,overfold_exploiter,raise,124,324,7,8,324,-100,100,flop,324,False,Qs 8h 3s,"[{""action"": ""small_blind"", ""amount"": 50, ""seat"": 0}, {""action"": ""big_blind"", ""amount"": 100, ""seat"": 1}, {""action"": ""call"", ""amount"": 50, ""seat"": 0}, {""action"": ""check"", ""amount"": 0, ""seat"": 1}, {""action"": ""check"", ""amount"": 0, ""seat"": 1}, {""action"": ""raise"", ""amount"": 124, ""seat"": 0}, {""action"": ""fold"", ""amount"": 0, ""seat"": 1}]"
overfold_exploiter,2026060718,1,148,deployed_overfold_exploiter_s2026060718_o1_h0148,flop,flop_cbet_or_probe,overfold_exploiter,raise,124,324,7,8,324,-100,100,flop,324,False,8h 5s 8c,"[{""action"": ""small_blind"", ""amount"": 50, ""seat"": 0}, {""action"": ""big_blind"", ""amount"": 100, ""seat"": 1}, {""action"": ""call"", ""amount"": 50, ""seat"": 0}, {""action"": ""check"", ""amount"": 0, ""seat"": 1}, {""action"": ""check"", ""amount"": 0, ""seat"": 1}, {""action"": ""raise"", ""amount"": 124, ""seat"": 0}, {""action"": ""fold"", ""amount"": 0, ""seat"": 1}]"
overfold_exploiter,2026060718,1,160,deployed_overfold_exploiter_s2026060718_o1_h0160,flop,flop_cbet_or_probe,overfold_exploiter,raise,124,324,7,8,324,-100,100,flop,324,False,5c 2c Qh,"[{""action"": ""small_blind"", ""amount"": 50, ""seat"": 0}, {""action"": ""big_blind"", ""amount"": 100, ""seat"": 1}, {""action"": ""call"", ""amount"": 50, ""seat"": 0}, {""action"": ""check"", ""amount"": 0, ""seat"": 1}, {""action"": ""check"", ""amount"": 0, ""seat"": 1}, {""action"": ""raise"", ""amount"": 124, ""seat"": 0}, {""action"": ""fold"", ""amount"": 0, ""seat"": 1}]"
overfold_exploiter,2026060718,1,166,deployed_overfold_exploiter_s2026060718_o1_h0166,flop,flop_cbet_or_probe,overfold_exploiter,raise,124,324,7,8,324,-100,100,flop,324,False,4d 8s Jc,"[{""action"": ""small_blind"", ""amount"": 50, ""seat"": 0}, {""action"": ""big_blind"", ""amount"": 100, ""seat"": 1}, {""action"": ""call"", ""amount"": 50, ""seat"": 0}, {""action"": ""check"", ""amount"": 0, ""seat"": 1}, {""action"": ""check"", ""amount"": 0, ""seat"": 1}, {""action"": ""raise"", ""amount"": 124, ""seat"": 0}, {""action"": ""fold"", ""amount"": 0, ""seat"": 1}]"
overfold_exploiter,2026060718,1,192,deployed_overfold_exploiter_s2026060718_o1_h0192,flop,flop_cbet_or_probe,overfold_exploiter,raise,124,324,7,8,324,-100,100,flop,324,False,Qd 8c 8h,"[{""action"": ""small_blind"", ""amount"": 50, ""seat"": 0}, {""action"": ""big_blind"", ""amount"": 100, ""seat"": 1}, {""action"": ""call"", ""amount"": 50, ""seat"": 0}, {""action"": ""check"", ""amount"": 0, ""seat"": 1}, {""action"": ""check"", ""amount"": 0, ""seat"": 1}, {""action"": ""raise"", ""amount"": 124, ""seat"": 0}, {""action"": ""fold"", ""amount"": 0, ""seat"": 1}]"
overfold_exploiter,2026060718,1,198,deployed_overfold_exploiter_s2026060718_o1_h0198,flop,flop_cbet_or_probe,overfold_exploiter,raise,124,324,7,8,324,-100,100,flop,324,False,6c 5c 7h,"[{""action"": ""small_blind"", ""amount"": 50, ""seat"": 0}, {""action"": ""big_blind"", ""amount"": 100, ""seat"": 1}, {""action"": ""call"", ""amount"": 50, ""seat"": 0}, {""action"": ""check"", ""amount"": 0, ""seat"": 1}, {""action"": ""check"", ""amount"": 0, ""seat"": 1}, {""action"": ""raise"", ""amount"": 124, ""seat"": 0}, {""action"": ""fold"", ""amount"": 0, ""seat"": 1}]"
overfold_exploiter,2026060719,0,17,deployed_overfold_exploiter_s2026060719_o0_h0017,flop,flop_cbet_or_probe,overfold_exploiter,raise,124,324,7,8,324,-100,100,flop,324,False,8d 3c Jd,"[{""action"": ""small_blind"", ""amount"": 50, ""seat"": 1}, {""action"": ""big_blind"", ""amount"": 100, ""seat"": 0}, {""action"": ""call"", ""amount"": 50, ""seat"": 1}, {""action"": ""check"", ""amount"": 0, ""seat"": 0}, {""action"": ""check"", ""amount"": 0, ""seat"": 0}, {""action"": ""raise"", ""amount"": 124, ""seat"": 1}, {""action"": ""fold"", ""amount"": 0, ""seat"": 0}]"
overfold_exploiter,2026060719,0,23,deployed_overfold_exploiter_s2026060719_o0_h0023,flop,flop_cbet_or_probe,overfold_exploiter,raise,124,324,7,8,324,-100,100,flop,324,False,5h 4d 8d,"[{""action"": ""small_blind"", ""amount"": 50, ""seat"": 1}, {""action"": ""big_blind"", ""amount"": 100, ""seat"": 0}, {""action"": ""call"", ""amount"": 50, ""seat"": 1}, {""action"": ""check"", ""amount"": 0, ""seat"": 0}, {""action"": ""check"", ""amount"": 0, ""seat"": 0}, {""action"": ""raise"", ""amount"": 124, ""seat"": 1}, {""action"": ""fold"", ""amount"": 0, ""seat"": 0}]"
overfold_exploiter,2026060719,0,37,deployed_overfold_exploiter_s2026060719_o0_h0037,flop,flop_cbet_or_probe,overfold_exploiter,raise,124,324,7,8,324,-100,100,flop,324,False,5s Td Kd,"[{""action"": ""small_blind"", ""amount"": 50, ""seat"": 1}, {""action"": ""big_blind"", ""amount"": 100, ""seat"": 0}, {""action"": ""call"", ""amount"": 50, ""seat"": 1}, {""action"": ""check"", ""amount"": 0, ""seat"": 0}, {""action"": ""check"", ""amount"": 0, ""seat"": 0}, {""action"": ""raise"", ""amount"": 124, ""seat"": 1}, {""action"": ""fold"", ""amount"": 0, ""seat"": 0}]"
overfold_exploiter,2026060719,0,43,deployed_overfold_exploiter_s2026060719_o0_h0043,flop,flop_cbet_or_probe,overfold_exploiter,raise,124,324,7,8,324,-100,100,flop,324,False,Qh Ad Kc,"[{""action"": ""small_blind"", ""amount"": 50, ""seat"": 1}, {""action"": ""big_blind"", ""amount"": 100, ""seat"": 0}, {""action"": ""call"", ""amount"": 50, ""seat"": 1}, {""action"": ""check"", ""amount"": 0, ""seat"": 0}, {""action"": ""check"", ""amount"": 0, ""seat"": 0}, {""action"": ""raise"", ""amount"": 124, ""seat"": 1}, {""action"": ""fold"", ""amount"": 0, ""seat"": 0}]"
overfold_exploiter,2026060719,0,45,deployed_overfold_exploiter_s2026060719_o0_h0045,flop,flop_cbet_or_probe,overfold_exploiter,raise,124,324,7,8,324,-100,100,flop,324,False,9c As Tc,"[{""action"": ""small_blind"", ""amount"": 50, ""seat"": 1}, {""action"": ""big_blind"", ""amount"": 100, ""seat"": 0}, {""action"": ""call"", ""amount"": 50, ""seat"": 1}, {""action"": ""check"", ""amount"": 0, ""seat"": 0}, {""action"": ""check"", ""amount"": 0, ""seat"": 0}, {""action"": ""raise"", ""amount"": 124, ""seat"": 1}, {""action"": ""fold"", ""amount"": 0, ""seat"": 0}]"
overfold_exploiter,2026060719,0,53,deployed_overfold_exploiter_s2026060719_o0_h0053,flop,flop_cbet_or_probe,overfold_exploiter,raise,124,324,7,8,324,-100,100,flop,324,False,8s 7h Qc,"[{""action"": ""small_blind"", ""amount"": 50, ""seat"": 1}, {""action"": ""big_blind"", ""amount"": 100, ""seat"": 0}, {""action"": ""call"", ""amount"": 50, ""seat"": 1}, {""action"": ""check"", ""amount"": 0, ""seat"": 0}, {""action"": ""check"", ""amount"": 0, ""seat"": 0}, {""action"": ""raise"", ""amount"": 124, ""seat"": 1}, {""action"": ""fold"", ""amount"": 0, ""seat"": 0}]"
overfold_exploiter,2026060719,0,63,deployed_overfold_exploiter_s2026060719_o0_h0063,flop,flop_cbet_or_probe,overfold_exploiter,raise,124,324,7,8,324,-100,100,flop,324,False,Ks Ad Qh,"[{""action"": ""small_blind"", ""amount"": 50, ""seat"": 1}, {""action"": ""big_blind"", ""amount"": 100, ""seat"": 0}, {""action"": ""call"", ""amount"": 50, ""seat"": 1}, {""action"": ""check"", ""amount"": 0, ""seat"": 0}, {""action"": ""check"", ""amount"": 0, ""seat"": 0}, {""action"": ""raise"", ""amount"": 124, ""seat"": 1}, {""action"": ""fold"", ""amount"": 0, ""seat"": 0}]"
overfold_exploiter,2026060719,0,79,deployed_overfold_exploiter_s2026060719_o0_h0079,flop,flop_cbet_or_probe,overfold_exploiter,raise,124,324,7,8,324,-100,100,flop,324,False,Td 3d 9d,"[{""action"": ""small_blind"", ""amount"": 50, ""seat"": 1}, {""action"": ""big_blind"", ""amount"": 100, ""seat"": 0}, {""action"": ""call"", ""amount"": 50, ""seat"": 1}, {""action"": ""check"", ""amount"": 0, ""seat"": 0}, {""action"": ""check"", ""amount"": 0, ""seat"": 0}, {""action"": ""raise"", ""amount"": 124, ""seat"": 1}, {""action"": ""fold"", ""amount"": 0, ""seat"": 0}]"
overfold_exploiter,2026060719,0,81,deployed_overfold_exploiter_s2026060719_o0_h0081,flop,flop_cbet_or_probe,overfold_exploiter,raise,124,324,7,8,324,-100,100,flop,324,False,2c 4d 5s,"[{""action"": ""small_blind"", ""amount"": 50, ""seat"": 1}, {""action"": ""big_blind"", ""amount"": 100, ""seat"": 0}, {""action"": ""call"", ""amount"": 50, ""seat"": 1}, {""action"": ""check"", ""amount"": 0, ""seat"": 0}, {""action"": ""check"", ""amount"": 0, ""seat"": 0}, {""action"": ""raise"", ""amount"": 124, ""seat"": 1}, {""action"": ""fold"", ""amount"": 0, ""seat"": 0}]"
overfold_exploiter,2026060719,0,83,deployed_overfold_exploiter_s2026060719_o0_h0083,flop,flop_cbet_or_probe,overfold_exploiter,raise,124,324,7,8,324,-100,100,flop,324,False,9d Kh Jd,"[{""action"": ""small_blind"", ""amount"": 50, ""seat"": 1}, {""action"": ""big_blind"", ""amount"": 100, ""seat"": 0}, {""action"": ""call"", ""amount"": 50, ""seat"": 1}, {""action"": ""check"", ""amount"": 0, ""seat"": 0}, {""action"": ""check"", ""amount"": 0, ""seat"": 0}, {""action"": ""raise"", ""amount"": 124, ""seat"": 1}, {""action"": ""fold"", ""amount"": 0, ""seat"": 0}]"
overfold_exploiter,2026060719,0,115,deployed_overfold_exploiter_s2026060719_o0_h0115,turn,turn_barrel,overfold_exploiter,raise,322,770,11,12,770,-224,224,turn,770,False,7c Jc 8c Ah,"[{""action"": ""small_blind"", ""amount"": 50, ""seat"": 1}, {""action"": ""big_blind"", ""amount"": 100, ""seat"": 0}, {""action"": ""call"", ""amount"": 50, ""seat"": 1}, {""action"": ""check"", ""amount"": 0, ""seat"": 0}, {""action"": ""check"", ""amount"": 0, ""seat"": 0}, {""action"": ""raise"", ""amount"": 124, ""seat"": 1}, {""action"": ""call"", ""amount"": 124, ""seat"": 0}, {""action"": ""check"", ""amount"": 0, ""seat"": 0}, {""action"": ""raise"", ""amount"": 322, ""seat"": 1}, {""action"": ""fold"", ""amount"": 0, ""seat"": 0}]"
overfold_exploiter,2026060719,0,137,deployed_overfold_exploiter_s2026060719_o0_h0137,flop,flop_cbet_or_probe,overfold_exploiter,raise,124,324,7,8,324,-100,100,flop,324,False,Jd Kd 8d,"[{""action"": ""small_blind"", ""amount"": 50, ""seat"": 1}, {""action"": ""big_blind"", ""amount"": 100, ""seat"": 0}, {""action"": ""call"", ""amount"": 50, ""seat"": 1}, {""action"": ""check"", ""amount"": 0, ""seat"": 0}, {""action"": ""check"", ""amount"": 0, ""seat"": 0}, {""action"": ""raise"", ""amount"": 124, ""seat"": 1}, {""action"": ""fold"", ""amount"": 0, ""seat"": 0}]"
overfold_exploiter,2026060719,0,147,deployed_overfold_exploiter_s2026060719_o0_h0147,flop,flop_cbet_or_probe,overfold_exploiter,raise,124,324,7,8,324,-100,100,flop,324,False,4h 5d Tc,"[{""action"": ""small_blind"", ""amount"": 50, ""seat"": 1}, {""action"": ""big_blind"", ""amount"": 100, ""seat"": 0}, {""action"": ""call"", ""amount"": 50, ""seat"": 1}, {""action"": ""check"", ""amount"": 0, ""seat"": 0}, {""action"": ""check"", ""amount"": 0, ""seat"": 0}, {""action"": ""raise"", ""amount"": 124, ""seat"": 1}, {""action"": ""fold"", ""amount"": 0, ""seat"": 0}]"
overfold_exploiter,2026060719,0,162,deployed_overfold_exploiter_s2026060719_o0_h0162,flop,flop_cbet_or_probe,overfold_exploiter,raise,2373,6201,8,9,6201,-1914,1914,flop,6201,False,7c 2h 6d,"[{""action"": ""small_blind"", ""amount"": 50, ""seat"": 0}, {""action"": ""big_blind"", ""amount"": 100, ""seat"": 1}, {""action"": ""raise"", ""amount"": 250, ""seat"": 0}, {""action"": ""raise"", ""amount"": 547, ""seat"": 1}, {""action"": ""raise"", ""amount"": 1914, ""seat"": 0}, {""action"": ""call"", ""amount"": 1367, ""seat"": 1}, {""action"": ""raise"", ""amount"": 2373, ""seat"": 1}, {""action"": ""fold"", ""amount"": 0, ""seat"": 0}]"
overfold_exploiter,2026060719,0,173,deployed_overfold_exploiter_s2026060719_o0_h0173,flop,flop_cbet_or_probe,overfold_exploiter,raise,620,1620,8,9,1620,-500,500,flop,1620,False,9d Qc Ts,"[{""action"": ""small_blind"", ""amount"": 50, ""seat"": 1}, {""action"": ""big_blind"", ""amount"": 100, ""seat"": 0}, {""action"": ""call"", ""amount"": 50, ""seat"": 1}, {""action"": ""raise"", ""amount"": 500, ""seat"": 0}, {""action"": ""call"", ""amount"": 400, ""seat"": 1}, {""action"": ""check"", ""amount"": 0, ""seat"": 0}, {""action"": ""raise"", ""amount"": 620, ""seat"": 1}, {""action"": ""fold"", ""amount"": 0, ""seat"": 0}]"
overfold_exploiter,2026060719,0,177,deployed_overfold_exploiter_s2026060719_o0_h0177,flop,flop_cbet_or_probe,overfold_exploiter,raise,124,324,7,8,324,-100,100,flop,324,False,5c 2c 6h,"[{""action"": ""small_blind"", ""amount"": 50, ""seat"": 1}, {""action"": ""big_blind"", ""amount"": 100, ""seat"": 0}, {""action"": ""call"", ""amount"": 50, ""seat"": 1}, {""action"": ""check"", ""amount"": 0, ""seat"": 0}, {""action"": ""check"", ""amount"": 0, ""seat"": 0}, {""action"": ""raise"", ""amount"": 124, ""seat"": 1}, {""action"": ""fold"", ""amount"": 0, ""seat"": 0}]"
overfold_exploiter,2026060719,0,185,deployed_overfold_exploiter_s2026060719_o0_h0185,flop,flop_cbet_or_probe,overfold_exploiter,raise,124,324,7,8,324,-100,100,flop,324,False,Kd Qc Jc,"[{""action"": ""small_blind"", ""amount"": 50, ""seat"": 1}, {""action"": ""big_blind"", ""amount"": 100, ""seat"": 0}, {""action"": ""call"", ""amount"": 50, ""seat"": 1}, {""action"": ""check"", ""amount"": 0, ""seat"": 0}, {""action"": ""check"", ""amount"": 0, ""seat"": 0}, {""action"": ""raise"", ""amount"": 124, ""seat"": 1}, {""action"": ""fold"", ""amount"": 0, ""seat"": 0}]"
overfold_exploiter,2026060719,1,8,deployed_overfold_exploiter_s2026060719_o1_h0008,flop,flop_cbet_or_probe,overfold_exploiter,raise,124,324,7,8,324,-100,100,flop,324,False,Jd Ah Jc,"[{""action"": ""small_blind"", ""amount"": 50, ""seat"": 0}, {""action"": ""big_blind"", ""amount"": 100, ""seat"": 1}, {""action"": ""call"", ""amount"": 50, ""seat"": 0}, {""action"": ""check"", ""amount"": 0, ""seat"": 1}, {""action"": ""check"", ""amount"": 0, ""seat"": 1}, {""action"": ""raise"", ""amount"": 124, ""seat"": 0}, {""action"": ""fold"", ""amount"": 0, ""seat"": 1}]"
overfold_exploiter,2026060719,1,14,deployed_overfold_exploiter_s2026060719_o1_h0014,flop,flop_cbet_or_probe,overfold_exploiter,raise,124,324,7,8,324,-100,100,flop,324,False,9s 8s Qs,"[{""action"": ""small_blind"", ""amount"": 50, ""seat"": 0}, {""action"": ""big_blind"", ""amount"": 100, ""seat"": 1}, {""action"": ""call"", ""amount"": 50, ""seat"": 0}, {""action"": ""check"", ""amount"": 0, ""seat"": 1}, {""action"": ""check"", ""amount"": 0, ""seat"": 1}, {""action"": ""raise"", ""amount"": 124, ""seat"": 0}, {""action"": ""fold"", ""amount"": 0, ""seat"": 1}]"
overfold_exploiter,2026060719,1,34,deployed_overfold_exploiter_s2026060719_o1_h0034,flop,flop_cbet_or_probe,overfold_exploiter,raise,124,324,7,8,324,-100,100,flop,324,False,9d Js Kh,"[{""action"": ""small_blind"", ""amount"": 50, ""seat"": 0}, {""action"": ""big_blind"", ""amount"": 100, ""seat"": 1}, {""action"": ""call"", ""amount"": 50, ""seat"": 0}, {""action"": ""check"", ""amount"": 0, ""seat"": 1}, {""action"": ""check"", ""amount"": 0, ""seat"": 1}, {""action"": ""raise"", ""amount"": 124, ""seat"": 0}, {""action"": ""fold"", ""amount"": 0, ""seat"": 1}]"
overfold_exploiter,2026060719,1,66,deployed_overfold_exploiter_s2026060719_o1_h0066,flop,flop_cbet_or_probe,overfold_exploiter,raise,124,324,7,8,324,-100,100,flop,324,False,2c 7d 8s,"[{""action"": ""small_blind"", ""amount"": 50, ""seat"": 0}, {""action"": ""big_blind"", ""amount"": 100, ""seat"": 1}, {""action"": ""call"", ""amount"": 50, ""seat"": 0}, {""action"": ""check"", ""amount"": 0, ""seat"": 1}, {""action"": ""check"", ""amount"": 0, ""seat"": 1}, {""action"": ""raise"", ""amount"": 124, ""seat"": 0}, {""action"": ""fold"", ""amount"": 0, ""seat"": 1}]"
overfold_exploiter,2026060719,1,84,deployed_overfold_exploiter_s2026060719_o1_h0084,flop,flop_cbet_or_probe,overfold_exploiter,raise,124,324,7,8,324,-100,100,flop,324,False,Kh 9c 9d,"[{""action"": ""small_blind"", ""amount"": 50, ""seat"": 0}, {""action"": ""big_blind"", ""amount"": 100, ""seat"": 1}, {""action"": ""call"", ""amount"": 50, ""seat"": 0}, {""action"": ""check"", ""amount"": 0, ""seat"": 1}, {""action"": ""check"", ""amount"": 0, ""seat"": 1}, {""action"": ""raise"", ""amount"": 124, ""seat"": 0}, {""action"": ""fold"", ""amount"": 0, ""seat"": 1}]"
overfold_exploiter,2026060719,1,90,deployed_overfold_exploiter_s2026060719_o1_h0090,flop,flop_cbet_or_probe,overfold_exploiter,raise,124,324,7,8,324,-100,100,flop,324,False,2c 4h Js,"[{""action"": ""small_blind"", ""amount"": 50, ""seat"": 0}, {""action"": ""big_blind"", ""amount"": 100, ""seat"": 1}, {""action"": ""call"", ""amount"": 50, ""seat"": 0}, {""action"": ""check"", ""amount"": 0, ""seat"": 1}, {""action"": ""check"", ""amount"": 0, ""seat"": 1}, {""action"": ""raise"", ""amount"": 124, ""seat"": 0}, {""action"": ""fold"", ""amount"": 0, ""seat"": 1}]"
overfold_exploiter,2026060719,1,92,deployed_overfold_exploiter_s2026060719_o1_h0092,flop,flop_cbet_or_probe,overfold_exploiter,raise,124,324,7,8,324,-100,100,flop,324,False,Qh 5h As,"[{""action"": ""small_blind"", ""amount"": 50, ""seat"": 0}, {""action"": ""big_blind"", ""amount"": 100, ""seat"": 1}, {""action"": ""call"", ""amount"": 50, ""seat"": 0}, {""action"": ""check"", ""amount"": 0, ""seat"": 1}, {""action"": ""check"", ""amount"": 0, ""seat"": 1}, {""action"": ""raise"", ""amount"": 124, ""seat"": 0}, {""action"": ""fold"", ""amount"": 0, ""seat"": 1}]"
overfold_exploiter,2026060719,1,94,deployed_overfold_exploiter_s2026060719_o1_h0094,flop,flop_cbet_or_probe,overfold_exploiter,raise,124,324,7,8,324,-100,100,flop,324,False,6c 5d 9c,"[{""action"": ""small_blind"", ""amount"": 50, ""seat"": 0}, {""action"": ""big_blind"", ""amount"": 100, ""seat"": 1}, {""action"": ""call"", ""amount"": 50, ""seat"": 0}, {""action"": ""check"", ""amount"": 0, ""seat"": 1}, {""action"": ""check"", ""amount"": 0, ""seat"": 1}, {""action"": ""raise"", ""amount"": 124, ""seat"": 0}, {""action"": ""fold"", ""amount"": 0, ""seat"": 1}]"
overfold_exploiter,2026060719,1,98,deployed_overfold_exploiter_s2026060719_o1_h0098,flop,flop_cbet_or_probe,overfold_exploiter,raise,124,324,7,8,324,-100,100,flop,324,False,Ac 8c 4d,"[{""action"": ""small_blind"", ""amount"": 50, ""seat"": 0}, {""action"": ""big_blind"", ""amount"": 100, ""seat"": 1}, {""action"": ""call"", ""amount"": 50, ""seat"": 0}, {""action"": ""check"", ""amount"": 0, ""seat"": 1}, {""action"": ""check"", ""amount"": 0, ""seat"": 1}, {""action"": ""raise"", ""amount"": 124, ""seat"": 0}, {""action"": ""fold"", ""amount"": 0, ""seat"": 1}]"
overfold_exploiter,2026060719,1,100,deployed_overfold_exploiter_s2026060719_o1_h0100,flop,flop_cbet_or_probe,overfold_exploiter,raise,124,324,7,8,324,-100,100,flop,324,False,Qc 5d Jc,"[{""action"": ""small_blind"", ""amount"": 50, ""seat"": 0}, {""action"": ""big_blind"", ""amount"": 100, ""seat"": 1}, {""action"": ""call"", ""amount"": 50, ""seat"": 0}, {""action"": ""check"", ""amount"": 0, ""seat"": 1}, {""action"": ""check"", ""amount"": 0, ""seat"": 1}, {""action"": ""raise"", ""amount"": 124, ""seat"": 0}, {""action"": ""fold"", ""amount"": 0, ""seat"": 1}]"
overfold_exploiter,2026060719,1,102,deployed_overfold_exploiter_s2026060719_o1_h0102,flop,flop_cbet_or_probe,overfold_exploiter,raise,124,324,7,8,324,-100,100,flop,324,False,9d 5s 5d,"[{""action"": ""small_blind"", ""amount"": 50, ""seat"": 0}, {""action"": ""big_blind"", ""amount"": 100, ""seat"": 1}, {""action"": ""call"", ""amount"": 50, ""seat"": 0}, {""action"": ""check"", ""amount"": 0, ""seat"": 1}, {""action"": ""check"", ""amount"": 0, ""seat"": 1}, {""action"": ""raise"", ""amount"": 124, ""seat"": 0}, {""action"": ""fold"", ""amount"": 0, ""seat"": 1}]"
overfold_exploiter,2026060719,1,104,deployed_overfold_exploiter_s2026060719_o1_h0104,flop,flop_cbet_or_probe,overfold_exploiter,raise,124,324,7,8,324,-100,100,flop,324,False,Qh 5h Kd,"[{""action"": ""small_blind"", ""amount"": 50, ""seat"": 0}, {""action"": ""big_blind"", ""amount"": 100, ""seat"": 1}, {""action"": ""call"", ""amount"": 50, ""seat"": 0}, {""action"": ""check"", ""amount"": 0, ""seat"": 1}, {""action"": ""check"", ""amount"": 0, ""seat"": 1}, {""action"": ""raise"", ""amount"": 124, ""seat"": 0}, {""action"": ""fold"", ""amount"": 0, ""seat"": 1}]"
overfold_exploiter,2026060719,1,116,deployed_overfold_exploiter_s2026060719_o1_h0116,flop,flop_cbet_or_probe,overfold_exploiter,raise,124,324,7,8,324,-100,100,flop,324,False,Ac Qd 4c,"[{""action"": ""small_blind"", ""amount"": 50, ""seat"": 0}, {""action"": ""big_blind"", ""amount"": 100, ""seat"": 1}, {""action"": ""call"", ""amount"": 50, ""seat"": 0}, {""action"": ""check"", ""amount"": 0, ""seat"": 1}, {""action"": ""check"", ""amount"": 0, ""seat"": 1}, {""action"": ""raise"", ""amount"": 124, ""seat"": 0}, {""action"": ""fold"", ""amount"": 0, ""seat"": 1}]"
overfold_exploiter,2026060719,1,122,deployed_overfold_exploiter_s2026060719_o1_h0122,flop,flop_cbet_or_probe,overfold_exploiter,raise,124,324,7,8,324,-100,100,flop,324,False,9s 4s Qh,"[{""action"": ""small_blind"", ""amount"": 50, ""seat"": 0}, {""action"": ""big_blind"", ""amount"": 100, ""seat"": 1}, {""action"": ""call"", ""amount"": 50, ""seat"": 0}, {""action"": ""check"", ""amount"": 0, ""seat"": 1}, {""action"": ""check"", ""amount"": 0, ""seat"": 1}, {""action"": ""raise"", ""amount"": 124, ""seat"": 0}, {""action"": ""fold"", ""amount"": 0, ""seat"": 1}]"
overfold_exploiter,2026060719,1,126,deployed_overfold_exploiter_s2026060719_o1_h0126,turn,turn_barrel,overfold_exploiter,raise,1612,3852,12,13,3852,-1120,1120,turn,3852,False,3c 5c 4s Jd,"[{""action"": ""small_blind"", ""amount"": 50, ""seat"": 0}, {""action"": ""big_blind"", ""amount"": 100, ""seat"": 1}, {""action"": ""call"", ""amount"": 50, ""seat"": 0}, {""action"": ""raise"", ""amount"": 500, ""seat"": 1}, {""action"": ""call"", ""amount"": 400, ""seat"": 0}, {""action"": ""check"", ""amount"": 0, ""seat"": 1}, {""action"": ""raise"", ""amount"": 620, ""seat"": 0}, {""action"": ""call"", ""amount"": 620, ""seat"": 1}, {""action"": ""check"", ""amount"": 0, ""seat"": 1}, {""action"": ""raise"", ""amount"": 1612, ""seat"": 0}, {""action"": ""fold"", ""amount"": 0, ""seat"": 1}]"
overfold_exploiter,2026060719,1,128,deployed_overfold_exploiter_s2026060719_o1_h0128,flop,flop_cbet_or_probe,overfold_exploiter,raise,124,324,7,8,324,-100,100,flop,324,False,4s 8h As,"[{""action"": ""small_blind"", ""amount"": 50, ""seat"": 0}, {""action"": ""big_blind"", ""amount"": 100, ""seat"": 1}, {""action"": ""call"", ""amount"": 50, ""seat"": 0}, {""action"": ""check"", ""amount"": 0, ""seat"": 1}, {""action"": ""check"", ""amount"": 0, ""seat"": 1}, {""action"": ""raise"", ""amount"": 124, ""seat"": 0}, {""action"": ""fold"", ""amount"": 0, ""seat"": 1}]"
overfold_exploiter,2026060719,1,140,deployed_overfold_exploiter_s2026060719_o1_h0140,flop,flop_cbet_or_probe,overfold_exploiter,raise,124,324,7,8,324,-100,100,flop,324,False,Ts 7h Jd,"[{""action"": ""small_blind"", ""amount"": 50, ""seat"": 0}, {""action"": ""big_blind"", ""amount"": 100, ""seat"": 1}, {""action"": ""call"", ""amount"": 50, ""seat"": 0}, {""action"": ""check"", ""amount"": 0, ""seat"": 1}, {""action"": ""check"", ""amount"": 0, ""seat"": 1}, {""action"": ""raise"", ""amount"": 124, ""seat"": 0}, {""action"": ""fold"", ""amount"": 0, ""seat"": 1}]"
overfold_exploiter,2026060719,1,160,deployed_overfold_exploiter_s2026060719_o1_h0160,flop,flop_cbet_or_probe,overfold_exploiter,raise,124,324,7,8,324,-100,100,flop,324,False,3s Qs 8s,"[{""action"": ""small_blind"", ""amount"": 50, ""seat"": 0}, {""action"": ""big_blind"", ""amount"": 100, ""seat"": 1}, {""action"": ""call"", ""amount"": 50, ""seat"": 0}, {""action"": ""check"", ""amount"": 0, ""seat"": 1}, {""action"": ""check"", ""amount"": 0, ""seat"": 1}, {""action"": ""raise"", ""amount"": 124, ""seat"": 0}, {""action"": ""fold"", ""amount"": 0, ""seat"": 1}]"
overfold_exploiter,2026060719,1,168,deployed_overfold_exploiter_s2026060719_o1_h0168,flop,flop_cbet_or_probe,overfold_exploiter,raise,124,324,7,8,324,-100,100,flop,324,False,2s 5d Ts,"[{""action"": ""small_blind"", ""amount"": 50, ""seat"": 0}, {""action"": ""big_blind"", ""amount"": 100, ""seat"": 1}, {""action"": ""call"", ""amount"": 50, ""seat"": 0}, {""action"": ""check"", ""amount"": 0, ""seat"": 1}, {""action"": ""check"", ""amount"": 0, ""seat"": 1}, {""action"": ""raise"", ""amount"": 124, ""seat"": 0}, {""action"": ""fold"", ""amount"": 0, ""seat"": 1}]"
overfold_exploiter,2026060719,1,174,deployed_overfold_exploiter_s2026060719_o1_h0174,flop,flop_cbet_or_probe,overfold_exploiter,raise,124,324,7,8,324,-100,100,flop,324,False,4c 5h Ts,"[{""action"": ""small_blind"", ""amount"": 50, ""seat"": 0}, {""action"": ""big_blind"", ""amount"": 100, ""seat"": 1}, {""action"": ""call"", ""amount"": 50, ""seat"": 0}, {""action"": ""check"", ""amount"": 0, ""seat"": 1}, {""action"": ""check"", ""amount"": 0, ""seat"": 1}, {""action"": ""raise"", ""amount"": 124, ""seat"": 0}, {""action"": ""fold"", ""amount"": 0, ""seat"": 1}]"
overfold_exploiter,2026060720,0,15,deployed_overfold_exploiter_s2026060720_o0_h0015,flop,flop_cbet_or_probe,overfold_exploiter,raise,124,324,7,8,324,-100,100,flop,324,False,Jh 8d 6d,"[{""action"": ""small_blind"", ""amount"": 50, ""seat"": 1}, {""action"": ""big_blind"", ""amount"": 100, ""seat"": 0}, {""action"": ""call"", ""amount"": 50, ""seat"": 1}, {""action"": ""check"", ""amount"": 0, ""seat"": 0}, {""action"": ""check"", ""amount"": 0, ""seat"": 0}, {""action"": ""raise"", ""amount"": 124, ""seat"": 1}, {""action"": ""fold"", ""amount"": 0, ""seat"": 0}]"
overfold_exploiter,2026060720,0,39,deployed_overfold_exploiter_s2026060720_o0_h0039,flop,flop_cbet_or_probe,overfold_exploiter,raise,124,324,7,8,324,-100,100,flop,324,False,5d Td 7s,"[{""action"": ""small_blind"", ""amount"": 50, ""seat"": 1}, {""action"": ""big_blind"", ""amount"": 100, ""seat"": 0}, {""action"": ""call"", ""amount"": 50, ""seat"": 1}, {""action"": ""check"", ""amount"": 0, ""seat"": 0}, {""action"": ""check"", ""amount"": 0, ""seat"": 0}, {""action"": ""raise"", ""amount"": 124, ""seat"": 1}, {""action"": ""fold"", ""amount"": 0, ""seat"": 0}]"
overfold_exploiter,2026060720,0,41,deployed_overfold_exploiter_s2026060720_o0_h0041,flop,flop_cbet_or_probe,overfold_exploiter,raise,124,324,7,8,324,-100,100,flop,324,False,5h 3d Jh,"[{""action"": ""small_blind"", ""amount"": 50, ""seat"": 1}, {""action"": ""big_blind"", ""amount"": 100, ""seat"": 0}, {""action"": ""call"", ""amount"": 50, ""seat"": 1}, {""action"": ""check"", ""amount"": 0, ""seat"": 0}, {""action"": ""check"", ""amount"": 0, ""seat"": 0}, {""action"": ""raise"", ""amount"": 124, ""seat"": 1}, {""action"": ""fold"", ""amount"": 0, ""seat"": 0}]"
overfold_exploiter,2026060720,0,43,deployed_overfold_exploiter_s2026060720_o0_h0043,flop,flop_cbet_or_probe,overfold_exploiter,raise,124,324,7,8,324,-100,100,flop,324,False,Ac 9h 8d,"[{""action"": ""small_blind"", ""amount"": 50, ""seat"": 1}, {""action"": ""big_blind"", ""amount"": 100, ""seat"": 0}, {""action"": ""call"", ""amount"": 50, ""seat"": 1}, {""action"": ""check"", ""amount"": 0, ""seat"": 0}, {""action"": ""check"", ""amount"": 0, ""seat"": 0}, {""action"": ""raise"", ""amount"": 124, ""seat"": 1}, {""action"": ""fold"", ""amount"": 0, ""seat"": 0}]"
overfold_exploiter,2026060720,0,51,deployed_overfold_exploiter_s2026060720_o0_h0051,flop,flop_cbet_or_probe,overfold_exploiter,raise,124,324,7,8,324,-100,100,flop,324,False,Ad Jd 9h,"[{""action"": ""small_blind"", ""amount"": 50, ""seat"": 1}, {""action"": ""big_blind"", ""amount"": 100, ""seat"": 0}, {""action"": ""call"", ""amount"": 50, ""seat"": 1}, {""action"": ""check"", ""amount"": 0, ""seat"": 0}, {""action"": ""check"", ""amount"": 0, ""seat"": 0}, {""action"": ""raise"", ""amount"": 124, ""seat"": 1}, {""action"": ""fold"", ""amount"": 0, ""seat"": 0}]"
overfold_exploiter,2026060720,0,55,deployed_overfold_exploiter_s2026060720_o0_h0055,flop,flop_cbet_or_probe,overfold_exploiter,raise,124,324,7,8,324,-100,100,flop,324,False,2s Td Tc,"[{""action"": ""small_blind"", ""amount"": 50, ""seat"": 1}, {""action"": ""big_blind"", ""amount"": 100, ""seat"": 0}, {""action"": ""call"", ""amount"": 50, ""seat"": 1}, {""action"": ""check"", ""amount"": 0, ""seat"": 0}, {""action"": ""check"", ""amount"": 0, ""seat"": 0}, {""action"": ""raise"", ""amount"": 124, ""seat"": 1}, {""action"": ""fold"", ""amount"": 0, ""seat"": 0}]"
overfold_exploiter,2026060720,0,71,deployed_overfold_exploiter_s2026060720_o0_h0071,flop,flop_cbet_or_probe,overfold_exploiter,raise,124,324,7,8,324,-100,100,flop,324,False,4s 7h Kh,"[{""action"": ""small_blind"", ""amount"": 50, ""seat"": 1}, {""action"": ""big_blind"", ""amount"": 100, ""seat"": 0}, {""action"": ""call"", ""amount"": 50, ""seat"": 1}, {""action"": ""check"", ""amount"": 0, ""seat"": 0}, {""action"": ""check"", ""amount"": 0, ""seat"": 0}, {""action"": ""raise"", ""amount"": 124, ""seat"": 1}, {""action"": ""fold"", ""amount"": 0, ""seat"": 0}]"
overfold_exploiter,2026060720,0,79,deployed_overfold_exploiter_s2026060720_o0_h0079,flop,flop_cbet_or_probe,overfold_exploiter,raise,124,324,7,8,324,-100,100,flop,324,False,Kh Ah Qc,"[{""action"": ""small_blind"", ""amount"": 50, ""seat"": 1}, {""action"": ""big_blind"", ""amount"": 100, ""seat"": 0}, {""action"": ""call"", ""amount"": 50, ""seat"": 1}, {""action"": ""check"", ""amount"": 0, ""seat"": 0}, {""action"": ""check"", ""amount"": 0, ""seat"": 0}, {""action"": ""raise"", ""amount"": 124, ""seat"": 1}, {""action"": ""fold"", ""amount"": 0, ""seat"": 0}]"
overfold_exploiter,2026060720,0,81,deployed_overfold_exploiter_s2026060720_o0_h0081,flop,flop_cbet_or_probe,overfold_exploiter,raise,124,324,7,8,324,-100,100,flop,324,False,Qd 7c 5c,"[{""action"": ""small_blind"", ""amount"": 50, ""seat"": 1}, {""action"": ""big_blind"", ""amount"": 100, ""seat"": 0}, {""action"": ""call"", ""amount"": 50, ""seat"": 1}, {""action"": ""check"", ""amount"": 0, ""seat"": 0}, {""action"": ""check"", ""amount"": 0, ""seat"": 0}, {""action"": ""raise"", ""amount"": 124, ""seat"": 1}, {""action"": ""fold"", ""amount"": 0, ""seat"": 0}]"
overfold_exploiter,2026060720,0,83,deployed_overfold_exploiter_s2026060720_o0_h0083,flop,flop_cbet_or_probe,overfold_exploiter,raise,124,324,7,8,324,-100,100,flop,324,False,Jh Ah Tc,"[{""action"": ""small_blind"", ""amount"": 50, ""seat"": 1}, {""action"": ""big_blind"", ""amount"": 100, ""seat"": 0}, {""action"": ""call"", ""amount"": 50, ""seat"": 1}, {""action"": ""check"", ""amount"": 0, ""seat"": 0}, {""action"": ""check"", ""amount"": 0, ""seat"": 0}, {""action"": ""raise"", ""amount"": 124, ""seat"": 1}, {""action"": ""fold"", ""amount"": 0, ""seat"": 0}]"
overfold_exploiter,2026060720,0,87,deployed_overfold_exploiter_s2026060720_o0_h0087,flop,flop_cbet_or_probe,overfold_exploiter,raise,124,324,7,8,324,-100,100,flop,324,False,Th 7c Jd,"[{""action"": ""small_blind"", ""amount"": 50, ""seat"": 1}, {""action"": ""big_blind"", ""amount"": 100, ""seat"": 0}, {""action"": ""call"", ""amount"": 50, ""seat"": 1}, {""action"": ""check"", ""amount"": 0, ""seat"": 0}, {""action"": ""check"", ""amount"": 0, ""seat"": 0}, {""action"": ""raise"", ""amount"": 124, ""seat"": 1}, {""action"": ""fold"", ""amount"": 0, ""seat"": 0}]"
overfold_exploiter,2026060720,0,105,deployed_overfold_exploiter_s2026060720_o0_h0105,turn,turn_barrel,overfold_exploiter,raise,322,770,11,12,770,-224,224,turn,770,False,6h Ad 3d Qs,"[{""action"": ""small_blind"", ""amount"": 50, ""seat"": 1}, {""action"": ""big_blind"", ""amount"": 100, ""seat"": 0}, {""action"": ""call"", ""amount"": 50, ""seat"": 1}, {""action"": ""check"", ""amount"": 0, ""seat"": 0}, {""action"": ""check"", ""amount"": 0, ""seat"": 0}, {""action"": ""raise"", ""amount"": 124, ""seat"": 1}, {""action"": ""call"", ""amount"": 124, ""seat"": 0}, {""action"": ""check"", ""amount"": 0, ""seat"": 0}, {""action"": ""raise"", ""amount"": 322, ""seat"": 1}, {""action"": ""fold"", ""amount"": 0, ""seat"": 0}]"
overfold_exploiter,2026060720,0,129,deployed_overfold_exploiter_s2026060720_o0_h0129,flop,flop_cbet_or_probe,overfold_exploiter,raise,124,324,7,8,324,-100,100,flop,324,False,As 9h 8h,"[{""action"": ""small_blind"", ""amount"": 50, ""seat"": 1}, {""action"": ""big_blind"", ""amount"": 100, ""seat"": 0}, {""action"": ""call"", ""amount"": 50, ""seat"": 1}, {""action"": ""check"", ""amount"": 0, ""seat"": 0}, {""action"": ""check"", ""amount"": 0, ""seat"": 0}, {""action"": ""raise"", ""amount"": 124, ""seat"": 1}, {""action"": ""fold"", ""amount"": 0, ""seat"": 0}]"
overfold_exploiter,2026060720,0,137,deployed_overfold_exploiter_s2026060720_o0_h0137,flop,flop_cbet_or_probe,overfold_exploiter,raise,124,324,7,8,324,-100,100,flop,324,False,6d Qh Jc,"[{""action"": ""small_blind"", ""amount"": 50, ""seat"": 1}, {""action"": ""big_blind"", ""amount"": 100, ""seat"": 0}, {""action"": ""call"", ""amount"": 50, ""seat"": 1}, {""action"": ""check"", ""amount"": 0, ""seat"": 0}, {""action"": ""check"", ""amount"": 0, ""seat"": 0}, {""action"": ""raise"", ""amount"": 124, ""seat"": 1}, {""action"": ""fold"", ""amount"": 0, ""seat"": 0}]"
overfold_exploiter,2026060720,0,143,deployed_overfold_exploiter_s2026060720_o0_h0143,flop,flop_cbet_or_probe,overfold_exploiter,raise,124,324,7,8,324,-100,100,flop,324,False,6h 7h 8h,"[{""action"": ""small_blind"", ""amount"": 50, ""seat"": 1}, {""action"": ""big_blind"", ""amount"": 100, ""seat"": 0}, {""action"": ""call"", ""amount"": 50, ""seat"": 1}, {""action"": ""check"", ""amount"": 0, ""seat"": 0}, {""action"": ""check"", ""amount"": 0, ""seat"": 0}, {""action"": ""raise"", ""amount"": 124, ""seat"": 1}, {""action"": ""fold"", ""amount"": 0, ""seat"": 0}]"
overfold_exploiter,2026060720,0,169,deployed_overfold_exploiter_s2026060720_o0_h0169,flop,flop_cbet_or_probe,overfold_exploiter,raise,124,324,7,8,324,-100,100,flop,324,False,Qh 5d Th,"[{""action"": ""small_blind"", ""amount"": 50, ""seat"": 1}, {""action"": ""big_blind"", ""amount"": 100, ""seat"": 0}, {""action"": ""call"", ""amount"": 50, ""seat"": 1}, {""action"": ""check"", ""amount"": 0, ""seat"": 0}, {""action"": ""check"", ""amount"": 0, ""seat"": 0}, {""action"": ""raise"", ""amount"": 124, ""seat"": 1}, {""action"": ""fold"", ""amount"": 0, ""seat"": 0}]"
overfold_exploiter,2026060720,0,177,deployed_overfold_exploiter_s2026060720_o0_h0177,flop,flop_cbet_or_probe,overfold_exploiter,raise,124,324,7,8,324,-100,100,flop,324,False,Ac 6d Kc,"[{""action"": ""small_blind"", ""amount"": 50, ""seat"": 1}, {""action"": ""big_blind"", ""amount"": 100, ""seat"": 0}, {""action"": ""call"", ""amount"": 50, ""seat"": 1}, {""action"": ""check"", ""amount"": 0, ""seat"": 0}, {""action"": ""check"", ""amount"": 0, ""seat"": 0}, {""action"": ""raise"", ""amount"": 124, ""seat"": 1}, {""action"": ""fold"", ""amount"": 0, ""seat"": 0}]"
overfold_exploiter,2026060720,0,179,deployed_overfold_exploiter_s2026060720_o0_h0179,flop,flop_cbet_or_probe,overfold_exploiter,raise,124,324,7,8,324,-100,100,flop,324,False,Th 9c 9d,"[{""action"": ""small_blind"", ""amount"": 50, ""seat"": 1}, {""action"": ""big_blind"", ""amount"": 100, ""seat"": 0}, {""action"": ""call"", ""amount"": 50, ""seat"": 1}, {""action"": ""check"", ""amount"": 0, ""seat"": 0}, {""action"": ""check"", ""amount"": 0, ""seat"": 0}, {""action"": ""raise"", ""amount"": 124, ""seat"": 1}, {""action"": ""fold"", ""amount"": 0, ""seat"": 0}]"
overfold_exploiter,2026060720,0,187,deployed_overfold_exploiter_s2026060720_o0_h0187,flop,flop_cbet_or_probe,overfold_exploiter,raise,124,324,7,8,324,-100,100,flop,324,False,2s 3d 9d,"[{""action"": ""small_blind"", ""amount"": 50, ""seat"": 1}, {""action"": ""big_blind"", ""amount"": 100, ""seat"": 0}, {""action"": ""call"", ""amount"": 50, ""seat"": 1}, {""action"": ""check"", ""amount"": 0, ""seat"": 0}, {""action"": ""check"", ""amount"": 0, ""seat"": 0}, {""action"": ""raise"", ""amount"": 124, ""seat"": 1}, {""action"": ""fold"", ""amount"": 0, ""seat"": 0}]"
overfold_exploiter,2026060720,0,195,deployed_overfold_exploiter_s2026060720_o0_h0195,flop,flop_cbet_or_probe,overfold_exploiter,raise,124,324,7,8,324,-100,100,flop,324,False,Jd Tc 6d,"[{""action"": ""small_blind"", ""amount"": 50, ""seat"": 1}, {""action"": ""big_blind"", ""amount"": 100, ""seat"": 0}, {""action"": ""call"", ""amount"": 50, ""seat"": 1}, {""action"": ""check"", ""amount"": 0, ""seat"": 0}, {""action"": ""check"", ""amount"": 0, ""seat"": 0}, {""action"": ""raise"", ""amount"": 124, ""seat"": 1}, {""action"": ""fold"", ""amount"": 0, ""seat"": 0}]"
overfold_exploiter,2026060720,1,14,deployed_overfold_exploiter_s2026060720_o1_h0014,flop,flop_cbet_or_probe,overfold_exploiter,raise,124,324,7,8,324,-100,100,flop,324,False,8s 2c Jc,"[{""action"": ""small_blind"", ""amount"": 50, ""seat"": 0}, {""action"": ""big_blind"", ""amount"": 100, ""seat"": 1}, {""action"": ""call"", ""amount"": 50, ""seat"": 0}, {""action"": ""check"", ""amount"": 0, ""seat"": 1}, {""action"": ""check"", ""amount"": 0, ""seat"": 1}, {""action"": ""raise"", ""amount"": 124, ""seat"": 0}, {""action"": ""fold"", ""amount"": 0, ""seat"": 1}]"
overfold_exploiter,2026060720,1,16,deployed_overfold_exploiter_s2026060720_o1_h0016,flop,flop_cbet_or_probe,overfold_exploiter,raise,124,324,7,8,324,-100,100,flop,324,False,5c 3h Jc,"[{""action"": ""small_blind"", ""amount"": 50, ""seat"": 0}, {""action"": ""big_blind"", ""amount"": 100, ""seat"": 1}, {""action"": ""call"", ""amount"": 50, ""seat"": 0}, {""action"": ""check"", ""amount"": 0, ""seat"": 1}, {""action"": ""check"", ""amount"": 0, ""seat"": 1}, {""action"": ""raise"", ""amount"": 124, ""seat"": 0}, {""action"": ""fold"", ""amount"": 0, ""seat"": 1}]"
overfold_exploiter,2026060720,1,18,deployed_overfold_exploiter_s2026060720_o1_h0018,flop,flop_cbet_or_probe,overfold_exploiter,raise,124,324,7,8,324,-100,100,flop,324,False,4h 5h 3s,"[{""action"": ""small_blind"", ""amount"": 50, ""seat"": 0}, {""action"": ""big_blind"", ""amount"": 100, ""seat"": 1}, {""action"": ""call"", ""amount"": 50, ""seat"": 0}, {""action"": ""check"", ""amount"": 0, ""seat"": 1}, {""action"": ""check"", ""amount"": 0, ""seat"": 1}, {""action"": ""raise"", ""amount"": 124, ""seat"": 0}, {""action"": ""fold"", ""amount"": 0, ""seat"": 1}]"
overfold_exploiter,2026060720,1,20,deployed_overfold_exploiter_s2026060720_o1_h0020,flop,flop_cbet_or_probe,overfold_exploiter,raise,124,324,7,8,324,-100,100,flop,324,False,Kh Ts Kc,"[{""action"": ""small_blind"", ""amount"": 50, ""seat"": 0}, {""action"": ""big_blind"", ""amount"": 100, ""seat"": 1}, {""action"": ""call"", ""amount"": 50, ""seat"": 0}, {""action"": ""check"", ""amount"": 0, ""seat"": 1}, {""action"": ""check"", ""amount"": 0, ""seat"": 1}, {""action"": ""raise"", ""amount"": 124, ""seat"": 0}, {""action"": ""fold"", ""amount"": 0, ""seat"": 1}]"
overfold_exploiter,2026060720,1,36,deployed_overfold_exploiter_s2026060720_o1_h0036,flop,flop_cbet_or_probe,overfold_exploiter,raise,124,324,7,8,324,-100,100,flop,324,False,7d Tc Td,"[{""action"": ""small_blind"", ""amount"": 50, ""seat"": 0}, {""action"": ""big_blind"", ""amount"": 100, ""seat"": 1}, {""action"": ""call"", ""amount"": 50, ""seat"": 0}, {""action"": ""check"", ""amount"": 0, ""seat"": 1}, {""action"": ""check"", ""amount"": 0, ""seat"": 1}, {""action"": ""raise"", ""amount"": 124, ""seat"": 0}, {""action"": ""fold"", ""amount"": 0, ""seat"": 1}]"
overfold_exploiter,2026060720,1,38,deployed_overfold_exploiter_s2026060720_o1_h0038,flop,flop_cbet_or_probe,overfold_exploiter,raise,124,324,7,8,324,-100,100,flop,324,False,Jd Jc Ah,"[{""action"": ""small_blind"", ""amount"": 50, ""seat"": 0}, {""action"": ""big_blind"", ""amount"": 100, ""seat"": 1}, {""action"": ""call"", ""amount"": 50, ""seat"": 0}, {""action"": ""check"", ""amount"": 0, ""seat"": 1}, {""action"": ""check"", ""amount"": 0, ""seat"": 1}, {""action"": ""raise"", ""amount"": 124, ""seat"": 0}, {""action"": ""fold"", ""amount"": 0, ""seat"": 1}]"
overfold_exploiter,2026060720,1,40,deployed_overfold_exploiter_s2026060720_o1_h0040,flop,flop_cbet_or_probe,overfold_exploiter,raise,124,324,7,8,324,-100,100,flop,324,False,8d Kd 8c,"[{""action"": ""small_blind"", ""amount"": 50, ""seat"": 0}, {""action"": ""big_blind"", ""amount"": 100, ""seat"": 1}, {""action"": ""call"", ""amount"": 50, ""seat"": 0}, {""action"": ""check"", ""amount"": 0, ""seat"": 1}, {""action"": ""check"", ""amount"": 0, ""seat"": 1}, {""action"": ""raise"", ""amount"": 124, ""seat"": 0}, {""action"": ""fold"", ""amount"": 0, ""seat"": 1}]"
overfold_exploiter,2026060720,1,44,deployed_overfold_exploiter_s2026060720_o1_h0044,flop,flop_cbet_or_probe,overfold_exploiter,raise,124,324,7,8,324,-100,100,flop,324,False,6c Kh 3c,"[{""action"": ""small_blind"", ""amount"": 50, ""seat"": 0}, {""action"": ""big_blind"", ""amount"": 100, ""seat"": 1}, {""action"": ""call"", ""amount"": 50, ""seat"": 0}, {""action"": ""check"", ""amount"": 0, ""seat"": 1}, {""action"": ""check"", ""amount"": 0, ""seat"": 1}, {""action"": ""raise"", ""amount"": 124, ""seat"": 0}, {""action"": ""fold"", ""amount"": 0, ""seat"": 1}]"
overfold_exploiter,2026060720,1,64,deployed_overfold_exploiter_s2026060720_o1_h0064,flop,flop_cbet_or_probe,overfold_exploiter,raise,124,324,7,8,324,-100,100,flop,324,False,3c 4h 3s,"[{""action"": ""small_blind"", ""amount"": 50, ""seat"": 0}, {""action"": ""big_blind"", ""amount"": 100, ""seat"": 1}, {""action"": ""call"", ""amount"": 50, ""seat"": 0}, {""action"": ""check"", ""amount"": 0, ""seat"": 1}, {""action"": ""check"", ""amount"": 0, ""seat"": 1}, {""action"": ""raise"", ""amount"": 124, ""seat"": 0}, {""action"": ""fold"", ""amount"": 0, ""seat"": 1}]"
overfold_exploiter,2026060720,1,74,deployed_overfold_exploiter_s2026060720_o1_h0074,flop,flop_cbet_or_probe,overfold_exploiter,raise,124,324,7,8,324,-100,100,flop,324,False,Qs 4h 7h,"[{""action"": ""small_blind"", ""amount"": 50, ""seat"": 0}, {""action"": ""big_blind"", ""amount"": 100, ""seat"": 1}, {""action"": ""call"", ""amount"": 50, ""seat"": 0}, {""action"": ""check"", ""amount"": 0, ""seat"": 1}, {""action"": ""check"", ""amount"": 0, ""seat"": 1}, {""action"": ""raise"", ""amount"": 124, ""seat"": 0}, {""action"": ""fold"", ""amount"": 0, ""seat"": 1}]"
overfold_exploiter,2026060720,1,82,deployed_overfold_exploiter_s2026060720_o1_h0082,flop,flop_cbet_or_probe,overfold_exploiter,raise,124,324,7,8,324,-100,100,flop,324,False,5h As 2h,"[{""action"": ""small_blind"", ""amount"": 50, ""seat"": 0}, {""action"": ""big_blind"", ""amount"": 100, ""seat"": 1}, {""action"": ""call"", ""amount"": 50, ""seat"": 0}, {""action"": ""check"", ""amount"": 0, ""seat"": 1}, {""action"": ""check"", ""amount"": 0, ""seat"": 1}, {""action"": ""raise"", ""amount"": 124, ""seat"": 0}, {""action"": ""fold"", ""amount"": 0, ""seat"": 1}]"
overfold_exploiter,2026060720,1,112,deployed_overfold_exploiter_s2026060720_o1_h0112,flop,flop_cbet_or_probe,overfold_exploiter,raise,124,324,7,8,324,-100,100,flop,324,False,Ts Kh 9d,"[{""action"": ""small_blind"", ""amount"": 50, ""seat"": 0}, {""action"": ""big_blind"", ""amount"": 100, ""seat"": 1}, {""action"": ""call"", ""amount"": 50, ""seat"": 0}, {""action"": ""check"", ""amount"": 0, ""seat"": 1}, {""action"": ""check"", ""amount"": 0, ""seat"": 1}, {""action"": ""raise"", ""amount"": 124, ""seat"": 0}, {""action"": ""fold"", ""amount"": 0, ""seat"": 1}]"
overfold_exploiter,2026060720,1,116,deployed_overfold_exploiter_s2026060720_o1_h0116,flop,flop_cbet_or_probe,overfold_exploiter,raise,124,324,7,8,324,-100,100,flop,324,False,Js 5h 8d,"[{""action"": ""small_blind"", ""amount"": 50, ""seat"": 0}, {""action"": ""big_blind"", ""amount"": 100, ""seat"": 1}, {""action"": ""call"", ""amount"": 50, ""seat"": 0}, {""action"": ""check"", ""amount"": 0, ""seat"": 1}, {""action"": ""check"", ""amount"": 0, ""seat"": 1}, {""action"": ""raise"", ""amount"": 124, ""seat"": 0}, {""action"": ""fold"", ""amount"": 0, ""seat"": 1}]"
overfold_exploiter,2026060720,1,122,deployed_overfold_exploiter_s2026060720_o1_h0122,flop,flop_cbet_or_probe,overfold_exploiter,raise,124,324,7,8,324,-100,100,flop,324,False,5s Kc Ks,"[{""action"": ""small_blind"", ""amount"": 50, ""seat"": 0}, {""action"": ""big_blind"", ""amount"": 100, ""seat"": 1}, {""action"": ""call"", ""amount"": 50, ""seat"": 0}, {""action"": ""check"", ""amount"": 0, ""seat"": 1}, {""action"": ""check"", ""amount"": 0, ""seat"": 1}, {""action"": ""raise"", ""amount"": 124, ""seat"": 0}, {""action"": ""fold"", ""amount"": 0, ""seat"": 1}]"
overfold_exploiter,2026060720,1,138,deployed_overfold_exploiter_s2026060720_o1_h0138,flop,flop_cbet_or_probe,overfold_exploiter,raise,124,324,7,8,324,-100,100,flop,324,False,Tc Ac 2d,"[{""action"": ""small_blind"", ""amount"": 50, ""seat"": 0}, {""action"": ""big_blind"", ""amount"": 100, ""seat"": 1}, {""action"": ""call"", ""amount"": 50, ""seat"": 0}, {""action"": ""check"", ""amount"": 0, ""seat"": 1}, {""action"": ""check"", ""amount"": 0, ""seat"": 1}, {""action"": ""raise"", ""amount"": 124, ""seat"": 0}, {""action"": ""fold"", ""amount"": 0, ""seat"": 1}]"
overfold_exploiter,2026060720,1,148,deployed_overfold_exploiter_s2026060720_o1_h0148,turn,turn_probe,overfold_exploiter,raise,144,344,10,11,344,-100,100,turn,344,False,4d 7d Td Ks,"[{""action"": ""small_blind"", ""amount"": 50, ""seat"": 0}, {""action"": ""big_blind"", ""amount"": 100, ""seat"": 1}, {""action"": ""call"", ""amount"": 50, ""seat"": 0}, {""action"": ""check"", ""amount"": 0, ""seat"": 1}, {""action"": ""check"", ""amount"": 0, ""seat"": 1}, {""action"": ""check"", ""amount"": 0, ""seat"": 0}, {""action"": ""check"", ""amount"": 0, ""seat"": 1}, {""action"": ""raise"", ""amount"": 144, ""seat"": 0}, {""action"": ""fold"", ""amount"": 0, ""seat"": 1}]"
overfold_exploiter,2026060720,1,154,deployed_overfold_exploiter_s2026060720_o1_h0154,flop,flop_cbet_or_probe,overfold_exploiter,raise,124,324,7,8,324,-100,100,flop,324,False,Jd 6s As,"[{""action"": ""small_blind"", ""amount"": 50, ""seat"": 0}, {""action"": ""big_blind"", ""amount"": 100, ""seat"": 1}, {""action"": ""call"", ""amount"": 50, ""seat"": 0}, {""action"": ""check"", ""amount"": 0, ""seat"": 1}, {""action"": ""check"", ""amount"": 0, ""seat"": 1}, {""action"": ""raise"", ""amount"": 124, ""seat"": 0}, {""action"": ""fold"", ""amount"": 0, ""seat"": 1}]"
overfold_exploiter,2026060720,1,156,deployed_overfold_exploiter_s2026060720_o1_h0156,flop,flop_cbet_or_probe,overfold_exploiter,raise,124,324,7,8,324,-100,100,flop,324,False,Kc 6d Ac,"[{""action"": ""small_blind"", ""amount"": 50, ""seat"": 0}, {""action"": ""big_blind"", ""amount"": 100, ""seat"": 1}, {""action"": ""call"", ""amount"": 50, ""seat"": 0}, {""action"": ""check"", ""amount"": 0, ""seat"": 1}, {""action"": ""check"", ""amount"": 0, ""seat"": 1}, {""action"": ""raise"", ""amount"": 124, ""seat"": 0}, {""action"": ""fold"", ""amount"": 0, ""seat"": 1}]"
overfold_exploiter,2026060720,1,166,deployed_overfold_exploiter_s2026060720_o1_h0166,flop,flop_cbet_or_probe,overfold_exploiter,raise,124,324,7,8,324,-100,100,flop,324,False,3h 9h Jd,"[{""action"": ""small_blind"", ""amount"": 50, ""seat"": 0}, {""action"": ""big_blind"", ""amount"": 100, ""seat"": 1}, {""action"": ""call"", ""amount"": 50, ""seat"": 0}, {""action"": ""check"", ""amount"": 0, ""seat"": 1}, {""action"": ""check"", ""amount"": 0, ""seat"": 1}, {""action"": ""raise"", ""amount"": 124, ""seat"": 0}, {""action"": ""fold"", ""amount"": 0, ""seat"": 1}]"
overfold_exploiter,2026060720,1,168,deployed_overfold_exploiter_s2026060720_o1_h0168,flop,flop_cbet_or_probe,overfold_exploiter,raise,124,324,7,8,324,-100,100,flop,324,False,Ad Qs Ks,"[{""action"": ""small_blind"", ""amount"": 50, ""seat"": 0}, {""action"": ""big_blind"", ""amount"": 100, ""seat"": 1}, {""action"": ""call"", ""amount"": 50, ""seat"": 0}, {""action"": ""check"", ""amount"": 0, ""seat"": 1}, {""action"": ""check"", ""amount"": 0, ""seat"": 1}, {""action"": ""raise"", ""amount"": 124, ""seat"": 0}, {""action"": ""fold"", ""amount"": 0, ""seat"": 1}]"
overfold_exploiter,2026060720,1,188,deployed_overfold_exploiter_s2026060720_o1_h0188,flop,flop_cbet_or_probe,overfold_exploiter,raise,124,324,7,8,324,-100,100,flop,324,False,9d 4s Tc,"[{""action"": ""small_blind"", ""amount"": 50, ""seat"": 0}, {""action"": ""big_blind"", ""amount"": 100, ""seat"": 1}, {""action"": ""call"", ""amount"": 50, ""seat"": 0}, {""action"": ""check"", ""amount"": 0, ""seat"": 1}, {""action"": ""check"", ""amount"": 0, ""seat"": 1}, {""action"": ""raise"", ""amount"": 124, ""seat"": 0}, {""action"": ""fold"", ""amount"": 0, ""seat"": 1}]"
overfold_exploiter,2026060720,1,190,deployed_overfold_exploiter_s2026060720_o1_h0190,flop,flop_cbet_or_probe,overfold_exploiter,raise,124,324,7,8,324,-100,100,flop,324,False,2s 2d 5s,"[{""action"": ""small_blind"", ""amount"": 50, ""seat"": 0}, {""action"": ""big_blind"", ""amount"": 100, ""seat"": 1}, {""action"": ""call"", ""amount"": 50, ""seat"": 0}, {""action"": ""check"", ""amount"": 0, ""seat"": 1}, {""action"": ""check"", ""amount"": 0, ""seat"": 1}, {""action"": ""raise"", ""amount"": 124, ""seat"": 0}, {""action"": ""fold"", ""amount"": 0, ""seat"": 1}]"
overfold_exploiter,2026060720,1,196,deployed_overfold_exploiter_s2026060720_o1_h0196,flop,flop_cbet_or_probe,overfold_exploiter,raise,124,324,7,8,324,-100,100,flop,324,False,Tc Kh 9h,"[{""action"": ""small_blind"", ""amount"": 50, ""seat"": 0}, {""action"": ""big_blind"", ""amount"": 100, ""seat"": 1}, {""action"": ""call"", ""amount"": 50, ""seat"": 0}, {""action"": ""check"", ""amount"": 0, ""seat"": 1}, {""action"": ""check"", ""amount"": 0, ""seat"": 1}, {""action"": ""raise"", ""amount"": 124, ""seat"": 0}, {""action"": ""fold"", ""amount"": 0, ""seat"": 1}]"
overfold_exploiter,2026060721,0,1,deployed_overfold_exploiter_s2026060721_o0_h0001,flop,flop_cbet_or_probe,overfold_exploiter,raise,124,324,7,8,324,-100,100,flop,324,False,5h 2s 7h,"[{""action"": ""small_blind"", ""amount"": 50, ""seat"": 1}, {""action"": ""big_blind"", ""amount"": 100, ""seat"": 0}, {""action"": ""call"", ""amount"": 50, ""seat"": 1}, {""action"": ""check"", ""amount"": 0, ""seat"": 0}, {""action"": ""check"", ""amount"": 0, ""seat"": 0}, {""action"": ""raise"", ""amount"": 124, ""seat"": 1}, {""action"": ""fold"", ""amount"": 0, ""seat"": 0}]"
overfold_exploiter,2026060721,0,3,deployed_overfold_exploiter_s2026060721_o0_h0003,flop,flop_cbet_or_probe,overfold_exploiter,raise,124,324,7,8,324,-100,100,flop,324,False,8c Kd 2d,"[{""action"": ""small_blind"", ""amount"": 50, ""seat"": 1}, {""action"": ""big_blind"", ""amount"": 100, ""seat"": 0}, {""action"": ""call"", ""amount"": 50, ""seat"": 1}, {""action"": ""check"", ""amount"": 0, ""seat"": 0}, {""action"": ""check"", ""amount"": 0, ""seat"": 0}, {""action"": ""raise"", ""amount"": 124, ""seat"": 1}, {""action"": ""fold"", ""amount"": 0, ""seat"": 0}]"
overfold_exploiter,2026060721,0,5,deployed_overfold_exploiter_s2026060721_o0_h0005,flop,flop_cbet_or_probe,overfold_exploiter,raise,124,324,7,8,324,-100,100,flop,324,False,7c Js 9h,"[{""action"": ""small_blind"", ""amount"": 50, ""seat"": 1}, {""action"": ""big_blind"", ""amount"": 100, ""seat"": 0}, {""action"": ""call"", ""amount"": 50, ""seat"": 1}, {""action"": ""check"", ""amount"": 0, ""seat"": 0}, {""action"": ""check"", ""amount"": 0, ""seat"": 0}, {""action"": ""raise"", ""amount"": 124, ""seat"": 1}, {""action"": ""fold"", ""amount"": 0, ""seat"": 0}]"
overfold_exploiter,2026060721,0,17,deployed_overfold_exploiter_s2026060721_o0_h0017,flop,flop_cbet_or_probe,overfold_exploiter,raise,124,324,7,8,324,-100,100,flop,324,False,Js 5s 9s,"[{""action"": ""small_blind"", ""amount"": 50, ""seat"": 1}, {""action"": ""big_blind"", ""amount"": 100, ""seat"": 0}, {""action"": ""call"", ""amount"": 50, ""seat"": 1}, {""action"": ""check"", ""amount"": 0, ""seat"": 0}, {""action"": ""check"", ""amount"": 0, ""seat"": 0}, {""action"": ""raise"", ""amount"": 124, ""seat"": 1}, {""action"": ""fold"", ""amount"": 0, ""seat"": 0}]"
overfold_exploiter,2026060721,0,41,deployed_overfold_exploiter_s2026060721_o0_h0041,flop,flop_cbet_or_probe,overfold_exploiter,raise,124,324,7,8,324,-100,100,flop,324,False,3c 8c Jc,"[{""action"": ""small_blind"", ""amount"": 50, ""seat"": 1}, {""action"": ""big_blind"", ""amount"": 100, ""seat"": 0}, {""action"": ""call"", ""amount"": 50, ""seat"": 1}, {""action"": ""check"", ""amount"": 0, ""seat"": 0}, {""action"": ""check"", ""amount"": 0, ""seat"": 0}, {""action"": ""raise"", ""amount"": 124, ""seat"": 1}, {""action"": ""fold"", ""amount"": 0, ""seat"": 0}]"
overfold_exploiter,2026060721,0,47,deployed_overfold_exploiter_s2026060721_o0_h0047,flop,flop_cbet_or_probe,overfold_exploiter,raise,124,324,7,8,324,-100,100,flop,324,False,Ts 8s Td,"[{""action"": ""small_blind"", ""amount"": 50, ""seat"": 1}, {""action"": ""big_blind"", ""amount"": 100, ""seat"": 0}, {""action"": ""call"", ""amount"": 50, ""seat"": 1}, {""action"": ""check"", ""amount"": 0, ""seat"": 0}, {""action"": ""check"", ""amount"": 0, ""seat"": 0}, {""action"": ""raise"", ""amount"": 124, ""seat"": 1}, {""action"": ""fold"", ""amount"": 0, ""seat"": 0}]"
overfold_exploiter,2026060721,0,51,deployed_overfold_exploiter_s2026060721_o0_h0051,flop,flop_cbet_or_probe,overfold_exploiter,raise,124,324,7,8,324,-100,100,flop,324,False,Js 9h 3h,"[{""action"": ""small_blind"", ""amount"": 50, ""seat"": 1}, {""action"": ""big_blind"", ""amount"": 100, ""seat"": 0}, {""action"": ""call"", ""amount"": 50, ""seat"": 1}, {""action"": ""check"", ""amount"": 0, ""seat"": 0}, {""action"": ""check"", ""amount"": 0, ""seat"": 0}, {""action"": ""raise"", ""amount"": 124, ""seat"": 1}, {""action"": ""fold"", ""amount"": 0, ""seat"": 0}]"
overfold_exploiter,2026060721,0,65,deployed_overfold_exploiter_s2026060721_o0_h0065,flop,flop_cbet_or_probe,overfold_exploiter,raise,124,324,7,8,324,-100,100,flop,324,False,Td Ac Qs,"[{""action"": ""small_blind"", ""amount"": 50, ""seat"": 1}, {""action"": ""big_blind"", ""amount"": 100, ""seat"": 0}, {""action"": ""call"", ""amount"": 50, ""seat"": 1}, {""action"": ""check"", ""amount"": 0, ""seat"": 0}, {""action"": ""check"", ""amount"": 0, ""seat"": 0}, {""action"": ""raise"", ""amount"": 124, ""seat"": 1}, {""action"": ""fold"", ""amount"": 0, ""seat"": 0}]"
overfold_exploiter,2026060721,0,81,deployed_overfold_exploiter_s2026060721_o0_h0081,flop,flop_cbet_or_probe,overfold_exploiter,raise,124,324,7,8,324,-100,100,flop,324,False,Ac Ts Qd,"[{""action"": ""small_blind"", ""amount"": 50, ""seat"": 1}, {""action"": ""big_blind"", ""amount"": 100, ""seat"": 0}, {""action"": ""call"", ""amount"": 50, ""seat"": 1}, {""action"": ""check"", ""amount"": 0, ""seat"": 0}, {""action"": ""check"", ""amount"": 0, ""seat"": 0}, {""action"": ""raise"", ""amount"": 124, ""seat"": 1}, {""action"": ""fold"", ""amount"": 0, ""seat"": 0}]"
overfold_exploiter,2026060721,0,99,deployed_overfold_exploiter_s2026060721_o0_h0099,flop,flop_cbet_or_probe,overfold_exploiter,raise,124,324,7,8,324,-100,100,flop,324,False,As 6d Th,"[{""action"": ""small_blind"", ""amount"": 50, ""seat"": 1}, {""action"": ""big_blind"", ""amount"": 100, ""seat"": 0}, {""action"": ""call"", ""amount"": 50, ""seat"": 1}, {""action"": ""check"", ""amount"": 0, ""seat"": 0}, {""action"": ""check"", ""amount"": 0, ""seat"": 0}, {""action"": ""raise"", ""amount"": 124, ""seat"": 1}, {""action"": ""fold"", ""amount"": 0, ""seat"": 0}]"
overfold_exploiter,2026060721,0,110,deployed_overfold_exploiter_s2026060721_o0_h0110,turn,turn_barrel,overfold_exploiter,raise,806,1926,9,10,1926,-560,560,turn,1926,False,Js Ks Th 2s,"[{""action"": ""small_blind"", ""amount"": 50, ""seat"": 0}, {""action"": ""big_blind"", ""amount"": 100, ""seat"": 1}, {""action"": ""raise"", ""amount"": 250, ""seat"": 0}, {""action"": ""call"", ""amount"": 150, ""seat"": 1}, {""action"": ""raise"", ""amount"": 310, ""seat"": 1}, {""action"": ""call"", ""amount"": 310, ""seat"": 0}, {""action"": ""raise"", ""amount"": 806, ""seat"": 1}, {""action"": ""fold"", ""amount"": 0, ""seat"": 0}]"
overfold_exploiter,2026060721,0,113,deployed_overfold_exploiter_s2026060721_o0_h0113,flop,flop_cbet_or_probe,overfold_exploiter,raise,124,324,7,8,324,-100,100,flop,324,False,3s Ks 6h,"[{""action"": ""small_blind"", ""amount"": 50, ""seat"": 1}, {""action"": ""big_blind"", ""amount"": 100, ""seat"": 0}, {""action"": ""call"", ""amount"": 50, ""seat"": 1}, {""action"": ""check"", ""amount"": 0, ""seat"": 0}, {""action"": ""check"", ""amount"": 0, ""seat"": 0}, {""action"": ""raise"", ""amount"": 124, ""seat"": 1}, {""action"": ""fold"", ""amount"": 0, ""seat"": 0}]"
overfold_exploiter,2026060721,0,127,deployed_overfold_exploiter_s2026060721_o0_h0127,flop,flop_cbet_or_probe,overfold_exploiter,raise,124,324,7,8,324,-100,100,flop,324,False,Jc Ks Jd,"[{""action"": ""small_blind"", ""amount"": 50, ""seat"": 1}, {""action"": ""big_blind"", ""amount"": 100, ""seat"": 0}, {""action"": ""call"", ""amount"": 50, ""seat"": 1}, {""action"": ""check"", ""amount"": 0, ""seat"": 0}, {""action"": ""check"", ""amount"": 0, ""seat"": 0}, {""action"": ""raise"", ""amount"": 124, ""seat"": 1}, {""action"": ""fold"", ""amount"": 0, ""seat"": 0}]"
overfold_exploiter,2026060721,0,131,deployed_overfold_exploiter_s2026060721_o0_h0131,flop,flop_cbet_or_probe,overfold_exploiter,raise,124,324,7,8,324,-100,100,flop,324,False,Js Ad 2s,"[{""action"": ""small_blind"", ""amount"": 50, ""seat"": 1}, {""action"": ""big_blind"", ""amount"": 100, ""seat"": 0}, {""action"": ""call"", ""amount"": 50, ""seat"": 1}, {""action"": ""check"", ""amount"": 0, ""seat"": 0}, {""action"": ""check"", ""amount"": 0, ""seat"": 0}, {""action"": ""raise"", ""amount"": 124, ""seat"": 1}, {""action"": ""fold"", ""amount"": 0, ""seat"": 0}]"
overfold_exploiter,2026060721,0,149,deployed_overfold_exploiter_s2026060721_o0_h0149,turn,turn_barrel,overfold_exploiter,raise,322,770,11,12,770,-224,224,turn,770,False,7d 4d 5s Ad,"[{""action"": ""small_blind"", ""amount"": 50, ""seat"": 1}, {""action"": ""big_blind"", ""amount"": 100, ""seat"": 0}, {""action"": ""call"", ""amount"": 50, ""seat"": 1}, {""action"": ""check"", ""amount"": 0, ""seat"": 0}, {""action"": ""check"", ""amount"": 0, ""seat"": 0}, {""action"": ""raise"", ""amount"": 124, ""seat"": 1}, {""action"": ""call"", ""amount"": 124, ""seat"": 0}, {""action"": ""check"", ""amount"": 0, ""seat"": 0}, {""action"": ""raise"", ""amount"": 322, ""seat"": 1}, {""action"": ""fold"", ""amount"": 0, ""seat"": 0}]"
overfold_exploiter,2026060721,0,175,deployed_overfold_exploiter_s2026060721_o0_h0175,flop,flop_cbet_or_probe,overfold_exploiter,raise,124,324,7,8,324,-100,100,flop,324,False,Qc Js As,"[{""action"": ""small_blind"", ""amount"": 50, ""seat"": 1}, {""action"": ""big_blind"", ""amount"": 100, ""seat"": 0}, {""action"": ""call"", ""amount"": 50, ""seat"": 1}, {""action"": ""check"", ""amount"": 0, ""seat"": 0}, {""action"": ""check"", ""amount"": 0, ""seat"": 0}, {""action"": ""raise"", ""amount"": 124, ""seat"": 1}, {""action"": ""fold"", ""amount"": 0, ""seat"": 0}]"
overfold_exploiter,2026060721,0,179,deployed_overfold_exploiter_s2026060721_o0_h0179,flop,flop_cbet_or_probe,overfold_exploiter,raise,124,324,7,8,324,-100,100,flop,324,False,3s 8c 4s,"[{""action"": ""small_blind"", ""amount"": 50, ""seat"": 1}, {""action"": ""big_blind"", ""amount"": 100, ""seat"": 0}, {""action"": ""call"", ""amount"": 50, ""seat"": 1}, {""action"": ""check"", ""amount"": 0, ""seat"": 0}, {""action"": ""check"", ""amount"": 0, ""seat"": 0}, {""action"": ""raise"", ""amount"": 124, ""seat"": 1}, {""action"": ""fold"", ""amount"": 0, ""seat"": 0}]"
overfold_exploiter,2026060721,0,195,deployed_overfold_exploiter_s2026060721_o0_h0195,flop,flop_cbet_or_probe,overfold_exploiter,raise,124,324,7,8,324,-100,100,flop,324,False,5s 6h Kd,"[{""action"": ""small_blind"", ""amount"": 50, ""seat"": 1}, {""action"": ""big_blind"", ""amount"": 100, ""seat"": 0}, {""action"": ""call"", ""amount"": 50, ""seat"": 1}, {""action"": ""check"", ""amount"": 0, ""seat"": 0}, {""action"": ""check"", ""amount"": 0, ""seat"": 0}, {""action"": ""raise"", ""amount"": 124, ""seat"": 1}, {""action"": ""fold"", ""amount"": 0, ""seat"": 0}]"
overfold_exploiter,2026060721,0,197,deployed_overfold_exploiter_s2026060721_o0_h0197,turn,turn_barrel,overfold_exploiter,raise,322,770,11,12,770,-224,224,turn,770,False,2d 4d 4h Ad,"[{""action"": ""small_blind"", ""amount"": 50, ""seat"": 1}, {""action"": ""big_blind"", ""amount"": 100, ""seat"": 0}, {""action"": ""call"", ""amount"": 50, ""seat"": 1}, {""action"": ""check"", ""amount"": 0, ""seat"": 0}, {""action"": ""check"", ""amount"": 0, ""seat"": 0}, {""action"": ""raise"", ""amount"": 124, ""seat"": 1}, {""action"": ""call"", ""amount"": 124, ""seat"": 0}, {""action"": ""check"", ""amount"": 0, ""seat"": 0}, {""action"": ""raise"", ""amount"": 322, ""seat"": 1}, {""action"": ""fold"", ""amount"": 0, ""seat"": 0}]"
overfold_exploiter,2026060721,1,16,deployed_overfold_exploiter_s2026060721_o1_h0016,flop,flop_cbet_or_probe,overfold_exploiter,raise,124,324,7,8,324,-100,100,flop,324,False,Ts 8c 4c,"[{""action"": ""small_blind"", ""amount"": 50, ""seat"": 0}, {""action"": ""big_blind"", ""amount"": 100, ""seat"": 1}, {""action"": ""call"", ""amount"": 50, ""seat"": 0}, {""action"": ""check"", ""amount"": 0, ""seat"": 1}, {""action"": ""check"", ""amount"": 0, ""seat"": 1}, {""action"": ""raise"", ""amount"": 124, ""seat"": 0}, {""action"": ""fold"", ""amount"": 0, ""seat"": 1}]"
overfold_exploiter,2026060721,1,22,deployed_overfold_exploiter_s2026060721_o1_h0022,flop,flop_cbet_or_probe,overfold_exploiter,raise,124,324,7,8,324,-100,100,flop,324,False,2s 6s Td,"[{""action"": ""small_blind"", ""amount"": 50, ""seat"": 0}, {""action"": ""big_blind"", ""amount"": 100, ""seat"": 1}, {""action"": ""call"", ""amount"": 50, ""seat"": 0}, {""action"": ""check"", ""amount"": 0, ""seat"": 1}, {""action"": ""check"", ""amount"": 0, ""seat"": 1}, {""action"": ""raise"", ""amount"": 124, ""seat"": 0}, {""action"": ""fold"", ""amount"": 0, ""seat"": 1}]"
overfold_exploiter,2026060721,1,28,deployed_overfold_exploiter_s2026060721_o1_h0028,flop,flop_cbet_or_probe,overfold_exploiter,raise,124,324,7,8,324,-100,100,flop,324,False,9s 8s 3c,"[{""action"": ""small_blind"", ""amount"": 50, ""seat"": 0}, {""action"": ""big_blind"", ""amount"": 100, ""seat"": 1}, {""action"": ""call"", ""amount"": 50, ""seat"": 0}, {""action"": ""check"", ""amount"": 0, ""seat"": 1}, {""action"": ""check"", ""amount"": 0, ""seat"": 1}, {""action"": ""raise"", ""amount"": 124, ""seat"": 0}, {""action"": ""fold"", ""amount"": 0, ""seat"": 1}]"
overfold_exploiter,2026060721,1,34,deployed_overfold_exploiter_s2026060721_o1_h0034,flop,flop_cbet_or_probe,overfold_exploiter,raise,124,324,7,8,324,-100,100,flop,324,False,2d 3h 7d,"[{""action"": ""small_blind"", ""amount"": 50, ""seat"": 0}, {""action"": ""big_blind"", ""amount"": 100, ""seat"": 1}, {""action"": ""call"", ""amount"": 50, ""seat"": 0}, {""action"": ""check"", ""amount"": 0, ""seat"": 1}, {""action"": ""check"", ""amount"": 0, ""seat"": 1}, {""action"": ""raise"", ""amount"": 124, ""seat"": 0}, {""action"": ""fold"", ""amount"": 0, ""seat"": 1}]"
overfold_exploiter,2026060721,1,36,deployed_overfold_exploiter_s2026060721_o1_h0036,flop,flop_cbet_or_probe,overfold_exploiter,raise,124,324,7,8,324,-100,100,flop,324,False,Jh 9s Js,"[{""action"": ""small_blind"", ""amount"": 50, ""seat"": 0}, {""action"": ""big_blind"", ""amount"": 100, ""seat"": 1}, {""action"": ""call"", ""amount"": 50, ""seat"": 0}, {""action"": ""check"", ""amount"": 0, ""seat"": 1}, {""action"": ""check"", ""amount"": 0, ""seat"": 1}, {""action"": ""raise"", ""amount"": 124, ""seat"": 0}, {""action"": ""fold"", ""amount"": 0, ""seat"": 1}]"
overfold_exploiter,2026060721,1,50,deployed_overfold_exploiter_s2026060721_o1_h0050,flop,flop_cbet_or_probe,overfold_exploiter,raise,124,324,7,8,324,-100,100,flop,324,False,5h 9c 3s,"[{""action"": ""small_blind"", ""amount"": 50, ""seat"": 0}, {""action"": ""big_blind"", ""amount"": 100, ""seat"": 1}, {""action"": ""call"", ""amount"": 50, ""seat"": 0}, {""action"": ""check"", ""amount"": 0, ""seat"": 1}, {""action"": ""check"", ""amount"": 0, ""seat"": 1}, {""action"": ""raise"", ""amount"": 124, ""seat"": 0}, {""action"": ""fold"", ""amount"": 0, ""seat"": 1}]"
overfold_exploiter,2026060721,1,54,deployed_overfold_exploiter_s2026060721_o1_h0054,flop,flop_cbet_or_probe,overfold_exploiter,raise,124,324,7,8,324,-100,100,flop,324,False,3s 5d Jh,"[{""action"": ""small_blind"", ""amount"": 50, ""seat"": 0}, {""action"": ""big_blind"", ""amount"": 100, ""seat"": 1}, {""action"": ""call"", ""amount"": 50, ""seat"": 0}, {""action"": ""check"", ""amount"": 0, ""seat"": 1}, {""action"": ""check"", ""amount"": 0, ""seat"": 1}, {""action"": ""raise"", ""amount"": 124, ""seat"": 0}, {""action"": ""fold"", ""amount"": 0, ""seat"": 1}]"
overfold_exploiter,2026060721,1,57,deployed_overfold_exploiter_s2026060721_o1_h0057,flop,flop_cbet_or_probe,overfold_exploiter,raise,310,810,6,7,810,-250,250,flop,810,False,Jc Jd 5c,"[{""action"": ""small_blind"", ""amount"": 50, ""seat"": 1}, {""action"": ""big_blind"", ""amount"": 100, ""seat"": 0}, {""action"": ""raise"", ""amount"": 250, ""seat"": 1}, {""action"": ""call"", ""amount"": 150, ""seat"": 0}, {""action"": ""raise"", ""amount"": 310, ""seat"": 0}, {""action"": ""fold"", ""amount"": 0, ""seat"": 1}]"
overfold_exploiter,2026060721,1,58,deployed_overfold_exploiter_s2026060721_o1_h0058,flop,flop_cbet_or_probe,overfold_exploiter,raise,124,324,7,8,324,-100,100,flop,324,False,Qc Kc 9s,"[{""action"": ""small_blind"", ""amount"": 50, ""seat"": 0}, {""action"": ""big_blind"", ""amount"": 100, ""seat"": 1}, {""action"": ""call"", ""amount"": 50, ""seat"": 0}, {""action"": ""check"", ""amount"": 0, ""seat"": 1}, {""action"": ""check"", ""amount"": 0, ""seat"": 1}, {""action"": ""raise"", ""amount"": 124, ""seat"": 0}, {""action"": ""fold"", ""amount"": 0, ""seat"": 1}]"
overfold_exploiter,2026060721,1,72,deployed_overfold_exploiter_s2026060721_o1_h0072,flop,flop_cbet_or_probe,overfold_exploiter,raise,124,324,7,8,324,-100,100,flop,324,False,Qs 6h Ts,"[{""action"": ""small_blind"", ""amount"": 50, ""seat"": 0}, {""action"": ""big_blind"", ""amount"": 100, ""seat"": 1}, {""action"": ""call"", ""amount"": 50, ""seat"": 0}, {""action"": ""check"", ""amount"": 0, ""seat"": 1}, {""action"": ""check"", ""amount"": 0, ""seat"": 1}, {""action"": ""raise"", ""amount"": 124, ""seat"": 0}, {""action"": ""fold"", ""amount"": 0, ""seat"": 1}]"
overfold_exploiter,2026060721,1,78,deployed_overfold_exploiter_s2026060721_o1_h0078,flop,flop_cbet_or_probe,overfold_exploiter,raise,124,324,7,8,324,-100,100,flop,324,False,Ts 5h Kc,"[{""action"": ""small_blind"", ""amount"": 50, ""seat"": 0}, {""action"": ""big_blind"", ""amount"": 100, ""seat"": 1}, {""action"": ""call"", ""amount"": 50, ""seat"": 0}, {""action"": ""check"", ""amount"": 0, ""seat"": 1}, {""action"": ""check"", ""amount"": 0, ""seat"": 1}, {""action"": ""raise"", ""amount"": 124, ""seat"": 0}, {""action"": ""fold"", ""amount"": 0, ""seat"": 1}]"
overfold_exploiter,2026060721,1,106,deployed_overfold_exploiter_s2026060721_o1_h0106,flop,flop_cbet_or_probe,overfold_exploiter,raise,124,324,7,8,324,-100,100,flop,324,False,Td 6h Qh,"[{""action"": ""small_blind"", ""amount"": 50, ""seat"": 0}, {""action"": ""big_blind"", ""amount"": 100, ""seat"": 1}, {""action"": ""call"", ""amount"": 50, ""seat"": 0}, {""action"": ""check"", ""amount"": 0, ""seat"": 1}, {""action"": ""check"", ""amount"": 0, ""seat"": 1}, {""action"": ""raise"", ""amount"": 124, ""seat"": 0}, {""action"": ""fold"", ""amount"": 0, ""seat"": 1}]"
overfold_exploiter,2026060721,1,116,deployed_overfold_exploiter_s2026060721_o1_h0116,flop,flop_cbet_or_probe,overfold_exploiter,raise,124,324,7,8,324,-100,100,flop,324,False,5h Ad 3h,"[{""action"": ""small_blind"", ""amount"": 50, ""seat"": 0}, {""action"": ""big_blind"", ""amount"": 100, ""seat"": 1}, {""action"": ""call"", ""amount"": 50, ""seat"": 0}, {""action"": ""check"", ""amount"": 0, ""seat"": 1}, {""action"": ""check"", ""amount"": 0, ""seat"": 1}, {""action"": ""raise"", ""amount"": 124, ""seat"": 0}, {""action"": ""fold"", ""amount"": 0, ""seat"": 1}]"
overfold_exploiter,2026060721,1,118,deployed_overfold_exploiter_s2026060721_o1_h0118,flop,flop_cbet_or_probe,overfold_exploiter,raise,124,324,7,8,324,-100,100,flop,324,False,Ts 2d 6c,"[{""action"": ""small_blind"", ""amount"": 50, ""seat"": 0}, {""action"": ""big_blind"", ""amount"": 100, ""seat"": 1}, {""action"": ""call"", ""amount"": 50, ""seat"": 0}, {""action"": ""check"", ""amount"": 0, ""seat"": 1}, {""action"": ""check"", ""amount"": 0, ""seat"": 1}, {""action"": ""raise"", ""amount"": 124, ""seat"": 0}, {""action"": ""fold"", ""amount"": 0, ""seat"": 1}]"
overfold_exploiter,2026060721,1,126,deployed_overfold_exploiter_s2026060721_o1_h0126,flop,flop_cbet_or_probe,overfold_exploiter,raise,124,324,7,8,324,-100,100,flop,324,False,3s Td 7h,"[{""action"": ""small_blind"", ""amount"": 50, ""seat"": 0}, {""action"": ""big_blind"", ""amount"": 100, ""seat"": 1}, {""action"": ""call"", ""amount"": 50, ""seat"": 0}, {""action"": ""check"", ""amount"": 0, ""seat"": 1}, {""action"": ""check"", ""amount"": 0, ""seat"": 1}, {""action"": ""raise"", ""amount"": 124, ""seat"": 0}, {""action"": ""fold"", ""amount"": 0, ""seat"": 1}]"
overfold_exploiter,2026060721,1,154,deployed_overfold_exploiter_s2026060721_o1_h0154,flop,flop_cbet_or_probe,overfold_exploiter,raise,124,324,7,8,324,-100,100,flop,324,False,As 4d Td,"[{""action"": ""small_blind"", ""amount"": 50, ""seat"": 0}, {""action"": ""big_blind"", ""amount"": 100, ""seat"": 1}, {""action"": ""call"", ""amount"": 50, ""seat"": 0}, {""action"": ""check"", ""amount"": 0, ""seat"": 1}, {""action"": ""check"", ""amount"": 0, ""seat"": 1}, {""action"": ""raise"", ""amount"": 124, ""seat"": 0}, {""action"": ""fold"", ""amount"": 0, ""seat"": 1}]"
overfold_exploiter,2026060721,1,156,deployed_overfold_exploiter_s2026060721_o1_h0156,turn,turn_barrel,overfold_exploiter,raise,322,770,11,12,770,-224,224,turn,770,False,9c 6s 8c Ks,"[{""action"": ""small_blind"", ""amount"": 50, ""seat"": 0}, {""action"": ""big_blind"", ""amount"": 100, ""seat"": 1}, {""action"": ""call"", ""amount"": 50, ""seat"": 0}, {""action"": ""check"", ""amount"": 0, ""seat"": 1}, {""action"": ""check"", ""amount"": 0, ""seat"": 1}, {""action"": ""raise"", ""amount"": 124, ""seat"": 0}, {""action"": ""call"", ""amount"": 124, ""seat"": 1}, {""action"": ""check"", ""amount"": 0, ""seat"": 1}, {""action"": ""raise"", ""amount"": 322, ""seat"": 0}, {""action"": ""fold"", ""amount"": 0, ""seat"": 1}]"
overfold_exploiter,2026060721,1,174,deployed_overfold_exploiter_s2026060721_o1_h0174,flop,flop_cbet_or_probe,overfold_exploiter,raise,124,324,7,8,324,-100,100,flop,324,False,9s 4s Ad,"[{""action"": ""small_blind"", ""amount"": 50, ""seat"": 0}, {""action"": ""big_blind"", ""amount"": 100, ""seat"": 1}, {""action"": ""call"", ""amount"": 50, ""seat"": 0}, {""action"": ""check"", ""amount"": 0, ""seat"": 1}, {""action"": ""check"", ""amount"": 0, ""seat"": 1}, {""action"": ""raise"", ""amount"": 124, ""seat"": 0}, {""action"": ""fold"", ""amount"": 0, ""seat"": 1}]"
overfold_exploiter,2026060721,1,182,deployed_overfold_exploiter_s2026060721_o1_h0182,flop,flop_cbet_or_probe,overfold_exploiter,raise,124,324,7,8,324,-100,100,flop,324,False,3d Qc Ad,"[{""action"": ""small_blind"", ""amount"": 50, ""seat"": 0}, {""action"": ""big_blind"", ""amount"": 100, ""seat"": 1}, {""action"": ""call"", ""amount"": 50, ""seat"": 0}, {""action"": ""check"", ""amount"": 0, ""seat"": 1}, {""action"": ""check"", ""amount"": 0, ""seat"": 1}, {""action"": ""raise"", ""amount"": 124, ""seat"": 0}, {""action"": ""fold"", ""amount"": 0, ""seat"": 1}]"
overfold_exploiter,2026060721,1,194,deployed_overfold_exploiter_s2026060721_o1_h0194,flop,flop_cbet_or_probe,overfold_exploiter,raise,124,324,7,8,324,-100,100,flop,324,False,5d 3c 8c,"[{""action"": ""small_blind"", ""amount"": 50, ""seat"": 0}, {""action"": ""big_blind"", ""amount"": 100, ""seat"": 1}, {""action"": ""call"", ""amount"": 50, ""seat"": 0}, {""action"": ""check"", ""amount"": 0, ""seat"": 1}, {""action"": ""check"", ""amount"": 0, ""seat"": 1}, {""action"": ""raise"", ""amount"": 124, ""seat"": 0}, {""action"": ""fold"", ""amount"": 0, ""seat"": 1}]"
overfold_exploiter,2026060722,0,33,deployed_overfold_exploiter_s2026060722_o0_h0033,flop,flop_cbet_or_probe,overfold_exploiter,raise,124,324,7,8,324,-100,100,flop,324,False,3h 3s 2h,"[{""action"": ""small_blind"", ""amount"": 50, ""seat"": 1}, {""action"": ""big_blind"", ""amount"": 100, ""seat"": 0}, {""action"": ""call"", ""amount"": 50, ""seat"": 1}, {""action"": ""check"", ""amount"": 0, ""seat"": 0}, {""action"": ""check"", ""amount"": 0, ""seat"": 0}, {""action"": ""raise"", ""amount"": 124, ""seat"": 1}, {""action"": ""fold"", ""amount"": 0, ""seat"": 0}]"
overfold_exploiter,2026060722,0,35,deployed_overfold_exploiter_s2026060722_o0_h0035,flop,flop_cbet_or_probe,overfold_exploiter,raise,124,324,7,8,324,-100,100,flop,324,False,Tc Jh Ac,"[{""action"": ""small_blind"", ""amount"": 50, ""seat"": 1}, {""action"": ""big_blind"", ""amount"": 100, ""seat"": 0}, {""action"": ""call"", ""amount"": 50, ""seat"": 1}, {""action"": ""check"", ""amount"": 0, ""seat"": 0}, {""action"": ""check"", ""amount"": 0, ""seat"": 0}, {""action"": ""raise"", ""amount"": 124, ""seat"": 1}, {""action"": ""fold"", ""amount"": 0, ""seat"": 0}]"
overfold_exploiter,2026060722,0,79,deployed_overfold_exploiter_s2026060722_o0_h0079,flop,flop_cbet_or_probe,overfold_exploiter,raise,124,324,7,8,324,-100,100,flop,324,False,7h 9s Ks,"[{""action"": ""small_blind"", ""amount"": 50, ""seat"": 1}, {""action"": ""big_blind"", ""amount"": 100, ""seat"": 0}, {""action"": ""call"", ""amount"": 50, ""seat"": 1}, {""action"": ""check"", ""amount"": 0, ""seat"": 0}, {""action"": ""check"", ""amount"": 0, ""seat"": 0}, {""action"": ""raise"", ""amount"": 124, ""seat"": 1}, {""action"": ""fold"", ""amount"": 0, ""seat"": 0}]"
overfold_exploiter,2026060722,0,91,deployed_overfold_exploiter_s2026060722_o0_h0091,flop,flop_cbet_or_probe,overfold_exploiter,raise,124,324,7,8,324,-100,100,flop,324,False,Td Jh 3c,"[{""action"": ""small_blind"", ""amount"": 50, ""seat"": 1}, {""action"": ""big_blind"", ""amount"": 100, ""seat"": 0}, {""action"": ""call"", ""amount"": 50, ""seat"": 1}, {""action"": ""check"", ""amount"": 0, ""seat"": 0}, {""action"": ""check"", ""amount"": 0, ""seat"": 0}, {""action"": ""raise"", ""amount"": 124, ""seat"": 1}, {""action"": ""fold"", ""amount"": 0, ""seat"": 0}]"
overfold_exploiter,2026060722,0,103,deployed_overfold_exploiter_s2026060722_o0_h0103,flop,flop_cbet_or_probe,overfold_exploiter,raise,124,324,7,8,324,-100,100,flop,324,False,Qs 5h 8d,"[{""action"": ""small_blind"", ""amount"": 50, ""seat"": 1}, {""action"": ""big_blind"", ""amount"": 100, ""seat"": 0}, {""action"": ""call"", ""amount"": 50, ""seat"": 1}, {""action"": ""check"", ""amount"": 0, ""seat"": 0}, {""action"": ""check"", ""amount"": 0, ""seat"": 0}, {""action"": ""raise"", ""amount"": 124, ""seat"": 1}, {""action"": ""fold"", ""amount"": 0, ""seat"": 0}]"
overfold_exploiter,2026060722,0,105,deployed_overfold_exploiter_s2026060722_o0_h0105,flop,flop_cbet_or_probe,overfold_exploiter,raise,124,324,7,8,324,-100,100,flop,324,False,Jc Ts 7d,"[{""action"": ""small_blind"", ""amount"": 50, ""seat"": 1}, {""action"": ""big_blind"", ""amount"": 100, ""seat"": 0}, {""action"": ""call"", ""amount"": 50, ""seat"": 1}, {""action"": ""check"", ""amount"": 0, ""seat"": 0}, {""action"": ""check"", ""amount"": 0, ""seat"": 0}, {""action"": ""raise"", ""amount"": 124, ""seat"": 1}, {""action"": ""fold"", ""amount"": 0, ""seat"": 0}]"
overfold_exploiter,2026060722,0,121,deployed_overfold_exploiter_s2026060722_o0_h0121,flop,flop_cbet_or_probe,overfold_exploiter,raise,124,324,7,8,324,-100,100,flop,324,False,Qs 9s 7c,"[{""action"": ""small_blind"", ""amount"": 50, ""seat"": 1}, {""action"": ""big_blind"", ""amount"": 100, ""seat"": 0}, {""action"": ""call"", ""amount"": 50, ""seat"": 1}, {""action"": ""check"", ""amount"": 0, ""seat"": 0}, {""action"": ""check"", ""amount"": 0, ""seat"": 0}, {""action"": ""raise"", ""amount"": 124, ""seat"": 1}, {""action"": ""fold"", ""amount"": 0, ""seat"": 0}]"
overfold_exploiter,2026060722,0,125,deployed_overfold_exploiter_s2026060722_o0_h0125,flop,flop_cbet_or_probe,overfold_exploiter,raise,124,324,7,8,324,-100,100,flop,324,False,Qh Jc Qc,"[{""action"": ""small_blind"", ""amount"": 50, ""seat"": 1}, {""action"": ""big_blind"", ""amount"": 100, ""seat"": 0}, {""action"": ""call"", ""amount"": 50, ""seat"": 1}, {""action"": ""check"", ""amount"": 0, ""seat"": 0}, {""action"": ""check"", ""amount"": 0, ""seat"": 0}, {""action"": ""raise"", ""amount"": 124, ""seat"": 1}, {""action"": ""fold"", ""amount"": 0, ""seat"": 0}]"
overfold_exploiter,2026060722,0,129,deployed_overfold_exploiter_s2026060722_o0_h0129,flop,flop_cbet_or_probe,overfold_exploiter,raise,124,324,7,8,324,-100,100,flop,324,False,Kd Ad 4s,"[{""action"": ""small_blind"", ""amount"": 50, ""seat"": 1}, {""action"": ""big_blind"", ""amount"": 100, ""seat"": 0}, {""action"": ""call"", ""amount"": 50, ""seat"": 1}, {""action"": ""check"", ""amount"": 0, ""seat"": 0}, {""action"": ""check"", ""amount"": 0, ""seat"": 0}, {""action"": ""raise"", ""amount"": 124, ""seat"": 1}, {""action"": ""fold"", ""amount"": 0, ""seat"": 0}]"
overfold_exploiter,2026060722,0,135,deployed_overfold_exploiter_s2026060722_o0_h0135,flop,flop_cbet_or_probe,overfold_exploiter,raise,124,324,7,8,324,-100,100,flop,324,False,8h Th Ks,"[{""action"": ""small_blind"", ""amount"": 50, ""seat"": 1}, {""action"": ""big_blind"", ""amount"": 100, ""seat"": 0}, {""action"": ""call"", ""amount"": 50, ""seat"": 1}, {""action"": ""check"", ""amount"": 0, ""seat"": 0}, {""action"": ""check"", ""amount"": 0, ""seat"": 0}, {""action"": ""raise"", ""amount"": 124, ""seat"": 1}, {""action"": ""fold"", ""amount"": 0, ""seat"": 0}]"
overfold_exploiter,2026060722,0,137,deployed_overfold_exploiter_s2026060722_o0_h0137,flop,flop_cbet_or_probe,overfold_exploiter,raise,124,324,7,8,324,-100,100,flop,324,False,6d Qd Jd,"[{""action"": ""small_blind"", ""amount"": 50, ""seat"": 1}, {""action"": ""big_blind"", ""amount"": 100, ""seat"": 0}, {""action"": ""call"", ""amount"": 50, ""seat"": 1}, {""action"": ""check"", ""amount"": 0, ""seat"": 0}, {""action"": ""check"", ""amount"": 0, ""seat"": 0}, {""action"": ""raise"", ""amount"": 124, ""seat"": 1}, {""action"": ""fold"", ""amount"": 0, ""seat"": 0}]"
overfold_exploiter,2026060722,0,169,deployed_overfold_exploiter_s2026060722_o0_h0169,flop,flop_cbet_or_probe,overfold_exploiter,raise,124,324,7,8,324,-100,100,flop,324,False,9d 2h 8c,"[{""action"": ""small_blind"", ""amount"": 50, ""seat"": 1}, {""action"": ""big_blind"", ""amount"": 100, ""seat"": 0}, {""action"": ""call"", ""amount"": 50, ""seat"": 1}, {""action"": ""check"", ""amount"": 0, ""seat"": 0}, {""action"": ""check"", ""amount"": 0, ""seat"": 0}, {""action"": ""raise"", ""amount"": 124, ""seat"": 1}, {""action"": ""fold"", ""amount"": 0, ""seat"": 0}]"
overfold_exploiter,2026060722,0,173,deployed_overfold_exploiter_s2026060722_o0_h0173,flop,flop_cbet_or_probe,overfold_exploiter,raise,124,324,7,8,324,-100,100,flop,324,False,Ad Jd 5d,"[{""action"": ""small_blind"", ""amount"": 50, ""seat"": 1}, {""action"": ""big_blind"", ""amount"": 100, ""seat"": 0}, {""action"": ""call"", ""amount"": 50, ""seat"": 1}, {""action"": ""check"", ""amount"": 0, ""seat"": 0}, {""action"": ""check"", ""amount"": 0, ""seat"": 0}, {""action"": ""raise"", ""amount"": 124, ""seat"": 1}, {""action"": ""fold"", ""amount"": 0, ""seat"": 0}]"
overfold_exploiter,2026060722,0,179,deployed_overfold_exploiter_s2026060722_o0_h0179,flop,flop_cbet_or_probe,overfold_exploiter,raise,124,324,7,8,324,-100,100,flop,324,False,Qc Qs 4d,"[{""action"": ""small_blind"", ""amount"": 50, ""seat"": 1}, {""action"": ""big_blind"", ""amount"": 100, ""seat"": 0}, {""action"": ""call"", ""amount"": 50, ""seat"": 1}, {""action"": ""check"", ""amount"": 0, ""seat"": 0}, {""action"": ""check"", ""amount"": 0, ""seat"": 0}, {""action"": ""raise"", ""amount"": 124, ""seat"": 1}, {""action"": ""fold"", ""amount"": 0, ""seat"": 0}]"
overfold_exploiter,2026060722,0,181,deployed_overfold_exploiter_s2026060722_o0_h0181,flop,flop_cbet_or_probe,overfold_exploiter,raise,124,324,7,8,324,-100,100,flop,324,False,4d Ad 7s,"[{""action"": ""small_blind"", ""amount"": 50, ""seat"": 1}, {""action"": ""big_blind"", ""amount"": 100, ""seat"": 0}, {""action"": ""call"", ""amount"": 50, ""seat"": 1}, {""action"": ""check"", ""amount"": 0, ""seat"": 0}, {""action"": ""check"", ""amount"": 0, ""seat"": 0}, {""action"": ""raise"", ""amount"": 124, ""seat"": 1}, {""action"": ""fold"", ""amount"": 0, ""seat"": 0}]"
overfold_exploiter,2026060722,0,187,deployed_overfold_exploiter_s2026060722_o0_h0187,flop,flop_cbet_or_probe,overfold_exploiter,raise,124,324,7,8,324,-100,100,flop,324,False,8s Qh 3s,"[{""action"": ""small_blind"", ""amount"": 50, ""seat"": 1}, {""action"": ""big_blind"", ""amount"": 100, ""seat"": 0}, {""action"": ""call"", ""amount"": 50, ""seat"": 1}, {""action"": ""check"", ""amount"": 0, ""seat"": 0}, {""action"": ""check"", ""amount"": 0, ""seat"": 0}, {""action"": ""raise"", ""amount"": 124, ""seat"": 1}, {""action"": ""fold"", ""amount"": 0, ""seat"": 0}]"
overfold_exploiter,2026060722,0,197,deployed_overfold_exploiter_s2026060722_o0_h0197,flop,flop_cbet_or_probe,overfold_exploiter,raise,124,324,7,8,324,-100,100,flop,324,False,2s 2c 5s,"[{""action"": ""small_blind"", ""amount"": 50, ""seat"": 1}, {""action"": ""big_blind"", ""amount"": 100, ""seat"": 0}, {""action"": ""call"", ""amount"": 50, ""seat"": 1}, {""action"": ""check"", ""amount"": 0, ""seat"": 0}, {""action"": ""check"", ""amount"": 0, ""seat"": 0}, {""action"": ""raise"", ""amount"": 124, ""seat"": 1}, {""action"": ""fold"", ""amount"": 0, ""seat"": 0}]"
overfold_exploiter,2026060722,0,199,deployed_overfold_exploiter_s2026060722_o0_h0199,flop,flop_cbet_or_probe,overfold_exploiter,raise,124,324,7,8,324,-100,100,flop,324,False,Th 4h Jd,"[{""action"": ""small_blind"", ""amount"": 50, ""seat"": 1}, {""action"": ""big_blind"", ""amount"": 100, ""seat"": 0}, {""action"": ""call"", ""amount"": 50, ""seat"": 1}, {""action"": ""check"", ""amount"": 0, ""seat"": 0}, {""action"": ""check"", ""amount"": 0, ""seat"": 0}, {""action"": ""raise"", ""amount"": 124, ""seat"": 1}, {""action"": ""fold"", ""amount"": 0, ""seat"": 0}]"
overfold_exploiter,2026060722,1,30,deployed_overfold_exploiter_s2026060722_o1_h0030,flop,flop_cbet_or_probe,overfold_exploiter,raise,124,324,7,8,324,-100,100,flop,324,False,Kc 6c 3s,"[{""action"": ""small_blind"", ""amount"": 50, ""seat"": 0}, {""action"": ""big_blind"", ""amount"": 100, ""seat"": 1}, {""action"": ""call"", ""amount"": 50, ""seat"": 0}, {""action"": ""check"", ""amount"": 0, ""seat"": 1}, {""action"": ""check"", ""amount"": 0, ""seat"": 1}, {""action"": ""raise"", ""amount"": 124, ""seat"": 0}, {""action"": ""fold"", ""amount"": 0, ""seat"": 1}]"
overfold_exploiter,2026060722,1,38,deployed_overfold_exploiter_s2026060722_o1_h0038,flop,flop_cbet_or_probe,overfold_exploiter,raise,124,324,7,8,324,-100,100,flop,324,False,5h Ts 7h,"[{""action"": ""small_blind"", ""amount"": 50, ""seat"": 0}, {""action"": ""big_blind"", ""amount"": 100, ""seat"": 1}, {""action"": ""call"", ""amount"": 50, ""seat"": 0}, {""action"": ""check"", ""amount"": 0, ""seat"": 1}, {""action"": ""check"", ""amount"": 0, ""seat"": 1}, {""action"": ""raise"", ""amount"": 124, ""seat"": 0}, {""action"": ""fold"", ""amount"": 0, ""seat"": 1}]"
overfold_exploiter,2026060722,1,52,deployed_overfold_exploiter_s2026060722_o1_h0052,flop,flop_cbet_or_probe,overfold_exploiter,raise,124,324,7,8,324,-100,100,flop,324,False,7d Ts 4h,"[{""action"": ""small_blind"", ""amount"": 50, ""seat"": 0}, {""action"": ""big_blind"", ""amount"": 100, ""seat"": 1}, {""action"": ""call"", ""amount"": 50, ""seat"": 0}, {""action"": ""check"", ""amount"": 0, ""seat"": 1}, {""action"": ""check"", ""amount"": 0, ""seat"": 1}, {""action"": ""raise"", ""amount"": 124, ""seat"": 0}, {""action"": ""fold"", ""amount"": 0, ""seat"": 1}]"
overfold_exploiter,2026060722,1,58,deployed_overfold_exploiter_s2026060722_o1_h0058,flop,flop_cbet_or_probe,overfold_exploiter,raise,124,324,7,8,324,-100,100,flop,324,False,Ah 8h Ad,"[{""action"": ""small_blind"", ""amount"": 50, ""seat"": 0}, {""action"": ""big_blind"", ""amount"": 100, ""seat"": 1}, {""action"": ""call"", ""amount"": 50, ""seat"": 0}, {""action"": ""check"", ""amount"": 0, ""seat"": 1}, {""action"": ""check"", ""amount"": 0, ""seat"": 1}, {""action"": ""raise"", ""amount"": 124, ""seat"": 0}, {""action"": ""fold"", ""amount"": 0, ""seat"": 1}]"
overfold_exploiter,2026060722,1,62,deployed_overfold_exploiter_s2026060722_o1_h0062,flop,flop_cbet_or_probe,overfold_exploiter,raise,124,324,7,8,324,-100,100,flop,324,False,Js Ks Qc,"[{""action"": ""small_blind"", ""amount"": 50, ""seat"": 0}, {""action"": ""big_blind"", ""amount"": 100, ""seat"": 1}, {""action"": ""call"", ""amount"": 50, ""seat"": 0}, {""action"": ""check"", ""amount"": 0, ""seat"": 1}, {""action"": ""check"", ""amount"": 0, ""seat"": 1}, {""action"": ""raise"", ""amount"": 124, ""seat"": 0}, {""action"": ""fold"", ""amount"": 0, ""seat"": 1}]"
overfold_exploiter,2026060722,1,66,deployed_overfold_exploiter_s2026060722_o1_h0066,flop,flop_cbet_or_probe,overfold_exploiter,raise,124,324,7,8,324,-100,100,flop,324,False,6h 7s 6s,"[{""action"": ""small_blind"", ""amount"": 50, ""seat"": 0}, {""action"": ""big_blind"", ""amount"": 100, ""seat"": 1}, {""action"": ""call"", ""amount"": 50, ""seat"": 0}, {""action"": ""check"", ""amount"": 0, ""seat"": 1}, {""action"": ""check"", ""amount"": 0, ""seat"": 1}, {""action"": ""raise"", ""amount"": 124, ""seat"": 0}, {""action"": ""fold"", ""amount"": 0, ""seat"": 1}]"
overfold_exploiter,2026060722,1,73,deployed_overfold_exploiter_s2026060722_o1_h0073,flop,flop_cbet_or_probe,overfold_exploiter,raise,310,810,6,7,810,-250,250,flop,810,False,2h 4d 5c,"[{""action"": ""small_blind"", ""amount"": 50, ""seat"": 1}, {""action"": ""big_blind"", ""amount"": 100, ""seat"": 0}, {""action"": ""raise"", ""amount"": 250, ""seat"": 1}, {""action"": ""call"", ""amount"": 150, ""seat"": 0}, {""action"": ""raise"", ""amount"": 310, ""seat"": 0}, {""action"": ""fold"", ""amount"": 0, ""seat"": 1}]"
overfold_exploiter,2026060722,1,86,deployed_overfold_exploiter_s2026060722_o1_h0086,turn,turn_barrel,overfold_exploiter,raise,322,770,11,12,770,-224,224,turn,770,False,3s 5s 9c Th,"[{""action"": ""small_blind"", ""amount"": 50, ""seat"": 0}, {""action"": ""big_blind"", ""amount"": 100, ""seat"": 1}, {""action"": ""call"", ""amount"": 50, ""seat"": 0}, {""action"": ""check"", ""amount"": 0, ""seat"": 1}, {""action"": ""check"", ""amount"": 0, ""seat"": 1}, {""action"": ""raise"", ""amount"": 124, ""seat"": 0}, {""action"": ""call"", ""amount"": 124, ""seat"": 1}, {""action"": ""check"", ""amount"": 0, ""seat"": 1}, {""action"": ""raise"", ""amount"": 322, ""seat"": 0}, {""action"": ""fold"", ""amount"": 0, ""seat"": 1}]"
overfold_exploiter,2026060722,1,98,deployed_overfold_exploiter_s2026060722_o1_h0098,flop,flop_cbet_or_probe,overfold_exploiter,raise,124,324,7,8,324,-100,100,flop,324,False,Ac 7s Ts,"[{""action"": ""small_blind"", ""amount"": 50, ""seat"": 0}, {""action"": ""big_blind"", ""amount"": 100, ""seat"": 1}, {""action"": ""call"", ""amount"": 50, ""seat"": 0}, {""action"": ""check"", ""amount"": 0, ""seat"": 1}, {""action"": ""check"", ""amount"": 0, ""seat"": 1}, {""action"": ""raise"", ""amount"": 124, ""seat"": 0}, {""action"": ""fold"", ""amount"": 0, ""seat"": 1}]"
overfold_exploiter,2026060722,1,110,deployed_overfold_exploiter_s2026060722_o1_h0110,turn,turn_probe,overfold_exploiter,raise,144,344,10,11,344,-100,100,turn,344,False,8c 3d Jd Js,"[{""action"": ""small_blind"", ""amount"": 50, ""seat"": 0}, {""action"": ""big_blind"", ""amount"": 100, ""seat"": 1}, {""action"": ""call"", ""amount"": 50, ""seat"": 0}, {""action"": ""check"", ""amount"": 0, ""seat"": 1}, {""action"": ""check"", ""amount"": 0, ""seat"": 1}, {""action"": ""check"", ""amount"": 0, ""seat"": 0}, {""action"": ""check"", ""amount"": 0, ""seat"": 1}, {""action"": ""raise"", ""amount"": 144, ""seat"": 0}, {""action"": ""fold"", ""amount"": 0, ""seat"": 1}]"
overfold_exploiter,2026060722,1,112,deployed_overfold_exploiter_s2026060722_o1_h0112,turn,turn_barrel,overfold_exploiter,raise,322,770,11,12,770,-224,224,turn,770,False,Jd 2h 4c 4h,"[{""action"": ""small_blind"", ""amount"": 50, ""seat"": 0}, {""action"": ""big_blind"", ""amount"": 100, ""seat"": 1}, {""action"": ""call"", ""amount"": 50, ""seat"": 0}, {""action"": ""check"", ""amount"": 0, ""seat"": 1}, {""action"": ""check"", ""amount"": 0, ""seat"": 1}, {""action"": ""raise"", ""amount"": 124, ""seat"": 0}, {""action"": ""call"", ""amount"": 124, ""seat"": 1}, {""action"": ""check"", ""amount"": 0, ""seat"": 1}, {""action"": ""raise"", ""amount"": 322, ""seat"": 0}, {""action"": ""fold"", ""amount"": 0, ""seat"": 1}]"
overfold_exploiter,2026060722,1,118,deployed_overfold_exploiter_s2026060722_o1_h0118,turn,turn_barrel,overfold_exploiter,raise,322,770,11,12,770,-224,224,turn,770,False,7d 8s Kd 4h,"[{""action"": ""small_blind"", ""amount"": 50, ""seat"": 0}, {""action"": ""big_blind"", ""amount"": 100, ""seat"": 1}, {""action"": ""call"", ""amount"": 50, ""seat"": 0}, {""action"": ""check"", ""amount"": 0, ""seat"": 1}, {""action"": ""check"", ""amount"": 0, ""seat"": 1}, {""action"": ""raise"", ""amount"": 124, ""seat"": 0}, {""action"": ""call"", ""amount"": 124, ""seat"": 1}, {""action"": ""check"", ""amount"": 0, ""seat"": 1}, {""action"": ""raise"", ""amount"": 322, ""seat"": 0}, {""action"": ""fold"", ""amount"": 0, ""seat"": 1}]"
overfold_exploiter,2026060722,1,122,deployed_overfold_exploiter_s2026060722_o1_h0122,turn,turn_probe,overfold_exploiter,raise,144,344,10,11,344,-100,100,turn,344,False,4h Kc Qh Th,"[{""action"": ""small_blind"", ""amount"": 50, ""seat"": 0}, {""action"": ""big_blind"", ""amount"": 100, ""seat"": 1}, {""action"": ""call"", ""amount"": 50, ""seat"": 0}, {""action"": ""check"", ""amount"": 0, ""seat"": 1}, {""action"": ""check"", ""amount"": 0, ""seat"": 1}, {""action"": ""check"", ""amount"": 0, ""seat"": 0}, {""action"": ""check"", ""amount"": 0, ""seat"": 1}, {""action"": ""raise"", ""amount"": 144, ""seat"": 0}, {""action"": ""fold"", ""amount"": 0, ""seat"": 1}]"
overfold_exploiter,2026060722,1,128,deployed_overfold_exploiter_s2026060722_o1_h0128,flop,flop_cbet_or_probe,overfold_exploiter,raise,124,324,7,8,324,-100,100,flop,324,False,3s Qc 3h,"[{""action"": ""small_blind"", ""amount"": 50, ""seat"": 0}, {""action"": ""big_blind"", ""amount"": 100, ""seat"": 1}, {""action"": ""call"", ""amount"": 50, ""seat"": 0}, {""action"": ""check"", ""amount"": 0, ""seat"": 1}, {""action"": ""check"", ""amount"": 0, ""seat"": 1}, {""action"": ""raise"", ""amount"": 124, ""seat"": 0}, {""action"": ""fold"", ""amount"": 0, ""seat"": 1}]"
overfold_exploiter,2026060722,1,130,deployed_overfold_exploiter_s2026060722_o1_h0130,flop,flop_cbet_or_probe,overfold_exploiter,raise,124,324,7,8,324,-100,100,flop,324,False,Ks Jc 9s,"[{""action"": ""small_blind"", ""amount"": 50, ""seat"": 0}, {""action"": ""big_blind"", ""amount"": 100, ""seat"": 1}, {""action"": ""call"", ""amount"": 50, ""seat"": 0}, {""action"": ""check"", ""amount"": 0, ""seat"": 1}, {""action"": ""check"", ""amount"": 0, ""seat"": 1}, {""action"": ""raise"", ""amount"": 124, ""seat"": 0}, {""action"": ""fold"", ""amount"": 0, ""seat"": 1}]"
overfold_exploiter,2026060722,1,142,deployed_overfold_exploiter_s2026060722_o1_h0142,flop,flop_cbet_or_probe,overfold_exploiter,raise,124,324,7,8,324,-100,100,flop,324,False,7h 7s Js,"[{""action"": ""small_blind"", ""amount"": 50, ""seat"": 0}, {""action"": ""big_blind"", ""amount"": 100, ""seat"": 1}, {""action"": ""call"", ""amount"": 50, ""seat"": 0}, {""action"": ""check"", ""amount"": 0, ""seat"": 1}, {""action"": ""check"", ""amount"": 0, ""seat"": 1}, {""action"": ""raise"", ""amount"": 124, ""seat"": 0}, {""action"": ""fold"", ""amount"": 0, ""seat"": 1}]"
overfold_exploiter,2026060722,1,148,deployed_overfold_exploiter_s2026060722_o1_h0148,flop,flop_cbet_or_probe,overfold_exploiter,raise,124,324,7,8,324,-100,100,flop,324,False,Kc Js 9d,"[{""action"": ""small_blind"", ""amount"": 50, ""seat"": 0}, {""action"": ""big_blind"", ""amount"": 100, ""seat"": 1}, {""action"": ""call"", ""amount"": 50, ""seat"": 0}, {""action"": ""check"", ""amount"": 0, ""seat"": 1}, {""action"": ""check"", ""amount"": 0, ""seat"": 1}, {""action"": ""raise"", ""amount"": 124, ""seat"": 0}, {""action"": ""fold"", ""amount"": 0, ""seat"": 1}]"
overfold_exploiter,2026060722,1,172,deployed_overfold_exploiter_s2026060722_o1_h0172,flop,flop_cbet_or_probe,overfold_exploiter,raise,124,324,7,8,324,-100,100,flop,324,False,Qh 9s 8s,"[{""action"": ""small_blind"", ""amount"": 50, ""seat"": 0}, {""action"": ""big_blind"", ""amount"": 100, ""seat"": 1}, {""action"": ""call"", ""amount"": 50, ""seat"": 0}, {""action"": ""check"", ""amount"": 0, ""seat"": 1}, {""action"": ""check"", ""amount"": 0, ""seat"": 1}, {""action"": ""raise"", ""amount"": 124, ""seat"": 0}, {""action"": ""fold"", ""amount"": 0, ""seat"": 1}]"
overfold_exploiter,2026060722,1,178,deployed_overfold_exploiter_s2026060722_o1_h0178,flop,flop_cbet_or_probe,overfold_exploiter,raise,124,324,7,8,324,-100,100,flop,324,False,2s 9s 7d,"[{""action"": ""small_blind"", ""amount"": 50, ""seat"": 0}, {""action"": ""big_blind"", ""amount"": 100, ""seat"": 1}, {""action"": ""call"", ""amount"": 50, ""seat"": 0}, {""action"": ""check"", ""amount"": 0, ""seat"": 1}, {""action"": ""check"", ""amount"": 0, ""seat"": 1}, {""action"": ""raise"", ""amount"": 124, ""seat"": 0}, {""action"": ""fold"", ""amount"": 0, ""seat"": 1}]"
overfold_exploiter,2026060722,1,186,deployed_overfold_exploiter_s2026060722_o1_h0186,flop,flop_cbet_or_probe,overfold_exploiter,raise,124,324,7,8,324,-100,100,flop,324,False,3s Jd 3d,"[{""action"": ""small_blind"", ""amount"": 50, ""seat"": 0}, {""action"": ""big_blind"", ""amount"": 100, ""seat"": 1}, {""action"": ""call"", ""amount"": 50, ""seat"": 0}, {""action"": ""check"", ""amount"": 0, ""seat"": 1}, {""action"": ""check"", ""amount"": 0, ""seat"": 1}, {""action"": ""raise"", ""amount"": 124, ""seat"": 0}, {""action"": ""fold"", ""amount"": 0, ""seat"": 1}]"
overfold_exploiter,2026060722,1,198,deployed_overfold_exploiter_s2026060722_o1_h0198,flop,flop_cbet_or_probe,overfold_exploiter,raise,124,324,7,8,324,-100,100,flop,324,False,8d 6s 4s,"[{""action"": ""small_blind"", ""amount"": 50, ""seat"": 0}, {""action"": ""big_blind"", ""amount"": 100, ""seat"": 1}, {""action"": ""call"", ""amount"": 50, ""seat"": 0}, {""action"": ""check"", ""amount"": 0, ""seat"": 1}, {""action"": ""check"", ""amount"": 0, ""seat"": 1}, {""action"": ""raise"", ""amount"": 124, ""seat"": 0}, {""action"": ""fold"", ""amount"": 0, ""seat"": 1}]"
overfold_exploiter,2026060723,0,11,deployed_overfold_exploiter_s2026060723_o0_h0011,flop,flop_cbet_or_probe,overfold_exploiter,raise,124,324,7,8,324,-100,100,flop,324,False,Kh 3h 7s,"[{""action"": ""small_blind"", ""amount"": 50, ""seat"": 1}, {""action"": ""big_blind"", ""amount"": 100, ""seat"": 0}, {""action"": ""call"", ""amount"": 50, ""seat"": 1}, {""action"": ""check"", ""amount"": 0, ""seat"": 0}, {""action"": ""check"", ""amount"": 0, ""seat"": 0}, {""action"": ""raise"", ""amount"": 124, ""seat"": 1}, {""action"": ""fold"", ""amount"": 0, ""seat"": 0}]"
overfold_exploiter,2026060723,0,13,deployed_overfold_exploiter_s2026060723_o0_h0013,flop,flop_cbet_or_probe,overfold_exploiter,raise,124,324,7,8,324,-100,100,flop,324,False,Qd Qh 9s,"[{""action"": ""small_blind"", ""amount"": 50, ""seat"": 1}, {""action"": ""big_blind"", ""amount"": 100, ""seat"": 0}, {""action"": ""call"", ""amount"": 50, ""seat"": 1}, {""action"": ""check"", ""amount"": 0, ""seat"": 0}, {""action"": ""check"", ""amount"": 0, ""seat"": 0}, {""action"": ""raise"", ""amount"": 124, ""seat"": 1}, {""action"": ""fold"", ""amount"": 0, ""seat"": 0}]"
overfold_exploiter,2026060723,0,27,deployed_overfold_exploiter_s2026060723_o0_h0027,flop,flop_cbet_or_probe,overfold_exploiter,raise,124,324,7,8,324,-100,100,flop,324,False,Ad 7d Th,"[{""action"": ""small_blind"", ""amount"": 50, ""seat"": 1}, {""action"": ""big_blind"", ""amount"": 100, ""seat"": 0}, {""action"": ""call"", ""amount"": 50, ""seat"": 1}, {""action"": ""check"", ""amount"": 0, ""seat"": 0}, {""action"": ""check"", ""amount"": 0, ""seat"": 0}, {""action"": ""raise"", ""amount"": 124, ""seat"": 1}, {""action"": ""fold"", ""amount"": 0, ""seat"": 0}]"
overfold_exploiter,2026060723,0,29,deployed_overfold_exploiter_s2026060723_o0_h0029,flop,flop_cbet_or_probe,overfold_exploiter,raise,124,324,7,8,324,-100,100,flop,324,False,2c 5d 8s,"[{""action"": ""small_blind"", ""amount"": 50, ""seat"": 1}, {""action"": ""big_blind"", ""amount"": 100, ""seat"": 0}, {""action"": ""call"", ""amount"": 50, ""seat"": 1}, {""action"": ""check"", ""amount"": 0, ""seat"": 0}, {""action"": ""check"", ""amount"": 0, ""seat"": 0}, {""action"": ""raise"", ""amount"": 124, ""seat"": 1}, {""action"": ""fold"", ""amount"": 0, ""seat"": 0}]"
overfold_exploiter,2026060723,0,31,deployed_overfold_exploiter_s2026060723_o0_h0031,flop,flop_cbet_or_probe,overfold_exploiter,raise,124,324,7,8,324,-100,100,flop,324,False,3c 3h Ah,"[{""action"": ""small_blind"", ""amount"": 50, ""seat"": 1}, {""action"": ""big_blind"", ""amount"": 100, ""seat"": 0}, {""action"": ""call"", ""amount"": 50, ""seat"": 1}, {""action"": ""check"", ""amount"": 0, ""seat"": 0}, {""action"": ""check"", ""amount"": 0, ""seat"": 0}, {""action"": ""raise"", ""amount"": 124, ""seat"": 1}, {""action"": ""fold"", ""amount"": 0, ""seat"": 0}]"
overfold_exploiter,2026060723,0,39,deployed_overfold_exploiter_s2026060723_o0_h0039,flop,flop_cbet_or_probe,overfold_exploiter,raise,124,324,7,8,324,-100,100,flop,324,False,3d 3c 8h,"[{""action"": ""small_blind"", ""amount"": 50, ""seat"": 1}, {""action"": ""big_blind"", ""amount"": 100, ""seat"": 0}, {""action"": ""call"", ""amount"": 50, ""seat"": 1}, {""action"": ""check"", ""amount"": 0, ""seat"": 0}, {""action"": ""check"", ""amount"": 0, ""seat"": 0}, {""action"": ""raise"", ""amount"": 124, ""seat"": 1}, {""action"": ""fold"", ""amount"": 0, ""seat"": 0}]"
overfold_exploiter,2026060723,0,55,deployed_overfold_exploiter_s2026060723_o0_h0055,flop,flop_cbet_or_probe,overfold_exploiter,raise,124,324,7,8,324,-100,100,flop,324,False,4d 2s 7c,"[{""action"": ""small_blind"", ""amount"": 50, ""seat"": 1}, {""action"": ""big_blind"", ""amount"": 100, ""seat"": 0}, {""action"": ""call"", ""amount"": 50, ""seat"": 1}, {""action"": ""check"", ""amount"": 0, ""seat"": 0}, {""action"": ""check"", ""amount"": 0, ""seat"": 0}, {""action"": ""raise"", ""amount"": 124, ""seat"": 1}, {""action"": ""fold"", ""amount"": 0, ""seat"": 0}]"
overfold_exploiter,2026060723,0,63,deployed_overfold_exploiter_s2026060723_o0_h0063,flop,flop_cbet_or_probe,overfold_exploiter,raise,124,324,7,8,324,-100,100,flop,324,False,9d Qs 8h,"[{""action"": ""small_blind"", ""amount"": 50, ""seat"": 1}, {""action"": ""big_blind"", ""amount"": 100, ""seat"": 0}, {""action"": ""call"", ""amount"": 50, ""seat"": 1}, {""action"": ""check"", ""amount"": 0, ""seat"": 0}, {""action"": ""check"", ""amount"": 0, ""seat"": 0}, {""action"": ""raise"", ""amount"": 124, ""seat"": 1}, {""action"": ""fold"", ""amount"": 0, ""seat"": 0}]"
overfold_exploiter,2026060723,0,65,deployed_overfold_exploiter_s2026060723_o0_h0065,flop,flop_cbet_or_probe,overfold_exploiter,raise,124,324,7,8,324,-100,100,flop,324,False,Tc 9s 3c,"[{""action"": ""small_blind"", ""amount"": 50, ""seat"": 1}, {""action"": ""big_blind"", ""amount"": 100, ""seat"": 0}, {""action"": ""call"", ""amount"": 50, ""seat"": 1}, {""action"": ""check"", ""amount"": 0, ""seat"": 0}, {""action"": ""check"", ""amount"": 0, ""seat"": 0}, {""action"": ""raise"", ""amount"": 124, ""seat"": 1}, {""action"": ""fold"", ""amount"": 0, ""seat"": 0}]"
overfold_exploiter,2026060723,0,75,deployed_overfold_exploiter_s2026060723_o0_h0075,flop,flop_cbet_or_probe,overfold_exploiter,raise,124,324,7,8,324,-100,100,flop,324,False,Ah 9h 9d,"[{""action"": ""small_blind"", ""amount"": 50, ""seat"": 1}, {""action"": ""big_blind"", ""amount"": 100, ""seat"": 0}, {""action"": ""call"", ""amount"": 50, ""seat"": 1}, {""action"": ""check"", ""amount"": 0, ""seat"": 0}, {""action"": ""check"", ""amount"": 0, ""seat"": 0}, {""action"": ""raise"", ""amount"": 124, ""seat"": 1}, {""action"": ""fold"", ""amount"": 0, ""seat"": 0}]"
overfold_exploiter,2026060723,0,81,deployed_overfold_exploiter_s2026060723_o0_h0081,flop,flop_cbet_or_probe,overfold_exploiter,raise,124,324,7,8,324,-100,100,flop,324,False,6c 6h Ac,"[{""action"": ""small_blind"", ""amount"": 50, ""seat"": 1}, {""action"": ""big_blind"", ""amount"": 100, ""seat"": 0}, {""action"": ""call"", ""amount"": 50, ""seat"": 1}, {""action"": ""check"", ""amount"": 0, ""seat"": 0}, {""action"": ""check"", ""amount"": 0, ""seat"": 0}, {""action"": ""raise"", ""amount"": 124, ""seat"": 1}, {""action"": ""fold"", ""amount"": 0, ""seat"": 0}]"
overfold_exploiter,2026060723,0,95,deployed_overfold_exploiter_s2026060723_o0_h0095,flop,flop_cbet_or_probe,overfold_exploiter,raise,124,324,7,8,324,-100,100,flop,324,False,3d 4c Jc,"[{""action"": ""small_blind"", ""amount"": 50, ""seat"": 1}, {""action"": ""big_blind"", ""amount"": 100, ""seat"": 0}, {""action"": ""call"", ""amount"": 50, ""seat"": 1}, {""action"": ""check"", ""amount"": 0, ""seat"": 0}, {""action"": ""check"", ""amount"": 0, ""seat"": 0}, {""action"": ""raise"", ""amount"": 124, ""seat"": 1}, {""action"": ""fold"", ""amount"": 0, ""seat"": 0}]"
overfold_exploiter,2026060723,0,105,deployed_overfold_exploiter_s2026060723_o0_h0105,flop,flop_cbet_or_probe,overfold_exploiter,raise,124,324,7,8,324,-100,100,flop,324,False,Ac Kc 2h,"[{""action"": ""small_blind"", ""amount"": 50, ""seat"": 1}, {""action"": ""big_blind"", ""amount"": 100, ""seat"": 0}, {""action"": ""call"", ""amount"": 50, ""seat"": 1}, {""action"": ""check"", ""amount"": 0, ""seat"": 0}, {""action"": ""check"", ""amount"": 0, ""seat"": 0}, {""action"": ""raise"", ""amount"": 124, ""seat"": 1}, {""action"": ""fold"", ""amount"": 0, ""seat"": 0}]"
overfold_exploiter,2026060723,0,111,deployed_overfold_exploiter_s2026060723_o0_h0111,flop,flop_cbet_or_probe,overfold_exploiter,raise,124,324,7,8,324,-100,100,flop,324,False,Qh Th Qs,"[{""action"": ""small_blind"", ""amount"": 50, ""seat"": 1}, {""action"": ""big_blind"", ""amount"": 100, ""seat"": 0}, {""action"": ""call"", ""amount"": 50, ""seat"": 1}, {""action"": ""check"", ""amount"": 0, ""seat"": 0}, {""action"": ""check"", ""amount"": 0, ""seat"": 0}, {""action"": ""raise"", ""amount"": 124, ""seat"": 1}, {""action"": ""fold"", ""amount"": 0, ""seat"": 0}]"
overfold_exploiter,2026060723,0,113,deployed_overfold_exploiter_s2026060723_o0_h0113,flop,flop_cbet_or_probe,overfold_exploiter,raise,124,324,7,8,324,-100,100,flop,324,False,7c Qc 6c,"[{""action"": ""small_blind"", ""amount"": 50, ""seat"": 1}, {""action"": ""big_blind"", ""amount"": 100, ""seat"": 0}, {""action"": ""call"", ""amount"": 50, ""seat"": 1}, {""action"": ""check"", ""amount"": 0, ""seat"": 0}, {""action"": ""check"", ""amount"": 0, ""seat"": 0}, {""action"": ""raise"", ""amount"": 124, ""seat"": 1}, {""action"": ""fold"", ""amount"": 0, ""seat"": 0}]"
overfold_exploiter,2026060723,0,125,deployed_overfold_exploiter_s2026060723_o0_h0125,flop,flop_cbet_or_probe,overfold_exploiter,raise,124,324,7,8,324,-100,100,flop,324,False,8s Ts 9h,"[{""action"": ""small_blind"", ""amount"": 50, ""seat"": 1}, {""action"": ""big_blind"", ""amount"": 100, ""seat"": 0}, {""action"": ""call"", ""amount"": 50, ""seat"": 1}, {""action"": ""check"", ""amount"": 0, ""seat"": 0}, {""action"": ""check"", ""amount"": 0, ""seat"": 0}, {""action"": ""raise"", ""amount"": 124, ""seat"": 1}, {""action"": ""fold"", ""amount"": 0, ""seat"": 0}]"
overfold_exploiter,2026060723,0,143,deployed_overfold_exploiter_s2026060723_o0_h0143,flop,flop_cbet_or_probe,overfold_exploiter,raise,124,324,7,8,324,-100,100,flop,324,False,9c Ks Js,"[{""action"": ""small_blind"", ""amount"": 50, ""seat"": 1}, {""action"": ""big_blind"", ""amount"": 100, ""seat"": 0}, {""action"": ""call"", ""amount"": 50, ""seat"": 1}, {""action"": ""check"", ""amount"": 0, ""seat"": 0}, {""action"": ""check"", ""amount"": 0, ""seat"": 0}, {""action"": ""raise"", ""amount"": 124, ""seat"": 1}, {""action"": ""fold"", ""amount"": 0, ""seat"": 0}]"
overfold_exploiter,2026060723,0,151,deployed_overfold_exploiter_s2026060723_o0_h0151,flop,flop_cbet_or_probe,overfold_exploiter,raise,124,324,7,8,324,-100,100,flop,324,False,2h Jd Jh,"[{""action"": ""small_blind"", ""amount"": 50, ""seat"": 1}, {""action"": ""big_blind"", ""amount"": 100, ""seat"": 0}, {""action"": ""call"", ""amount"": 50, ""seat"": 1}, {""action"": ""check"", ""amount"": 0, ""seat"": 0}, {""action"": ""check"", ""amount"": 0, ""seat"": 0}, {""action"": ""raise"", ""amount"": 124, ""seat"": 1}, {""action"": ""fold"", ""amount"": 0, ""seat"": 0}]"
overfold_exploiter,2026060723,0,153,deployed_overfold_exploiter_s2026060723_o0_h0153,flop,flop_cbet_or_probe,overfold_exploiter,raise,124,324,7,8,324,-100,100,flop,324,False,9h Js Qh,"[{""action"": ""small_blind"", ""amount"": 50, ""seat"": 1}, {""action"": ""big_blind"", ""amount"": 100, ""seat"": 0}, {""action"": ""call"", ""amount"": 50, ""seat"": 1}, {""action"": ""check"", ""amount"": 0, ""seat"": 0}, {""action"": ""check"", ""amount"": 0, ""seat"": 0}, {""action"": ""raise"", ""amount"": 124, ""seat"": 1}, {""action"": ""fold"", ""amount"": 0, ""seat"": 0}]"
overfold_exploiter,2026060723,0,155,deployed_overfold_exploiter_s2026060723_o0_h0155,flop,flop_cbet_or_probe,overfold_exploiter,raise,124,324,7,8,324,-100,100,flop,324,False,8h 3c Qc,"[{""action"": ""small_blind"", ""amount"": 50, ""seat"": 1}, {""action"": ""big_blind"", ""amount"": 100, ""seat"": 0}, {""action"": ""call"", ""amount"": 50, ""seat"": 1}, {""action"": ""check"", ""amount"": 0, ""seat"": 0}, {""action"": ""check"", ""amount"": 0, ""seat"": 0}, {""action"": ""raise"", ""amount"": 124, ""seat"": 1}, {""action"": ""fold"", ""amount"": 0, ""seat"": 0}]"
overfold_exploiter,2026060723,0,163,deployed_overfold_exploiter_s2026060723_o0_h0163,flop,flop_cbet_or_probe,overfold_exploiter,raise,124,324,7,8,324,-100,100,flop,324,False,2d 7c 2c,"[{""action"": ""small_blind"", ""amount"": 50, ""seat"": 1}, {""action"": ""big_blind"", ""amount"": 100, ""seat"": 0}, {""action"": ""call"", ""amount"": 50, ""seat"": 1}, {""action"": ""check"", ""amount"": 0, ""seat"": 0}, {""action"": ""check"", ""amount"": 0, ""seat"": 0}, {""action"": ""raise"", ""amount"": 124, ""seat"": 1}, {""action"": ""fold"", ""amount"": 0, ""seat"": 0}]"
overfold_exploiter,2026060723,0,169,deployed_overfold_exploiter_s2026060723_o0_h0169,turn,turn_barrel,overfold_exploiter,raise,322,770,11,12,770,-224,224,turn,770,False,3s 9d 6c 9c,"[{""action"": ""small_blind"", ""amount"": 50, ""seat"": 1}, {""action"": ""big_blind"", ""amount"": 100, ""seat"": 0}, {""action"": ""call"", ""amount"": 50, ""seat"": 1}, {""action"": ""check"", ""amount"": 0, ""seat"": 0}, {""action"": ""check"", ""amount"": 0, ""seat"": 0}, {""action"": ""raise"", ""amount"": 124, ""seat"": 1}, {""action"": ""call"", ""amount"": 124, ""seat"": 0}, {""action"": ""check"", ""amount"": 0, ""seat"": 0}, {""action"": ""raise"", ""amount"": 322, ""seat"": 1}, {""action"": ""fold"", ""amount"": 0, ""seat"": 0}]"
overfold_exploiter,2026060723,0,181,deployed_overfold_exploiter_s2026060723_o0_h0181,flop,flop_cbet_or_probe,overfold_exploiter,raise,124,324,7,8,324,-100,100,flop,324,False,Jh 9h Qd,"[{""action"": ""small_blind"", ""amount"": 50, ""seat"": 1}, {""action"": ""big_blind"", ""amount"": 100, ""seat"": 0}, {""action"": ""call"", ""amount"": 50, ""seat"": 1}, {""action"": ""check"", ""amount"": 0, ""seat"": 0}, {""action"": ""check"", ""amount"": 0, ""seat"": 0}, {""action"": ""raise"", ""amount"": 124, ""seat"": 1}, {""action"": ""fold"", ""amount"": 0, ""seat"": 0}]"
overfold_exploiter,2026060723,1,0,deployed_overfold_exploiter_s2026060723_o1_h0000,flop,flop_cbet_or_probe,overfold_exploiter,raise,124,324,7,8,324,-100,100,flop,324,False,5s 4h Ks,"[{""action"": ""small_blind"", ""amount"": 50, ""seat"": 0}, {""action"": ""big_blind"", ""amount"": 100, ""seat"": 1}, {""action"": ""call"", ""amount"": 50, ""seat"": 0}, {""action"": ""check"", ""amount"": 0, ""seat"": 1}, {""action"": ""check"", ""amount"": 0, ""seat"": 1}, {""action"": ""raise"", ""amount"": 124, ""seat"": 0}, {""action"": ""fold"", ""amount"": 0, ""seat"": 1}]"
overfold_exploiter,2026060723,1,4,deployed_overfold_exploiter_s2026060723_o1_h0004,flop,flop_cbet_or_probe,overfold_exploiter,raise,124,324,7,8,324,-100,100,flop,324,False,4c Qh 7c,"[{""action"": ""small_blind"", ""amount"": 50, ""seat"": 0}, {""action"": ""big_blind"", ""amount"": 100, ""seat"": 1}, {""action"": ""call"", ""amount"": 50, ""seat"": 0}, {""action"": ""check"", ""amount"": 0, ""seat"": 1}, {""action"": ""check"", ""amount"": 0, ""seat"": 1}, {""action"": ""raise"", ""amount"": 124, ""seat"": 0}, {""action"": ""fold"", ""amount"": 0, ""seat"": 1}]"
overfold_exploiter,2026060723,1,18,deployed_overfold_exploiter_s2026060723_o1_h0018,flop,flop_cbet_or_probe,overfold_exploiter,raise,124,324,7,8,324,-100,100,flop,324,False,Jc Kh 5h,"[{""action"": ""small_blind"", ""amount"": 50, ""seat"": 0}, {""action"": ""big_blind"", ""amount"": 100, ""seat"": 1}, {""action"": ""call"", ""amount"": 50, ""seat"": 0}, {""action"": ""check"", ""amount"": 0, ""seat"": 1}, {""action"": ""check"", ""amount"": 0, ""seat"": 1}, {""action"": ""raise"", ""amount"": 124, ""seat"": 0}, {""action"": ""fold"", ""amount"": 0, ""seat"": 1}]"
overfold_exploiter,2026060723,1,22,deployed_overfold_exploiter_s2026060723_o1_h0022,flop,flop_cbet_or_probe,overfold_exploiter,raise,124,324,7,8,324,-100,100,flop,324,False,3s Ah Js,"[{""action"": ""small_blind"", ""amount"": 50, ""seat"": 0}, {""action"": ""big_blind"", ""amount"": 100, ""seat"": 1}, {""action"": ""call"", ""amount"": 50, ""seat"": 0}, {""action"": ""check"", ""amount"": 0, ""seat"": 1}, {""action"": ""check"", ""amount"": 0, ""seat"": 1}, {""action"": ""raise"", ""amount"": 124, ""seat"": 0}, {""action"": ""fold"", ""amount"": 0, ""seat"": 1}]"
overfold_exploiter,2026060723,1,24,deployed_overfold_exploiter_s2026060723_o1_h0024,flop,flop_cbet_or_probe,overfold_exploiter,raise,124,324,7,8,324,-100,100,flop,324,False,9c 9d Kd,"[{""action"": ""small_blind"", ""amount"": 50, ""seat"": 0}, {""action"": ""big_blind"", ""amount"": 100, ""seat"": 1}, {""action"": ""call"", ""amount"": 50, ""seat"": 0}, {""action"": ""check"", ""amount"": 0, ""seat"": 1}, {""action"": ""check"", ""amount"": 0, ""seat"": 1}, {""action"": ""raise"", ""amount"": 124, ""seat"": 0}, {""action"": ""fold"", ""amount"": 0, ""seat"": 1}]"
overfold_exploiter,2026060723,1,26,deployed_overfold_exploiter_s2026060723_o1_h0026,flop,flop_cbet_or_probe,overfold_exploiter,raise,124,324,7,8,324,-100,100,flop,324,False,Qc 4d 4c,"[{""action"": ""small_blind"", ""amount"": 50, ""seat"": 0}, {""action"": ""big_blind"", ""amount"": 100, ""seat"": 1}, {""action"": ""call"", ""amount"": 50, ""seat"": 0}, {""action"": ""check"", ""amount"": 0, ""seat"": 1}, {""action"": ""check"", ""amount"": 0, ""seat"": 1}, {""action"": ""raise"", ""amount"": 124, ""seat"": 0}, {""action"": ""fold"", ""amount"": 0, ""seat"": 1}]"
overfold_exploiter,2026060723,1,40,deployed_overfold_exploiter_s2026060723_o1_h0040,flop,flop_cbet_or_probe,overfold_exploiter,raise,124,324,7,8,324,-100,100,flop,324,False,5d Tc 7c,"[{""action"": ""small_blind"", ""amount"": 50, ""seat"": 0}, {""action"": ""big_blind"", ""amount"": 100, ""seat"": 1}, {""action"": ""call"", ""amount"": 50, ""seat"": 0}, {""action"": ""check"", ""amount"": 0, ""seat"": 1}, {""action"": ""check"", ""amount"": 0, ""seat"": 1}, {""action"": ""raise"", ""amount"": 124, ""seat"": 0}, {""action"": ""fold"", ""amount"": 0, ""seat"": 1}]"
overfold_exploiter,2026060723,1,44,deployed_overfold_exploiter_s2026060723_o1_h0044,flop,flop_cbet_or_probe,overfold_exploiter,raise,124,324,7,8,324,-100,100,flop,324,False,8s 8h 2h,"[{""action"": ""small_blind"", ""amount"": 50, ""seat"": 0}, {""action"": ""big_blind"", ""amount"": 100, ""seat"": 1}, {""action"": ""call"", ""amount"": 50, ""seat"": 0}, {""action"": ""check"", ""amount"": 0, ""seat"": 1}, {""action"": ""check"", ""amount"": 0, ""seat"": 1}, {""action"": ""raise"", ""amount"": 124, ""seat"": 0}, {""action"": ""fold"", ""amount"": 0, ""seat"": 1}]"
overfold_exploiter,2026060723,1,50,deployed_overfold_exploiter_s2026060723_o1_h0050,flop,flop_cbet_or_probe,overfold_exploiter,raise,124,324,7,8,324,-100,100,flop,324,False,2s 8c Th,"[{""action"": ""small_blind"", ""amount"": 50, ""seat"": 0}, {""action"": ""big_blind"", ""amount"": 100, ""seat"": 1}, {""action"": ""call"", ""amount"": 50, ""seat"": 0}, {""action"": ""check"", ""amount"": 0, ""seat"": 1}, {""action"": ""check"", ""amount"": 0, ""seat"": 1}, {""action"": ""raise"", ""amount"": 124, ""seat"": 0}, {""action"": ""fold"", ""amount"": 0, ""seat"": 1}]"
overfold_exploiter,2026060723,1,62,deployed_overfold_exploiter_s2026060723_o1_h0062,flop,flop_cbet_or_probe,overfold_exploiter,raise,124,324,7,8,324,-100,100,flop,324,False,Qd As 5d,"[{""action"": ""small_blind"", ""amount"": 50, ""seat"": 0}, {""action"": ""big_blind"", ""amount"": 100, ""seat"": 1}, {""action"": ""call"", ""amount"": 50, ""seat"": 0}, {""action"": ""check"", ""amount"": 0, ""seat"": 1}, {""action"": ""check"", ""amount"": 0, ""seat"": 1}, {""action"": ""raise"", ""amount"": 124, ""seat"": 0}, {""action"": ""fold"", ""amount"": 0, ""seat"": 1}]"
overfold_exploiter,2026060723,1,66,deployed_overfold_exploiter_s2026060723_o1_h0066,flop,flop_cbet_or_probe,overfold_exploiter,raise,124,324,7,8,324,-100,100,flop,324,False,6h Qh 2s,"[{""action"": ""small_blind"", ""amount"": 50, ""seat"": 0}, {""action"": ""big_blind"", ""amount"": 100, ""seat"": 1}, {""action"": ""call"", ""amount"": 50, ""seat"": 0}, {""action"": ""check"", ""amount"": 0, ""seat"": 1}, {""action"": ""check"", ""amount"": 0, ""seat"": 1}, {""action"": ""raise"", ""amount"": 124, ""seat"": 0}, {""action"": ""fold"", ""amount"": 0, ""seat"": 1}]"
overfold_exploiter,2026060723,1,72,deployed_overfold_exploiter_s2026060723_o1_h0072,flop,flop_cbet_or_probe,overfold_exploiter,raise,124,324,7,8,324,-100,100,flop,324,False,Qh Kd 6d,"[{""action"": ""small_blind"", ""amount"": 50, ""seat"": 0}, {""action"": ""big_blind"", ""amount"": 100, ""seat"": 1}, {""action"": ""call"", ""amount"": 50, ""seat"": 0}, {""action"": ""check"", ""amount"": 0, ""seat"": 1}, {""action"": ""check"", ""amount"": 0, ""seat"": 1}, {""action"": ""raise"", ""amount"": 124, ""seat"": 0}, {""action"": ""fold"", ""amount"": 0, ""seat"": 1}]"
overfold_exploiter,2026060723,1,74,deployed_overfold_exploiter_s2026060723_o1_h0074,flop,flop_cbet_or_probe,overfold_exploiter,raise,124,324,7,8,324,-100,100,flop,324,False,4s 5c 6c,"[{""action"": ""small_blind"", ""amount"": 50, ""seat"": 0}, {""action"": ""big_blind"", ""amount"": 100, ""seat"": 1}, {""action"": ""call"", ""amount"": 50, ""seat"": 0}, {""action"": ""check"", ""amount"": 0, ""seat"": 1}, {""action"": ""check"", ""amount"": 0, ""seat"": 1}, {""action"": ""raise"", ""amount"": 124, ""seat"": 0}, {""action"": ""fold"", ""amount"": 0, ""seat"": 1}]"
overfold_exploiter,2026060723,1,84,deployed_overfold_exploiter_s2026060723_o1_h0084,turn,turn_probe,overfold_exploiter,raise,144,344,10,11,344,-100,100,turn,344,False,4d Th 7d 2d,"[{""action"": ""small_blind"", ""amount"": 50, ""seat"": 0}, {""action"": ""big_blind"", ""amount"": 100, ""seat"": 1}, {""action"": ""call"", ""amount"": 50, ""seat"": 0}, {""action"": ""check"", ""amount"": 0, ""seat"": 1}, {""action"": ""check"", ""amount"": 0, ""seat"": 1}, {""action"": ""check"", ""amount"": 0, ""seat"": 0}, {""action"": ""check"", ""amount"": 0, ""seat"": 1}, {""action"": ""raise"", ""amount"": 144, ""seat"": 0}, {""action"": ""fold"", ""amount"": 0, ""seat"": 1}]"
overfold_exploiter,2026060723,1,88,deployed_overfold_exploiter_s2026060723_o1_h0088,flop,flop_cbet_or_probe,overfold_exploiter,raise,124,324,7,8,324,-100,100,flop,324,False,9h 4s Qh,"[{""action"": ""small_blind"", ""amount"": 50, ""seat"": 0}, {""action"": ""big_blind"", ""amount"": 100, ""seat"": 1}, {""action"": ""call"", ""amount"": 50, ""seat"": 0}, {""action"": ""check"", ""amount"": 0, ""seat"": 1}, {""action"": ""check"", ""amount"": 0, ""seat"": 1}, {""action"": ""raise"", ""amount"": 124, ""seat"": 0}, {""action"": ""fold"", ""amount"": 0, ""seat"": 1}]"
overfold_exploiter,2026060723,1,94,deployed_overfold_exploiter_s2026060723_o1_h0094,flop,flop_cbet_or_probe,overfold_exploiter,raise,124,324,7,8,324,-100,100,flop,324,False,Ts 7h 2c,"[{""action"": ""small_blind"", ""amount"": 50, ""seat"": 0}, {""action"": ""big_blind"", ""amount"": 100, ""seat"": 1}, {""action"": ""call"", ""amount"": 50, ""seat"": 0}, {""action"": ""check"", ""amount"": 0, ""seat"": 1}, {""action"": ""check"", ""amount"": 0, ""seat"": 1}, {""action"": ""raise"", ""amount"": 124, ""seat"": 0}, {""action"": ""fold"", ""amount"": 0, ""seat"": 1}]"
overfold_exploiter,2026060723,1,112,deployed_overfold_exploiter_s2026060723_o1_h0112,flop,flop_cbet_or_probe,overfold_exploiter,raise,124,324,7,8,324,-100,100,flop,324,False,3h 3d 8h,"[{""action"": ""small_blind"", ""amount"": 50, ""seat"": 0}, {""action"": ""big_blind"", ""amount"": 100, ""seat"": 1}, {""action"": ""call"", ""amount"": 50, ""seat"": 0}, {""action"": ""check"", ""amount"": 0, ""seat"": 1}, {""action"": ""check"", ""amount"": 0, ""seat"": 1}, {""action"": ""raise"", ""amount"": 124, ""seat"": 0}, {""action"": ""fold"", ""amount"": 0, ""seat"": 1}]"
overfold_exploiter,2026060723,1,156,deployed_overfold_exploiter_s2026060723_o1_h0156,flop,flop_cbet_or_probe,overfold_exploiter,raise,124,324,7,8,324,-100,100,flop,324,False,3h 7c 2h,"[{""action"": ""small_blind"", ""amount"": 50, ""seat"": 0}, {""action"": ""big_blind"", ""amount"": 100, ""seat"": 1}, {""action"": ""call"", ""amount"": 50, ""seat"": 0}, {""action"": ""check"", ""amount"": 0, ""seat"": 1}, {""action"": ""check"", ""amount"": 0, ""seat"": 1}, {""action"": ""raise"", ""amount"": 124, ""seat"": 0}, {""action"": ""fold"", ""amount"": 0, ""seat"": 1}]"
overfold_exploiter,2026060723,1,162,deployed_overfold_exploiter_s2026060723_o1_h0162,flop,flop_cbet_or_probe,overfold_exploiter,raise,124,324,7,8,324,-100,100,flop,324,False,7s 9s 7d,"[{""action"": ""small_blind"", ""amount"": 50, ""seat"": 0}, {""action"": ""big_blind"", ""amount"": 100, ""seat"": 1}, {""action"": ""call"", ""amount"": 50, ""seat"": 0}, {""action"": ""check"", ""amount"": 0, ""seat"": 1}, {""action"": ""check"", ""amount"": 0, ""seat"": 1}, {""action"": ""raise"", ""amount"": 124, ""seat"": 0}, {""action"": ""fold"", ""amount"": 0, ""seat"": 1}]"
overfold_exploiter,2026060723,1,174,deployed_overfold_exploiter_s2026060723_o1_h0174,flop,flop_cbet_or_probe,overfold_exploiter,raise,124,324,7,8,324,-100,100,flop,324,False,2h 8h Kh,"[{""action"": ""small_blind"", ""amount"": 50, ""seat"": 0}, {""action"": ""big_blind"", ""amount"": 100, ""seat"": 1}, {""action"": ""call"", ""amount"": 50, ""seat"": 0}, {""action"": ""check"", ""amount"": 0, ""seat"": 1}, {""action"": ""check"", ""amount"": 0, ""seat"": 1}, {""action"": ""raise"", ""amount"": 124, ""seat"": 0}, {""action"": ""fold"", ""amount"": 0, ""seat"": 1}]"
overfold_exploiter,2026060723,1,180,deployed_overfold_exploiter_s2026060723_o1_h0180,flop,flop_cbet_or_probe,overfold_exploiter,raise,124,324,7,8,324,-100,100,flop,324,False,4s Ks 6c,"[{""action"": ""small_blind"", ""amount"": 50, ""seat"": 0}, {""action"": ""big_blind"", ""amount"": 100, ""seat"": 1}, {""action"": ""call"", ""amount"": 50, ""seat"": 0}, {""action"": ""check"", ""amount"": 0, ""seat"": 1}, {""action"": ""check"", ""amount"": 0, ""seat"": 1}, {""action"": ""raise"", ""amount"": 124, ""seat"": 0}, {""action"": ""fold"", ""amount"": 0, ""seat"": 1}]"
overfold_exploiter,2026060723,1,184,deployed_overfold_exploiter_s2026060723_o1_h0184,flop,flop_cbet_or_probe,overfold_exploiter,raise,124,324,7,8,324,-100,100,flop,324,False,4c 6c Ah,"[{""action"": ""small_blind"", ""amount"": 50, ""seat"": 0}, {""action"": ""big_blind"", ""amount"": 100, ""seat"": 1}, {""action"": ""call"", ""amount"": 50, ""seat"": 0}, {""action"": ""check"", ""amount"": 0, ""seat"": 1}, {""action"": ""check"", ""amount"": 0, ""seat"": 1}, {""action"": ""raise"", ""amount"": 124, ""seat"": 0}, {""action"": ""fold"", ""amount"": 0, ""seat"": 1}]"
overfold_exploiter,2026060724,0,27,deployed_overfold_exploiter_s2026060724_o0_h0027,turn,turn_barrel,overfold_exploiter,raise,322,770,11,12,770,-224,224,turn,770,False,7h 8c 6h 2h,"[{""action"": ""small_blind"", ""amount"": 50, ""seat"": 1}, {""action"": ""big_blind"", ""amount"": 100, ""seat"": 0}, {""action"": ""call"", ""amount"": 50, ""seat"": 1}, {""action"": ""check"", ""amount"": 0, ""seat"": 0}, {""action"": ""check"", ""amount"": 0, ""seat"": 0}, {""action"": ""raise"", ""amount"": 124, ""seat"": 1}, {""action"": ""call"", ""amount"": 124, ""seat"": 0}, {""action"": ""check"", ""amount"": 0, ""seat"": 0}, {""action"": ""raise"", ""amount"": 322, ""seat"": 1}, {""action"": ""fold"", ""amount"": 0, ""seat"": 0}]"
overfold_exploiter,2026060724,0,35,deployed_overfold_exploiter_s2026060724_o0_h0035,flop,flop_cbet_or_probe,overfold_exploiter,raise,124,324,7,8,324,-100,100,flop,324,False,Qc Td 8h,"[{""action"": ""small_blind"", ""amount"": 50, ""seat"": 1}, {""action"": ""big_blind"", ""amount"": 100, ""seat"": 0}, {""action"": ""call"", ""amount"": 50, ""seat"": 1}, {""action"": ""check"", ""amount"": 0, ""seat"": 0}, {""action"": ""check"", ""amount"": 0, ""seat"": 0}, {""action"": ""raise"", ""amount"": 124, ""seat"": 1}, {""action"": ""fold"", ""amount"": 0, ""seat"": 0}]"
overfold_exploiter,2026060724,0,41,deployed_overfold_exploiter_s2026060724_o0_h0041,flop,flop_cbet_or_probe,overfold_exploiter,raise,124,324,7,8,324,-100,100,flop,324,False,4d Ah Qh,"[{""action"": ""small_blind"", ""amount"": 50, ""seat"": 1}, {""action"": ""big_blind"", ""amount"": 100, ""seat"": 0}, {""action"": ""call"", ""amount"": 50, ""seat"": 1}, {""action"": ""check"", ""amount"": 0, ""seat"": 0}, {""action"": ""check"", ""amount"": 0, ""seat"": 0}, {""action"": ""raise"", ""amount"": 124, ""seat"": 1}, {""action"": ""fold"", ""amount"": 0, ""seat"": 0}]"
overfold_exploiter,2026060724,0,49,deployed_overfold_exploiter_s2026060724_o0_h0049,flop,flop_cbet_or_probe,overfold_exploiter,raise,124,324,7,8,324,-100,100,flop,324,False,7c 5d Qc,"[{""action"": ""small_blind"", ""amount"": 50, ""seat"": 1}, {""action"": ""big_blind"", ""amount"": 100, ""seat"": 0}, {""action"": ""call"", ""amount"": 50, ""seat"": 1}, {""action"": ""check"", ""amount"": 0, ""seat"": 0}, {""action"": ""check"", ""amount"": 0, ""seat"": 0}, {""action"": ""raise"", ""amount"": 124, ""seat"": 1}, {""action"": ""fold"", ""amount"": 0, ""seat"": 0}]"
overfold_exploiter,2026060724,0,51,deployed_overfold_exploiter_s2026060724_o0_h0051,flop,flop_cbet_or_probe,overfold_exploiter,raise,124,324,7,8,324,-100,100,flop,324,False,2d Js 4s,"[{""action"": ""small_blind"", ""amount"": 50, ""seat"": 1}, {""action"": ""big_blind"", ""amount"": 100, ""seat"": 0}, {""action"": ""call"", ""amount"": 50, ""seat"": 1}, {""action"": ""check"", ""amount"": 0, ""seat"": 0}, {""action"": ""check"", ""amount"": 0, ""seat"": 0}, {""action"": ""raise"", ""amount"": 124, ""seat"": 1}, {""action"": ""fold"", ""amount"": 0, ""seat"": 0}]"
overfold_exploiter,2026060724,0,65,deployed_overfold_exploiter_s2026060724_o0_h0065,flop,flop_cbet_or_probe,overfold_exploiter,raise,124,324,7,8,324,-100,100,flop,324,False,7c Ac 8c,"[{""action"": ""small_blind"", ""amount"": 50, ""seat"": 1}, {""action"": ""big_blind"", ""amount"": 100, ""seat"": 0}, {""action"": ""call"", ""amount"": 50, ""seat"": 1}, {""action"": ""check"", ""amount"": 0, ""seat"": 0}, {""action"": ""check"", ""amount"": 0, ""seat"": 0}, {""action"": ""raise"", ""amount"": 124, ""seat"": 1}, {""action"": ""fold"", ""amount"": 0, ""seat"": 0}]"
overfold_exploiter,2026060724,0,81,deployed_overfold_exploiter_s2026060724_o0_h0081,flop,flop_cbet_or_probe,overfold_exploiter,raise,124,324,7,8,324,-100,100,flop,324,False,Td Ac As,"[{""action"": ""small_blind"", ""amount"": 50, ""seat"": 1}, {""action"": ""big_blind"", ""amount"": 100, ""seat"": 0}, {""action"": ""call"", ""amount"": 50, ""seat"": 1}, {""action"": ""check"", ""amount"": 0, ""seat"": 0}, {""action"": ""check"", ""amount"": 0, ""seat"": 0}, {""action"": ""raise"", ""amount"": 124, ""seat"": 1}, {""action"": ""fold"", ""amount"": 0, ""seat"": 0}]"
overfold_exploiter,2026060724,0,97,deployed_overfold_exploiter_s2026060724_o0_h0097,flop,flop_cbet_or_probe,overfold_exploiter,raise,124,324,7,8,324,-100,100,flop,324,False,Jh 6d 3s,"[{""action"": ""small_blind"", ""amount"": 50, ""seat"": 1}, {""action"": ""big_blind"", ""amount"": 100, ""seat"": 0}, {""action"": ""call"", ""amount"": 50, ""seat"": 1}, {""action"": ""check"", ""amount"": 0, ""seat"": 0}, {""action"": ""check"", ""amount"": 0, ""seat"": 0}, {""action"": ""raise"", ""amount"": 124, ""seat"": 1}, {""action"": ""fold"", ""amount"": 0, ""seat"": 0}]"
overfold_exploiter,2026060724,0,99,deployed_overfold_exploiter_s2026060724_o0_h0099,flop,flop_cbet_or_probe,overfold_exploiter,raise,124,324,7,8,324,-100,100,flop,324,False,7s 9h Qs,"[{""action"": ""small_blind"", ""amount"": 50, ""seat"": 1}, {""action"": ""big_blind"", ""amount"": 100, ""seat"": 0}, {""action"": ""call"", ""amount"": 50, ""seat"": 1}, {""action"": ""check"", ""amount"": 0, ""seat"": 0}, {""action"": ""check"", ""amount"": 0, ""seat"": 0}, {""action"": ""raise"", ""amount"": 124, ""seat"": 1}, {""action"": ""fold"", ""amount"": 0, ""seat"": 0}]"
overfold_exploiter,2026060724,0,103,deployed_overfold_exploiter_s2026060724_o0_h0103,flop,flop_cbet_or_probe,overfold_exploiter,raise,124,324,7,8,324,-100,100,flop,324,False,7s 4h 4d,"[{""action"": ""small_blind"", ""amount"": 50, ""seat"": 1}, {""action"": ""big_blind"", ""amount"": 100, ""seat"": 0}, {""action"": ""call"", ""amount"": 50, ""seat"": 1}, {""action"": ""check"", ""amount"": 0, ""seat"": 0}, {""action"": ""check"", ""amount"": 0, ""seat"": 0}, {""action"": ""raise"", ""amount"": 124, ""seat"": 1}, {""action"": ""fold"", ""amount"": 0, ""seat"": 0}]"
overfold_exploiter,2026060724,0,133,deployed_overfold_exploiter_s2026060724_o0_h0133,turn,turn_probe,overfold_exploiter,raise,144,344,10,11,344,-100,100,turn,344,False,2h Qc Tc Kd,"[{""action"": ""small_blind"", ""amount"": 50, ""seat"": 1}, {""action"": ""big_blind"", ""amount"": 100, ""seat"": 0}, {""action"": ""call"", ""amount"": 50, ""seat"": 1}, {""action"": ""check"", ""amount"": 0, ""seat"": 0}, {""action"": ""check"", ""amount"": 0, ""seat"": 0}, {""action"": ""check"", ""amount"": 0, ""seat"": 1}, {""action"": ""check"", ""amount"": 0, ""seat"": 0}, {""action"": ""raise"", ""amount"": 144, ""seat"": 1}, {""action"": ""fold"", ""amount"": 0, ""seat"": 0}]"
overfold_exploiter,2026060724,0,137,deployed_overfold_exploiter_s2026060724_o0_h0137,flop,flop_cbet_or_probe,overfold_exploiter,raise,124,324,7,8,324,-100,100,flop,324,False,6h Ah 5s,"[{""action"": ""small_blind"", ""amount"": 50, ""seat"": 1}, {""action"": ""big_blind"", ""amount"": 100, ""seat"": 0}, {""action"": ""call"", ""amount"": 50, ""seat"": 1}, {""action"": ""check"", ""amount"": 0, ""seat"": 0}, {""action"": ""check"", ""amount"": 0, ""seat"": 0}, {""action"": ""raise"", ""amount"": 124, ""seat"": 1}, {""action"": ""fold"", ""amount"": 0, ""seat"": 0}]"
overfold_exploiter,2026060724,0,141,deployed_overfold_exploiter_s2026060724_o0_h0141,flop,flop_cbet_or_probe,overfold_exploiter,raise,124,324,7,8,324,-100,100,flop,324,False,5h Kc Jh,"[{""action"": ""small_blind"", ""amount"": 50, ""seat"": 1}, {""action"": ""big_blind"", ""amount"": 100, ""seat"": 0}, {""action"": ""call"", ""amount"": 50, ""seat"": 1}, {""action"": ""check"", ""amount"": 0, ""seat"": 0}, {""action"": ""check"", ""amount"": 0, ""seat"": 0}, {""action"": ""raise"", ""amount"": 124, ""seat"": 1}, {""action"": ""fold"", ""amount"": 0, ""seat"": 0}]"
overfold_exploiter,2026060724,0,147,deployed_overfold_exploiter_s2026060724_o0_h0147,flop,flop_cbet_or_probe,overfold_exploiter,raise,124,324,7,8,324,-100,100,flop,324,False,9c 4d Ts,"[{""action"": ""small_blind"", ""amount"": 50, ""seat"": 1}, {""action"": ""big_blind"", ""amount"": 100, ""seat"": 0}, {""action"": ""call"", ""amount"": 50, ""seat"": 1}, {""action"": ""check"", ""amount"": 0, ""seat"": 0}, {""action"": ""check"", ""amount"": 0, ""seat"": 0}, {""action"": ""raise"", ""amount"": 124, ""seat"": 1}, {""action"": ""fold"", ""amount"": 0, ""seat"": 0}]"
overfold_exploiter,2026060724,0,165,deployed_overfold_exploiter_s2026060724_o0_h0165,flop,flop_cbet_or_probe,overfold_exploiter,raise,124,324,7,8,324,-100,100,flop,324,False,Ad 4d Ah,"[{""action"": ""small_blind"", ""amount"": 50, ""seat"": 1}, {""action"": ""big_blind"", ""amount"": 100, ""seat"": 0}, {""action"": ""call"", ""amount"": 50, ""seat"": 1}, {""action"": ""check"", ""amount"": 0, ""seat"": 0}, {""action"": ""check"", ""amount"": 0, ""seat"": 0}, {""action"": ""raise"", ""amount"": 124, ""seat"": 1}, {""action"": ""fold"", ""amount"": 0, ""seat"": 0}]"
overfold_exploiter,2026060724,0,173,deployed_overfold_exploiter_s2026060724_o0_h0173,flop,flop_cbet_or_probe,overfold_exploiter,raise,124,324,7,8,324,-100,100,flop,324,False,7h 2c Jh,"[{""action"": ""small_blind"", ""amount"": 50, ""seat"": 1}, {""action"": ""big_blind"", ""amount"": 100, ""seat"": 0}, {""action"": ""call"", ""amount"": 50, ""seat"": 1}, {""action"": ""check"", ""amount"": 0, ""seat"": 0}, {""action"": ""check"", ""amount"": 0, ""seat"": 0}, {""action"": ""raise"", ""amount"": 124, ""seat"": 1}, {""action"": ""fold"", ""amount"": 0, ""seat"": 0}]"
overfold_exploiter,2026060724,0,181,deployed_overfold_exploiter_s2026060724_o0_h0181,flop,flop_cbet_or_probe,overfold_exploiter,raise,124,324,7,8,324,-100,100,flop,324,False,Jc Td Kc,"[{""action"": ""small_blind"", ""amount"": 50, ""seat"": 1}, {""action"": ""big_blind"", ""amount"": 100, ""seat"": 0}, {""action"": ""call"", ""amount"": 50, ""seat"": 1}, {""action"": ""check"", ""amount"": 0, ""seat"": 0}, {""action"": ""check"", ""amount"": 0, ""seat"": 0}, {""action"": ""raise"", ""amount"": 124, ""seat"": 1}, {""action"": ""fold"", ""amount"": 0, ""seat"": 0}]"
overfold_exploiter,2026060724,0,189,deployed_overfold_exploiter_s2026060724_o0_h0189,flop,flop_cbet_or_probe,overfold_exploiter,raise,124,324,7,8,324,-100,100,flop,324,False,Jh 6d Qc,"[{""action"": ""small_blind"", ""amount"": 50, ""seat"": 1}, {""action"": ""big_blind"", ""amount"": 100, ""seat"": 0}, {""action"": ""call"", ""amount"": 50, ""seat"": 1}, {""action"": ""check"", ""amount"": 0, ""seat"": 0}, {""action"": ""check"", ""amount"": 0, ""seat"": 0}, {""action"": ""raise"", ""amount"": 124, ""seat"": 1}, {""action"": ""fold"", ""amount"": 0, ""seat"": 0}]"
overfold_exploiter,2026060724,0,193,deployed_overfold_exploiter_s2026060724_o0_h0193,flop,flop_cbet_or_probe,overfold_exploiter,raise,124,324,7,8,324,-100,100,flop,324,False,9h 4d 4c,"[{""action"": ""small_blind"", ""amount"": 50, ""seat"": 1}, {""action"": ""big_blind"", ""amount"": 100, ""seat"": 0}, {""action"": ""call"", ""amount"": 50, ""seat"": 1}, {""action"": ""check"", ""amount"": 0, ""seat"": 0}, {""action"": ""check"", ""amount"": 0, ""seat"": 0}, {""action"": ""raise"", ""amount"": 124, ""seat"": 1}, {""action"": ""fold"", ""amount"": 0, ""seat"": 0}]"
overfold_exploiter,2026060724,1,22,deployed_overfold_exploiter_s2026060724_o1_h0022,flop,flop_cbet_or_probe,overfold_exploiter,raise,124,324,7,8,324,-100,100,flop,324,False,7h 4s As,"[{""action"": ""small_blind"", ""amount"": 50, ""seat"": 0}, {""action"": ""big_blind"", ""amount"": 100, ""seat"": 1}, {""action"": ""call"", ""amount"": 50, ""seat"": 0}, {""action"": ""check"", ""amount"": 0, ""seat"": 1}, {""action"": ""check"", ""amount"": 0, ""seat"": 1}, {""action"": ""raise"", ""amount"": 124, ""seat"": 0}, {""action"": ""fold"", ""amount"": 0, ""seat"": 1}]"
overfold_exploiter,2026060724,1,26,deployed_overfold_exploiter_s2026060724_o1_h0026,flop,flop_cbet_or_probe,overfold_exploiter,raise,124,324,7,8,324,-100,100,flop,324,False,Ah 8d 7d,"[{""action"": ""small_blind"", ""amount"": 50, ""seat"": 0}, {""action"": ""big_blind"", ""amount"": 100, ""seat"": 1}, {""action"": ""call"", ""amount"": 50, ""seat"": 0}, {""action"": ""check"", ""amount"": 0, ""seat"": 1}, {""action"": ""check"", ""amount"": 0, ""seat"": 1}, {""action"": ""raise"", ""amount"": 124, ""seat"": 0}, {""action"": ""fold"", ""amount"": 0, ""seat"": 1}]"
overfold_exploiter,2026060724,1,28,deployed_overfold_exploiter_s2026060724_o1_h0028,flop,flop_cbet_or_probe,overfold_exploiter,raise,124,324,7,8,324,-100,100,flop,324,False,Td 3h 8c,"[{""action"": ""small_blind"", ""amount"": 50, ""seat"": 0}, {""action"": ""big_blind"", ""amount"": 100, ""seat"": 1}, {""action"": ""call"", ""amount"": 50, ""seat"": 0}, {""action"": ""check"", ""amount"": 0, ""seat"": 1}, {""action"": ""check"", ""amount"": 0, ""seat"": 1}, {""action"": ""raise"", ""amount"": 124, ""seat"": 0}, {""action"": ""fold"", ""amount"": 0, ""seat"": 1}]"
overfold_exploiter,2026060724,1,30,deployed_overfold_exploiter_s2026060724_o1_h0030,flop,flop_cbet_or_probe,overfold_exploiter,raise,124,324,7,8,324,-100,100,flop,324,False,9c Ah Qd,"[{""action"": ""small_blind"", ""amount"": 50, ""seat"": 0}, {""action"": ""big_blind"", ""amount"": 100, ""seat"": 1}, {""action"": ""call"", ""amount"": 50, ""seat"": 0}, {""action"": ""check"", ""amount"": 0, ""seat"": 1}, {""action"": ""check"", ""amount"": 0, ""seat"": 1}, {""action"": ""raise"", ""amount"": 124, ""seat"": 0}, {""action"": ""fold"", ""amount"": 0, ""seat"": 1}]"
overfold_exploiter,2026060724,1,46,deployed_overfold_exploiter_s2026060724_o1_h0046,flop,flop_cbet_or_probe,overfold_exploiter,raise,124,324,7,8,324,-100,100,flop,324,False,Kh 7c 2s,"[{""action"": ""small_blind"", ""amount"": 50, ""seat"": 0}, {""action"": ""big_blind"", ""amount"": 100, ""seat"": 1}, {""action"": ""call"", ""amount"": 50, ""seat"": 0}, {""action"": ""check"", ""amount"": 0, ""seat"": 1}, {""action"": ""check"", ""amount"": 0, ""seat"": 1}, {""action"": ""raise"", ""amount"": 124, ""seat"": 0}, {""action"": ""fold"", ""amount"": 0, ""seat"": 1}]"
overfold_exploiter,2026060724,1,80,deployed_overfold_exploiter_s2026060724_o1_h0080,flop,flop_cbet_or_probe,overfold_exploiter,raise,124,324,7,8,324,-100,100,flop,324,False,3c Td Qc,"[{""action"": ""small_blind"", ""amount"": 50, ""seat"": 0}, {""action"": ""big_blind"", ""amount"": 100, ""seat"": 1}, {""action"": ""call"", ""amount"": 50, ""seat"": 0}, {""action"": ""check"", ""amount"": 0, ""seat"": 1}, {""action"": ""check"", ""amount"": 0, ""seat"": 1}, {""action"": ""raise"", ""amount"": 124, ""seat"": 0}, {""action"": ""fold"", ""amount"": 0, ""seat"": 1}]"
overfold_exploiter,2026060724,1,86,deployed_overfold_exploiter_s2026060724_o1_h0086,flop,flop_cbet_or_probe,overfold_exploiter,raise,124,324,7,8,324,-100,100,flop,324,False,9d 8s 5c,"[{""action"": ""small_blind"", ""amount"": 50, ""seat"": 0}, {""action"": ""big_blind"", ""amount"": 100, ""seat"": 1}, {""action"": ""call"", ""amount"": 50, ""seat"": 0}, {""action"": ""check"", ""amount"": 0, ""seat"": 1}, {""action"": ""check"", ""amount"": 0, ""seat"": 1}, {""action"": ""raise"", ""amount"": 124, ""seat"": 0}, {""action"": ""fold"", ""amount"": 0, ""seat"": 1}]"
overfold_exploiter,2026060724,1,92,deployed_overfold_exploiter_s2026060724_o1_h0092,flop,flop_cbet_or_probe,overfold_exploiter,raise,620,1620,8,9,1620,-500,500,flop,1620,False,9h 7c 7d,"[{""action"": ""small_blind"", ""amount"": 50, ""seat"": 0}, {""action"": ""big_blind"", ""amount"": 100, ""seat"": 1}, {""action"": ""call"", ""amount"": 50, ""seat"": 0}, {""action"": ""raise"", ""amount"": 500, ""seat"": 1}, {""action"": ""call"", ""amount"": 400, ""seat"": 0}, {""action"": ""check"", ""amount"": 0, ""seat"": 1}, {""action"": ""raise"", ""amount"": 620, ""seat"": 0}, {""action"": ""fold"", ""amount"": 0, ""seat"": 1}]"
overfold_exploiter,2026060724,1,96,deployed_overfold_exploiter_s2026060724_o1_h0096,turn,turn_probe,overfold_exploiter,raise,144,344,10,11,344,-100,100,turn,344,False,5s 7h 3s Qs,"[{""action"": ""small_blind"", ""amount"": 50, ""seat"": 0}, {""action"": ""big_blind"", ""amount"": 100, ""seat"": 1}, {""action"": ""call"", ""amount"": 50, ""seat"": 0}, {""action"": ""check"", ""amount"": 0, ""seat"": 1}, {""action"": ""check"", ""amount"": 0, ""seat"": 1}, {""action"": ""check"", ""amount"": 0, ""seat"": 0}, {""action"": ""check"", ""amount"": 0, ""seat"": 1}, {""action"": ""raise"", ""amount"": 144, ""seat"": 0}, {""action"": ""fold"", ""amount"": 0, ""seat"": 1}]"
overfold_exploiter,2026060724,1,104,deployed_overfold_exploiter_s2026060724_o1_h0104,flop,flop_cbet_or_probe,overfold_exploiter,raise,124,324,7,8,324,-100,100,flop,324,False,6h 6s 2s,"[{""action"": ""small_blind"", ""amount"": 50, ""seat"": 0}, {""action"": ""big_blind"", ""amount"": 100, ""seat"": 1}, {""action"": ""call"", ""amount"": 50, ""seat"": 0}, {""action"": ""check"", ""amount"": 0, ""seat"": 1}, {""action"": ""check"", ""amount"": 0, ""seat"": 1}, {""action"": ""raise"", ""amount"": 124, ""seat"": 0}, {""action"": ""fold"", ""amount"": 0, ""seat"": 1}]"
overfold_exploiter,2026060724,1,112,deployed_overfold_exploiter_s2026060724_o1_h0112,flop,flop_cbet_or_probe,overfold_exploiter,raise,620,1620,8,9,1620,-500,500,flop,1620,False,Kd As 5d,"[{""action"": ""small_blind"", ""amount"": 50, ""seat"": 0}, {""action"": ""big_blind"", ""amount"": 100, ""seat"": 1}, {""action"": ""call"", ""amount"": 50, ""seat"": 0}, {""action"": ""raise"", ""amount"": 500, ""seat"": 1}, {""action"": ""call"", ""amount"": 400, ""seat"": 0}, {""action"": ""check"", ""amount"": 0, ""seat"": 1}, {""action"": ""raise"", ""amount"": 620, ""seat"": 0}, {""action"": ""fold"", ""amount"": 0, ""seat"": 1}]"
overfold_exploiter,2026060724,1,116,deployed_overfold_exploiter_s2026060724_o1_h0116,flop,flop_cbet_or_probe,overfold_exploiter,raise,124,324,7,8,324,-100,100,flop,324,False,Ad 9s 5s,"[{""action"": ""small_blind"", ""amount"": 50, ""seat"": 0}, {""action"": ""big_blind"", ""amount"": 100, ""seat"": 1}, {""action"": ""call"", ""amount"": 50, ""seat"": 0}, {""action"": ""check"", ""amount"": 0, ""seat"": 1}, {""action"": ""check"", ""amount"": 0, ""seat"": 1}, {""action"": ""raise"", ""amount"": 124, ""seat"": 0}, {""action"": ""fold"", ""amount"": 0, ""seat"": 1}]"
overfold_exploiter,2026060724,1,120,deployed_overfold_exploiter_s2026060724_o1_h0120,flop,flop_cbet_or_probe,overfold_exploiter,raise,124,324,7,8,324,-100,100,flop,324,False,9d Ks 2d,"[{""action"": ""small_blind"", ""amount"": 50, ""seat"": 0}, {""action"": ""big_blind"", ""amount"": 100, ""seat"": 1}, {""action"": ""call"", ""amount"": 50, ""seat"": 0}, {""action"": ""check"", ""amount"": 0, ""seat"": 1}, {""action"": ""check"", ""amount"": 0, ""seat"": 1}, {""action"": ""raise"", ""amount"": 124, ""seat"": 0}, {""action"": ""fold"", ""amount"": 0, ""seat"": 1}]"
overfold_exploiter,2026060724,1,132,deployed_overfold_exploiter_s2026060724_o1_h0132,flop,flop_cbet_or_probe,overfold_exploiter,raise,124,324,7,8,324,-100,100,flop,324,False,9h 8s As,"[{""action"": ""small_blind"", ""amount"": 50, ""seat"": 0}, {""action"": ""big_blind"", ""amount"": 100, ""seat"": 1}, {""action"": ""call"", ""amount"": 50, ""seat"": 0}, {""action"": ""check"", ""amount"": 0, ""seat"": 1}, {""action"": ""check"", ""amount"": 0, ""seat"": 1}, {""action"": ""raise"", ""amount"": 124, ""seat"": 0}, {""action"": ""fold"", ""amount"": 0, ""seat"": 1}]"
overfold_exploiter,2026060724,1,134,deployed_overfold_exploiter_s2026060724_o1_h0134,turn,turn_probe,overfold_exploiter,raise,144,344,10,11,344,-100,100,turn,344,False,8s Ts Kd 5h,"[{""action"": ""small_blind"", ""amount"": 50, ""seat"": 0}, {""action"": ""big_blind"", ""amount"": 100, ""seat"": 1}, {""action"": ""call"", ""amount"": 50, ""seat"": 0}, {""action"": ""check"", ""amount"": 0, ""seat"": 1}, {""action"": ""check"", ""amount"": 0, ""seat"": 1}, {""action"": ""check"", ""amount"": 0, ""seat"": 0}, {""action"": ""check"", ""amount"": 0, ""seat"": 1}, {""action"": ""raise"", ""amount"": 144, ""seat"": 0}, {""action"": ""fold"", ""amount"": 0, ""seat"": 1}]"
overfold_exploiter,2026060724,1,136,deployed_overfold_exploiter_s2026060724_o1_h0136,flop,flop_cbet_or_probe,overfold_exploiter,raise,124,324,7,8,324,-100,100,flop,324,False,6d As 9d,"[{""action"": ""small_blind"", ""amount"": 50, ""seat"": 0}, {""action"": ""big_blind"", ""amount"": 100, ""seat"": 1}, {""action"": ""call"", ""amount"": 50, ""seat"": 0}, {""action"": ""check"", ""amount"": 0, ""seat"": 1}, {""action"": ""check"", ""amount"": 0, ""seat"": 1}, {""action"": ""raise"", ""amount"": 124, ""seat"": 0}, {""action"": ""fold"", ""amount"": 0, ""seat"": 1}]"
overfold_exploiter,2026060724,1,140,deployed_overfold_exploiter_s2026060724_o1_h0140,flop,flop_cbet_or_probe,overfold_exploiter,raise,124,324,7,8,324,-100,100,flop,324,False,5d 6d Kh,"[{""action"": ""small_blind"", ""amount"": 50, ""seat"": 0}, {""action"": ""big_blind"", ""amount"": 100, ""seat"": 1}, {""action"": ""call"", ""amount"": 50, ""seat"": 0}, {""action"": ""check"", ""amount"": 0, ""seat"": 1}, {""action"": ""check"", ""amount"": 0, ""seat"": 1}, {""action"": ""raise"", ""amount"": 124, ""seat"": 0}, {""action"": ""fold"", ""amount"": 0, ""seat"": 1}]"
overfold_exploiter,2026060724,1,146,deployed_overfold_exploiter_s2026060724_o1_h0146,flop,flop_cbet_or_probe,overfold_exploiter,raise,124,324,7,8,324,-100,100,flop,324,False,9d Jd 4c,"[{""action"": ""small_blind"", ""amount"": 50, ""seat"": 0}, {""action"": ""big_blind"", ""amount"": 100, ""seat"": 1}, {""action"": ""call"", ""amount"": 50, ""seat"": 0}, {""action"": ""check"", ""amount"": 0, ""seat"": 1}, {""action"": ""check"", ""amount"": 0, ""seat"": 1}, {""action"": ""raise"", ""amount"": 124, ""seat"": 0}, {""action"": ""fold"", ""amount"": 0, ""seat"": 1}]"
overfold_exploiter,2026060724,1,150,deployed_overfold_exploiter_s2026060724_o1_h0150,flop,flop_cbet_or_probe,overfold_exploiter,raise,124,324,7,8,324,-100,100,flop,324,False,Kh 9s 4h,"[{""action"": ""small_blind"", ""amount"": 50, ""seat"": 0}, {""action"": ""big_blind"", ""amount"": 100, ""seat"": 1}, {""action"": ""call"", ""amount"": 50, ""seat"": 0}, {""action"": ""check"", ""amount"": 0, ""seat"": 1}, {""action"": ""check"", ""amount"": 0, ""seat"": 1}, {""action"": ""raise"", ""amount"": 124, ""seat"": 0}, {""action"": ""fold"", ""amount"": 0, ""seat"": 1}]"
overfold_exploiter,2026060724,1,154,deployed_overfold_exploiter_s2026060724_o1_h0154,flop,flop_cbet_or_probe,overfold_exploiter,raise,124,324,7,8,324,-100,100,flop,324,False,Js 7s 6h,"[{""action"": ""small_blind"", ""amount"": 50, ""seat"": 0}, {""action"": ""big_blind"", ""amount"": 100, ""seat"": 1}, {""action"": ""call"", ""amount"": 50, ""seat"": 0}, {""action"": ""check"", ""amount"": 0, ""seat"": 1}, {""action"": ""check"", ""amount"": 0, ""seat"": 1}, {""action"": ""raise"", ""amount"": 124, ""seat"": 0}, {""action"": ""fold"", ""amount"": 0, ""seat"": 1}]"
overfold_exploiter,2026060724,1,188,deployed_overfold_exploiter_s2026060724_o1_h0188,flop,flop_cbet_or_probe,overfold_exploiter,raise,124,324,7,8,324,-100,100,flop,324,False,2d Jc 3h,"[{""action"": ""small_blind"", ""amount"": 50, ""seat"": 0}, {""action"": ""big_blind"", ""amount"": 100, ""seat"": 1}, {""action"": ""call"", ""amount"": 50, ""seat"": 0}, {""action"": ""check"", ""amount"": 0, ""seat"": 1}, {""action"": ""check"", ""amount"": 0, ""seat"": 1}, {""action"": ""raise"", ""amount"": 124, ""seat"": 0}, {""action"": ""fold"", ""amount"": 0, ""seat"": 1}]"
overfold_exploiter,2026060724,1,196,deployed_overfold_exploiter_s2026060724_o1_h0196,flop,flop_cbet_or_probe,overfold_exploiter,raise,124,324,7,8,324,-100,100,flop,324,False,9s 3d 9d,"[{""action"": ""small_blind"", ""amount"": 50, ""seat"": 0}, {""action"": ""big_blind"", ""amount"": 100, ""seat"": 1}, {""action"": ""call"", ""amount"": 50, ""seat"": 0}, {""action"": ""check"", ""amount"": 0, ""seat"": 1}, {""action"": ""check"", ""amount"": 0, ""seat"": 1}, {""action"": ""raise"", ""amount"": 124, ""seat"": 0}, {""action"": ""fold"", ""amount"": 0, ""seat"": 1}]"
overfold_exploiter,2026060725,0,25,deployed_overfold_exploiter_s2026060725_o0_h0025,flop,flop_cbet_or_probe,overfold_exploiter,raise,124,324,7,8,324,-100,100,flop,324,False,Qh 7c Ah,"[{""action"": ""small_blind"", ""amount"": 50, ""seat"": 1}, {""action"": ""big_blind"", ""amount"": 100, ""seat"": 0}, {""action"": ""call"", ""amount"": 50, ""seat"": 1}, {""action"": ""check"", ""amount"": 0, ""seat"": 0}, {""action"": ""check"", ""amount"": 0, ""seat"": 0}, {""action"": ""raise"", ""amount"": 124, ""seat"": 1}, {""action"": ""fold"", ""amount"": 0, ""seat"": 0}]"
overfold_exploiter,2026060725,0,27,deployed_overfold_exploiter_s2026060725_o0_h0027,flop,flop_cbet_or_probe,overfold_exploiter,raise,124,324,7,8,324,-100,100,flop,324,False,9d 3s Tc,"[{""action"": ""small_blind"", ""amount"": 50, ""seat"": 1}, {""action"": ""big_blind"", ""amount"": 100, ""seat"": 0}, {""action"": ""call"", ""amount"": 50, ""seat"": 1}, {""action"": ""check"", ""amount"": 0, ""seat"": 0}, {""action"": ""check"", ""amount"": 0, ""seat"": 0}, {""action"": ""raise"", ""amount"": 124, ""seat"": 1}, {""action"": ""fold"", ""amount"": 0, ""seat"": 0}]"
overfold_exploiter,2026060725,0,35,deployed_overfold_exploiter_s2026060725_o0_h0035,flop,flop_cbet_or_probe,overfold_exploiter,raise,124,324,7,8,324,-100,100,flop,324,False,8h 8d 7d,"[{""action"": ""small_blind"", ""amount"": 50, ""seat"": 1}, {""action"": ""big_blind"", ""amount"": 100, ""seat"": 0}, {""action"": ""call"", ""amount"": 50, ""seat"": 1}, {""action"": ""check"", ""amount"": 0, ""seat"": 0}, {""action"": ""check"", ""amount"": 0, ""seat"": 0}, {""action"": ""raise"", ""amount"": 124, ""seat"": 1}, {""action"": ""fold"", ""amount"": 0, ""seat"": 0}]"
overfold_exploiter,2026060725,0,49,deployed_overfold_exploiter_s2026060725_o0_h0049,flop,flop_cbet_or_probe,overfold_exploiter,raise,124,324,7,8,324,-100,100,flop,324,False,4d 6d 6s,"[{""action"": ""small_blind"", ""amount"": 50, ""seat"": 1}, {""action"": ""big_blind"", ""amount"": 100, ""seat"": 0}, {""action"": ""call"", ""amount"": 50, ""seat"": 1}, {""action"": ""check"", ""amount"": 0, ""seat"": 0}, {""action"": ""check"", ""amount"": 0, ""seat"": 0}, {""action"": ""raise"", ""amount"": 124, ""seat"": 1}, {""action"": ""fold"", ""amount"": 0, ""seat"": 0}]"
overfold_exploiter,2026060725,0,55,deployed_overfold_exploiter_s2026060725_o0_h0055,flop,flop_cbet_or_probe,overfold_exploiter,raise,124,324,7,8,324,-100,100,flop,324,False,6s Tc 3d,"[{""action"": ""small_blind"", ""amount"": 50, ""seat"": 1}, {""action"": ""big_blind"", ""amount"": 100, ""seat"": 0}, {""action"": ""call"", ""amount"": 50, ""seat"": 1}, {""action"": ""check"", ""amount"": 0, ""seat"": 0}, {""action"": ""check"", ""amount"": 0, ""seat"": 0}, {""action"": ""raise"", ""amount"": 124, ""seat"": 1}, {""action"": ""fold"", ""amount"": 0, ""seat"": 0}]"
overfold_exploiter,2026060725,0,63,deployed_overfold_exploiter_s2026060725_o0_h0063,flop,flop_cbet_or_probe,overfold_exploiter,raise,124,324,7,8,324,-100,100,flop,324,False,3h Ah 6c,"[{""action"": ""small_blind"", ""amount"": 50, ""seat"": 1}, {""action"": ""big_blind"", ""amount"": 100, ""seat"": 0}, {""action"": ""call"", ""amount"": 50, ""seat"": 1}, {""action"": ""check"", ""amount"": 0, ""seat"": 0}, {""action"": ""check"", ""amount"": 0, ""seat"": 0}, {""action"": ""raise"", ""amount"": 124, ""seat"": 1}, {""action"": ""fold"", ""amount"": 0, ""seat"": 0}]"
overfold_exploiter,2026060725,0,121,deployed_overfold_exploiter_s2026060725_o0_h0121,flop,flop_cbet_or_probe,overfold_exploiter,raise,124,324,7,8,324,-100,100,flop,324,False,Ac Jh 7h,"[{""action"": ""small_blind"", ""amount"": 50, ""seat"": 1}, {""action"": ""big_blind"", ""amount"": 100, ""seat"": 0}, {""action"": ""call"", ""amount"": 50, ""seat"": 1}, {""action"": ""check"", ""amount"": 0, ""seat"": 0}, {""action"": ""check"", ""amount"": 0, ""seat"": 0}, {""action"": ""raise"", ""amount"": 124, ""seat"": 1}, {""action"": ""fold"", ""amount"": 0, ""seat"": 0}]"
overfold_exploiter,2026060725,0,135,deployed_overfold_exploiter_s2026060725_o0_h0135,flop,flop_cbet_or_probe,overfold_exploiter,raise,124,324,7,8,324,-100,100,flop,324,False,8d Ks Kh,"[{""action"": ""small_blind"", ""amount"": 50, ""seat"": 1}, {""action"": ""big_blind"", ""amount"": 100, ""seat"": 0}, {""action"": ""call"", ""amount"": 50, ""seat"": 1}, {""action"": ""check"", ""amount"": 0, ""seat"": 0}, {""action"": ""check"", ""amount"": 0, ""seat"": 0}, {""action"": ""raise"", ""amount"": 124, ""seat"": 1}, {""action"": ""fold"", ""amount"": 0, ""seat"": 0}]"
overfold_exploiter,2026060725,0,164,deployed_overfold_exploiter_s2026060725_o0_h0164,flop,flop_cbet_or_probe,overfold_exploiter,raise,310,810,6,7,810,-250,250,flop,810,False,Kd Kh 2d,"[{""action"": ""small_blind"", ""amount"": 50, ""seat"": 0}, {""action"": ""big_blind"", ""amount"": 100, ""seat"": 1}, {""action"": ""raise"", ""amount"": 250, ""seat"": 0}, {""action"": ""call"", ""amount"": 150, ""seat"": 1}, {""action"": ""raise"", ""amount"": 310, ""seat"": 1}, {""action"": ""fold"", ""amount"": 0, ""seat"": 0}]"
overfold_exploiter,2026060725,0,169,deployed_overfold_exploiter_s2026060725_o0_h0169,flop,flop_cbet_or_probe,overfold_exploiter,raise,124,324,7,8,324,-100,100,flop,324,False,9d 5d 9s,"[{""action"": ""small_blind"", ""amount"": 50, ""seat"": 1}, {""action"": ""big_blind"", ""amount"": 100, ""seat"": 0}, {""action"": ""call"", ""amount"": 50, ""seat"": 1}, {""action"": ""check"", ""amount"": 0, ""seat"": 0}, {""action"": ""check"", ""amount"": 0, ""seat"": 0}, {""action"": ""raise"", ""amount"": 124, ""seat"": 1}, {""action"": ""fold"", ""amount"": 0, ""seat"": 0}]"
overfold_exploiter,2026060725,0,171,deployed_overfold_exploiter_s2026060725_o0_h0171,flop,flop_cbet_or_probe,overfold_exploiter,raise,124,324,7,8,324,-100,100,flop,324,False,3c 8d 6h,"[{""action"": ""small_blind"", ""amount"": 50, ""seat"": 1}, {""action"": ""big_blind"", ""amount"": 100, ""seat"": 0}, {""action"": ""call"", ""amount"": 50, ""seat"": 1}, {""action"": ""check"", ""amount"": 0, ""seat"": 0}, {""action"": ""check"", ""amount"": 0, ""seat"": 0}, {""action"": ""raise"", ""amount"": 124, ""seat"": 1}, {""action"": ""fold"", ""amount"": 0, ""seat"": 0}]"
overfold_exploiter,2026060725,0,173,deployed_overfold_exploiter_s2026060725_o0_h0173,flop,flop_cbet_or_probe,overfold_exploiter,raise,124,324,7,8,324,-100,100,flop,324,False,2h Kh 5d,"[{""action"": ""small_blind"", ""amount"": 50, ""seat"": 1}, {""action"": ""big_blind"", ""amount"": 100, ""seat"": 0}, {""action"": ""call"", ""amount"": 50, ""seat"": 1}, {""action"": ""check"", ""amount"": 0, ""seat"": 0}, {""action"": ""check"", ""amount"": 0, ""seat"": 0}, {""action"": ""raise"", ""amount"": 124, ""seat"": 1}, {""action"": ""fold"", ""amount"": 0, ""seat"": 0}]"
overfold_exploiter,2026060725,0,195,deployed_overfold_exploiter_s2026060725_o0_h0195,flop,flop_cbet_or_probe,overfold_exploiter,raise,124,324,7,8,324,-100,100,flop,324,False,Js Qc 6s,"[{""action"": ""small_blind"", ""amount"": 50, ""seat"": 1}, {""action"": ""big_blind"", ""amount"": 100, ""seat"": 0}, {""action"": ""call"", ""amount"": 50, ""seat"": 1}, {""action"": ""check"", ""amount"": 0, ""seat"": 0}, {""action"": ""check"", ""amount"": 0, ""seat"": 0}, {""action"": ""raise"", ""amount"": 124, ""seat"": 1}, {""action"": ""fold"", ""amount"": 0, ""seat"": 0}]"
overfold_exploiter,2026060725,0,199,deployed_overfold_exploiter_s2026060725_o0_h0199,flop,flop_cbet_or_probe,overfold_exploiter,raise,124,324,7,8,324,-100,100,flop,324,False,5s Th Qd,"[{""action"": ""small_blind"", ""amount"": 50, ""seat"": 1}, {""action"": ""big_blind"", ""amount"": 100, ""seat"": 0}, {""action"": ""call"", ""amount"": 50, ""seat"": 1}, {""action"": ""check"", ""amount"": 0, ""seat"": 0}, {""action"": ""check"", ""amount"": 0, ""seat"": 0}, {""action"": ""raise"", ""amount"": 124, ""seat"": 1}, {""action"": ""fold"", ""amount"": 0, ""seat"": 0}]"
overfold_exploiter,2026060725,1,0,deployed_overfold_exploiter_s2026060725_o1_h0000,flop,flop_cbet_or_probe,overfold_exploiter,raise,124,324,7,8,324,-100,100,flop,324,False,7h 4c 4s,"[{""action"": ""small_blind"", ""amount"": 50, ""seat"": 0}, {""action"": ""big_blind"", ""amount"": 100, ""seat"": 1}, {""action"": ""call"", ""amount"": 50, ""seat"": 0}, {""action"": ""check"", ""amount"": 0, ""seat"": 1}, {""action"": ""check"", ""amount"": 0, ""seat"": 1}, {""action"": ""raise"", ""amount"": 124, ""seat"": 0}, {""action"": ""fold"", ""amount"": 0, ""seat"": 1}]"
overfold_exploiter,2026060725,1,6,deployed_overfold_exploiter_s2026060725_o1_h0006,flop,flop_cbet_or_probe,overfold_exploiter,raise,124,324,7,8,324,-100,100,flop,324,False,8d 2c 8s,"[{""action"": ""small_blind"", ""amount"": 50, ""seat"": 0}, {""action"": ""big_blind"", ""amount"": 100, ""seat"": 1}, {""action"": ""call"", ""amount"": 50, ""seat"": 0}, {""action"": ""check"", ""amount"": 0, ""seat"": 1}, {""action"": ""check"", ""amount"": 0, ""seat"": 1}, {""action"": ""raise"", ""amount"": 124, ""seat"": 0}, {""action"": ""fold"", ""amount"": 0, ""seat"": 1}]"
overfold_exploiter,2026060725,1,14,deployed_overfold_exploiter_s2026060725_o1_h0014,flop,flop_cbet_or_probe,overfold_exploiter,raise,124,324,7,8,324,-100,100,flop,324,False,4c 3c 8d,"[{""action"": ""small_blind"", ""amount"": 50, ""seat"": 0}, {""action"": ""big_blind"", ""amount"": 100, ""seat"": 1}, {""action"": ""call"", ""amount"": 50, ""seat"": 0}, {""action"": ""check"", ""amount"": 0, ""seat"": 1}, {""action"": ""check"", ""amount"": 0, ""seat"": 1}, {""action"": ""raise"", ""amount"": 124, ""seat"": 0}, {""action"": ""fold"", ""amount"": 0, ""seat"": 1}]"
overfold_exploiter,2026060725,1,18,deployed_overfold_exploiter_s2026060725_o1_h0018,flop,flop_cbet_or_probe,overfold_exploiter,raise,124,324,7,8,324,-100,100,flop,324,False,6s 7h 2h,"[{""action"": ""small_blind"", ""amount"": 50, ""seat"": 0}, {""action"": ""big_blind"", ""amount"": 100, ""seat"": 1}, {""action"": ""call"", ""amount"": 50, ""seat"": 0}, {""action"": ""check"", ""amount"": 0, ""seat"": 1}, {""action"": ""check"", ""amount"": 0, ""seat"": 1}, {""action"": ""raise"", ""amount"": 124, ""seat"": 0}, {""action"": ""fold"", ""amount"": 0, ""seat"": 1}]"
overfold_exploiter,2026060725,1,22,deployed_overfold_exploiter_s2026060725_o1_h0022,turn,turn_barrel,overfold_exploiter,raise,322,770,11,12,770,-224,224,turn,770,False,7d 6c Ac Js,"[{""action"": ""small_blind"", ""amount"": 50, ""seat"": 0}, {""action"": ""big_blind"", ""amount"": 100, ""seat"": 1}, {""action"": ""call"", ""amount"": 50, ""seat"": 0}, {""action"": ""check"", ""amount"": 0, ""seat"": 1}, {""action"": ""check"", ""amount"": 0, ""seat"": 1}, {""action"": ""raise"", ""amount"": 124, ""seat"": 0}, {""action"": ""call"", ""amount"": 124, ""seat"": 1}, {""action"": ""check"", ""amount"": 0, ""seat"": 1}, {""action"": ""raise"", ""amount"": 322, ""seat"": 0}, {""action"": ""fold"", ""amount"": 0, ""seat"": 1}]"
overfold_exploiter,2026060725,1,44,deployed_overfold_exploiter_s2026060725_o1_h0044,turn,turn_barrel,overfold_exploiter,raise,322,770,11,12,770,-224,224,turn,770,False,Qh Ah 3h Ts,"[{""action"": ""small_blind"", ""amount"": 50, ""seat"": 0}, {""action"": ""big_blind"", ""amount"": 100, ""seat"": 1}, {""action"": ""call"", ""amount"": 50, ""seat"": 0}, {""action"": ""check"", ""amount"": 0, ""seat"": 1}, {""action"": ""check"", ""amount"": 0, ""seat"": 1}, {""action"": ""raise"", ""amount"": 124, ""seat"": 0}, {""action"": ""call"", ""amount"": 124, ""seat"": 1}, {""action"": ""check"", ""amount"": 0, ""seat"": 1}, {""action"": ""raise"", ""amount"": 322, ""seat"": 0}, {""action"": ""fold"", ""amount"": 0, ""seat"": 1}]"
overfold_exploiter,2026060725,1,56,deployed_overfold_exploiter_s2026060725_o1_h0056,flop,flop_cbet_or_probe,overfold_exploiter,raise,124,324,7,8,324,-100,100,flop,324,False,Td 8d Jc,"[{""action"": ""small_blind"", ""amount"": 50, ""seat"": 0}, {""action"": ""big_blind"", ""amount"": 100, ""seat"": 1}, {""action"": ""call"", ""amount"": 50, ""seat"": 0}, {""action"": ""check"", ""amount"": 0, ""seat"": 1}, {""action"": ""check"", ""amount"": 0, ""seat"": 1}, {""action"": ""raise"", ""amount"": 124, ""seat"": 0}, {""action"": ""fold"", ""amount"": 0, ""seat"": 1}]"
overfold_exploiter,2026060725,1,70,deployed_overfold_exploiter_s2026060725_o1_h0070,flop,flop_cbet_or_probe,overfold_exploiter,raise,124,324,7,8,324,-100,100,flop,324,False,5h 9d 3c,"[{""action"": ""small_blind"", ""amount"": 50, ""seat"": 0}, {""action"": ""big_blind"", ""amount"": 100, ""seat"": 1}, {""action"": ""call"", ""amount"": 50, ""seat"": 0}, {""action"": ""check"", ""amount"": 0, ""seat"": 1}, {""action"": ""check"", ""amount"": 0, ""seat"": 1}, {""action"": ""raise"", ""amount"": 124, ""seat"": 0}, {""action"": ""fold"", ""amount"": 0, ""seat"": 1}]"
overfold_exploiter,2026060725,1,76,deployed_overfold_exploiter_s2026060725_o1_h0076,flop,flop_cbet_or_probe,overfold_exploiter,raise,124,324,7,8,324,-100,100,flop,324,False,8c Kh Td,"[{""action"": ""small_blind"", ""amount"": 50, ""seat"": 0}, {""action"": ""big_blind"", ""amount"": 100, ""seat"": 1}, {""action"": ""call"", ""amount"": 50, ""seat"": 0}, {""action"": ""check"", ""amount"": 0, ""seat"": 1}, {""action"": ""check"", ""amount"": 0, ""seat"": 1}, {""action"": ""raise"", ""amount"": 124, ""seat"": 0}, {""action"": ""fold"", ""amount"": 0, ""seat"": 1}]"
overfold_exploiter,2026060725,1,102,deployed_overfold_exploiter_s2026060725_o1_h0102,turn,turn_barrel,overfold_exploiter,raise,322,770,11,12,770,-224,224,turn,770,False,8c 9c Td 2d,"[{""action"": ""small_blind"", ""amount"": 50, ""seat"": 0}, {""action"": ""big_blind"", ""amount"": 100, ""seat"": 1}, {""action"": ""call"", ""amount"": 50, ""seat"": 0}, {""action"": ""check"", ""amount"": 0, ""seat"": 1}, {""action"": ""check"", ""amount"": 0, ""seat"": 1}, {""action"": ""raise"", ""amount"": 124, ""seat"": 0}, {""action"": ""call"", ""amount"": 124, ""seat"": 1}, {""action"": ""check"", ""amount"": 0, ""seat"": 1}, {""action"": ""raise"", ""amount"": 322, ""seat"": 0}, {""action"": ""fold"", ""amount"": 0, ""seat"": 1}]"
overfold_exploiter,2026060725,1,116,deployed_overfold_exploiter_s2026060725_o1_h0116,turn,turn_probe,overfold_exploiter,raise,144,344,10,11,344,-100,100,turn,344,False,Jd Tc Qh 7c,"[{""action"": ""small_blind"", ""amount"": 50, ""seat"": 0}, {""action"": ""big_blind"", ""amount"": 100, ""seat"": 1}, {""action"": ""call"", ""amount"": 50, ""seat"": 0}, {""action"": ""check"", ""amount"": 0, ""seat"": 1}, {""action"": ""check"", ""amount"": 0, ""seat"": 1}, {""action"": ""check"", ""amount"": 0, ""seat"": 0}, {""action"": ""check"", ""amount"": 0, ""seat"": 1}, {""action"": ""raise"", ""amount"": 144, ""seat"": 0}, {""action"": ""fold"", ""amount"": 0, ""seat"": 1}]"
overfold_exploiter,2026060725,1,118,deployed_overfold_exploiter_s2026060725_o1_h0118,flop,flop_cbet_or_probe,overfold_exploiter,raise,124,324,7,8,324,-100,100,flop,324,False,8h Qc Kd,"[{""action"": ""small_blind"", ""amount"": 50, ""seat"": 0}, {""action"": ""big_blind"", ""amount"": 100, ""seat"": 1}, {""action"": ""call"", ""amount"": 50, ""seat"": 0}, {""action"": ""check"", ""amount"": 0, ""seat"": 1}, {""action"": ""check"", ""amount"": 0, ""seat"": 1}, {""action"": ""raise"", ""amount"": 124, ""seat"": 0}, {""action"": ""fold"", ""amount"": 0, ""seat"": 1}]"
overfold_exploiter,2026060725,1,120,deployed_overfold_exploiter_s2026060725_o1_h0120,flop,flop_cbet_or_probe,overfold_exploiter,raise,124,324,7,8,324,-100,100,flop,324,False,Jh 3d 3c,"[{""action"": ""small_blind"", ""amount"": 50, ""seat"": 0}, {""action"": ""big_blind"", ""amount"": 100, ""seat"": 1}, {""action"": ""call"", ""amount"": 50, ""seat"": 0}, {""action"": ""check"", ""amount"": 0, ""seat"": 1}, {""action"": ""check"", ""amount"": 0, ""seat"": 1}, {""action"": ""raise"", ""amount"": 124, ""seat"": 0}, {""action"": ""fold"", ""amount"": 0, ""seat"": 1}]"
overfold_exploiter,2026060725,1,128,deployed_overfold_exploiter_s2026060725_o1_h0128,flop,flop_cbet_or_probe,overfold_exploiter,raise,124,324,7,8,324,-100,100,flop,324,False,Qh 5h 3s,"[{""action"": ""small_blind"", ""amount"": 50, ""seat"": 0}, {""action"": ""big_blind"", ""amount"": 100, ""seat"": 1}, {""action"": ""call"", ""amount"": 50, ""seat"": 0}, {""action"": ""check"", ""amount"": 0, ""seat"": 1}, {""action"": ""check"", ""amount"": 0, ""seat"": 1}, {""action"": ""raise"", ""amount"": 124, ""seat"": 0}, {""action"": ""fold"", ""amount"": 0, ""seat"": 1}]"
overfold_exploiter,2026060725,1,146,deployed_overfold_exploiter_s2026060725_o1_h0146,flop,flop_cbet_or_probe,overfold_exploiter,raise,124,324,7,8,324,-100,100,flop,324,False,Th Jc Qs,"[{""action"": ""small_blind"", ""amount"": 50, ""seat"": 0}, {""action"": ""big_blind"", ""amount"": 100, ""seat"": 1}, {""action"": ""call"", ""amount"": 50, ""seat"": 0}, {""action"": ""check"", ""amount"": 0, ""seat"": 1}, {""action"": ""check"", ""amount"": 0, ""seat"": 1}, {""action"": ""raise"", ""amount"": 124, ""seat"": 0}, {""action"": ""fold"", ""amount"": 0, ""seat"": 1}]"
overfold_exploiter,2026060725,1,150,deployed_overfold_exploiter_s2026060725_o1_h0150,flop,flop_cbet_or_probe,overfold_exploiter,raise,124,324,7,8,324,-100,100,flop,324,False,Kc 4c 8c,"[{""action"": ""small_blind"", ""amount"": 50, ""seat"": 0}, {""action"": ""big_blind"", ""amount"": 100, ""seat"": 1}, {""action"": ""call"", ""amount"": 50, ""seat"": 0}, {""action"": ""check"", ""amount"": 0, ""seat"": 1}, {""action"": ""check"", ""amount"": 0, ""seat"": 1}, {""action"": ""raise"", ""amount"": 124, ""seat"": 0}, {""action"": ""fold"", ""amount"": 0, ""seat"": 1}]"
overfold_exploiter,2026060725,1,174,deployed_overfold_exploiter_s2026060725_o1_h0174,flop,flop_cbet_or_probe,overfold_exploiter,raise,620,1620,8,9,1620,-500,500,flop,1620,False,3s 7c 4c,"[{""action"": ""small_blind"", ""amount"": 50, ""seat"": 0}, {""action"": ""big_blind"", ""amount"": 100, ""seat"": 1}, {""action"": ""call"", ""amount"": 50, ""seat"": 0}, {""action"": ""raise"", ""amount"": 500, ""seat"": 1}, {""action"": ""call"", ""amount"": 400, ""seat"": 0}, {""action"": ""check"", ""amount"": 0, ""seat"": 1}, {""action"": ""raise"", ""amount"": 620, ""seat"": 0}, {""action"": ""fold"", ""amount"": 0, ""seat"": 1}]"
overfold_exploiter,2026060725,1,178,deployed_overfold_exploiter_s2026060725_o1_h0178,flop,flop_cbet_or_probe,overfold_exploiter,raise,124,324,7,8,324,-100,100,flop,324,False,6c 6d 9h,"[{""action"": ""small_blind"", ""amount"": 50, ""seat"": 0}, {""action"": ""big_blind"", ""amount"": 100, ""seat"": 1}, {""action"": ""call"", ""amount"": 50, ""seat"": 0}, {""action"": ""check"", ""amount"": 0, ""seat"": 1}, {""action"": ""check"", ""amount"": 0, ""seat"": 1}, {""action"": ""raise"", ""amount"": 124, ""seat"": 0}, {""action"": ""fold"", ""amount"": 0, ""seat"": 1}]"
overfold_exploiter,2026060725,1,180,deployed_overfold_exploiter_s2026060725_o1_h0180,flop,flop_cbet_or_probe,overfold_exploiter,raise,124,324,7,8,324,-100,100,flop,324,False,Kd 7h 4h,"[{""action"": ""small_blind"", ""amount"": 50, ""seat"": 0}, {""action"": ""big_blind"", ""amount"": 100, ""seat"": 1}, {""action"": ""call"", ""amount"": 50, ""seat"": 0}, {""action"": ""check"", ""amount"": 0, ""seat"": 1}, {""action"": ""check"", ""amount"": 0, ""seat"": 1}, {""action"": ""raise"", ""amount"": 124, ""seat"": 0}, {""action"": ""fold"", ""amount"": 0, ""seat"": 1}]"
overfold_exploiter,2026060725,1,186,deployed_overfold_exploiter_s2026060725_o1_h0186,flop,flop_cbet_or_probe,overfold_exploiter,raise,124,324,7,8,324,-100,100,flop,324,False,5s 8c Kd,"[{""action"": ""small_blind"", ""amount"": 50, ""seat"": 0}, {""action"": ""big_blind"", ""amount"": 100, ""seat"": 1}, {""action"": ""call"", ""amount"": 50, ""seat"": 0}, {""action"": ""check"", ""amount"": 0, ""seat"": 1}, {""action"": ""check"", ""amount"": 0, ""seat"": 1}, {""action"": ""raise"", ""amount"": 124, ""seat"": 0}, {""action"": ""fold"", ""amount"": 0, ""seat"": 1}]"
overfold_exploiter,2026060725,1,190,deployed_overfold_exploiter_s2026060725_o1_h0190,flop,flop_cbet_or_probe,overfold_exploiter,raise,124,324,7,8,324,-100,100,flop,324,False,Th 3h 9s,"[{""action"": ""small_blind"", ""amount"": 50, ""seat"": 0}, {""action"": ""big_blind"", ""amount"": 100, ""seat"": 1}, {""action"": ""call"", ""amount"": 50, ""seat"": 0}, {""action"": ""check"", ""amount"": 0, ""seat"": 1}, {""action"": ""check"", ""amount"": 0, ""seat"": 1}, {""action"": ""raise"", ""amount"": 124, ""seat"": 0}, {""action"": ""fold"", ""amount"": 0, ""seat"": 1}]"
overfold_exploiter,2026060725,1,196,deployed_overfold_exploiter_s2026060725_o1_h0196,flop,flop_cbet_or_probe,overfold_exploiter,raise,124,324,7,8,324,-100,100,flop,324,False,2s 9d 7h,"[{""action"": ""small_blind"", ""amount"": 50, ""seat"": 0}, {""action"": ""big_blind"", ""amount"": 100, ""seat"": 1}, {""action"": ""call"", ""amount"": 50, ""seat"": 0}, {""action"": ""check"", ""amount"": 0, ""seat"": 1}, {""action"": ""check"", ""amount"": 0, ""seat"": 1}, {""action"": ""raise"", ""amount"": 124, ""seat"": 0}, {""action"": ""fold"", ""amount"": 0, ""seat"": 1}]"
overfold_exploiter,2026060726,0,3,deployed_overfold_exploiter_s2026060726_o0_h0003,flop,flop_cbet_or_probe,overfold_exploiter,raise,124,324,7,8,324,-100,100,flop,324,False,4c Ah 7h,"[{""action"": ""small_blind"", ""amount"": 50, ""seat"": 1}, {""action"": ""big_blind"", ""amount"": 100, ""seat"": 0}, {""action"": ""call"", ""amount"": 50, ""seat"": 1}, {""action"": ""check"", ""amount"": 0, ""seat"": 0}, {""action"": ""check"", ""amount"": 0, ""seat"": 0}, {""action"": ""raise"", ""amount"": 124, ""seat"": 1}, {""action"": ""fold"", ""amount"": 0, ""seat"": 0}]"
overfold_exploiter,2026060726,0,9,deployed_overfold_exploiter_s2026060726_o0_h0009,flop,flop_cbet_or_probe,overfold_exploiter,raise,124,324,7,8,324,-100,100,flop,324,False,Kh Jh 6c,"[{""action"": ""small_blind"", ""amount"": 50, ""seat"": 1}, {""action"": ""big_blind"", ""amount"": 100, ""seat"": 0}, {""action"": ""call"", ""amount"": 50, ""seat"": 1}, {""action"": ""check"", ""amount"": 0, ""seat"": 0}, {""action"": ""check"", ""amount"": 0, ""seat"": 0}, {""action"": ""raise"", ""amount"": 124, ""seat"": 1}, {""action"": ""fold"", ""amount"": 0, ""seat"": 0}]"
overfold_exploiter,2026060726,0,27,deployed_overfold_exploiter_s2026060726_o0_h0027,flop,flop_cbet_or_probe,overfold_exploiter,raise,124,324,7,8,324,-100,100,flop,324,False,Td Ks 9d,"[{""action"": ""small_blind"", ""amount"": 50, ""seat"": 1}, {""action"": ""big_blind"", ""amount"": 100, ""seat"": 0}, {""action"": ""call"", ""amount"": 50, ""seat"": 1}, {""action"": ""check"", ""amount"": 0, ""seat"": 0}, {""action"": ""check"", ""amount"": 0, ""seat"": 0}, {""action"": ""raise"", ""amount"": 124, ""seat"": 1}, {""action"": ""fold"", ""amount"": 0, ""seat"": 0}]"
overfold_exploiter,2026060726,0,29,deployed_overfold_exploiter_s2026060726_o0_h0029,flop,flop_cbet_or_probe,overfold_exploiter,raise,124,324,7,8,324,-100,100,flop,324,False,Jd 7c 2d,"[{""action"": ""small_blind"", ""amount"": 50, ""seat"": 1}, {""action"": ""big_blind"", ""amount"": 100, ""seat"": 0}, {""action"": ""call"", ""amount"": 50, ""seat"": 1}, {""action"": ""check"", ""amount"": 0, ""seat"": 0}, {""action"": ""check"", ""amount"": 0, ""seat"": 0}, {""action"": ""raise"", ""amount"": 124, ""seat"": 1}, {""action"": ""fold"", ""amount"": 0, ""seat"": 0}]"
overfold_exploiter,2026060726,0,51,deployed_overfold_exploiter_s2026060726_o0_h0051,turn,turn_probe,overfold_exploiter,raise,144,344,10,11,344,-100,100,turn,344,False,7s Ad 9d 2c,"[{""action"": ""small_blind"", ""amount"": 50, ""seat"": 1}, {""action"": ""big_blind"", ""amount"": 100, ""seat"": 0}, {""action"": ""call"", ""amount"": 50, ""seat"": 1}, {""action"": ""check"", ""amount"": 0, ""seat"": 0}, {""action"": ""check"", ""amount"": 0, ""seat"": 0}, {""action"": ""check"", ""amount"": 0, ""seat"": 1}, {""action"": ""check"", ""amount"": 0, ""seat"": 0}, {""action"": ""raise"", ""amount"": 144, ""seat"": 1}, {""action"": ""fold"", ""amount"": 0, ""seat"": 0}]"
overfold_exploiter,2026060726,0,59,deployed_overfold_exploiter_s2026060726_o0_h0059,flop,flop_cbet_or_probe,overfold_exploiter,raise,124,324,7,8,324,-100,100,flop,324,False,3c 4s Jh,"[{""action"": ""small_blind"", ""amount"": 50, ""seat"": 1}, {""action"": ""big_blind"", ""amount"": 100, ""seat"": 0}, {""action"": ""call"", ""amount"": 50, ""seat"": 1}, {""action"": ""check"", ""amount"": 0, ""seat"": 0}, {""action"": ""check"", ""amount"": 0, ""seat"": 0}, {""action"": ""raise"", ""amount"": 124, ""seat"": 1}, {""action"": ""fold"", ""amount"": 0, ""seat"": 0}]"
overfold_exploiter,2026060726,0,67,deployed_overfold_exploiter_s2026060726_o0_h0067,flop,flop_cbet_or_probe,overfold_exploiter,raise,124,324,7,8,324,-100,100,flop,324,False,3s 6c Td,"[{""action"": ""small_blind"", ""amount"": 50, ""seat"": 1}, {""action"": ""big_blind"", ""amount"": 100, ""seat"": 0}, {""action"": ""call"", ""amount"": 50, ""seat"": 1}, {""action"": ""check"", ""amount"": 0, ""seat"": 0}, {""action"": ""check"", ""amount"": 0, ""seat"": 0}, {""action"": ""raise"", ""amount"": 124, ""seat"": 1}, {""action"": ""fold"", ""amount"": 0, ""seat"": 0}]"
overfold_exploiter,2026060726,0,83,deployed_overfold_exploiter_s2026060726_o0_h0083,flop,flop_cbet_or_probe,overfold_exploiter,raise,124,324,7,8,324,-100,100,flop,324,False,Kc 3s Ac,"[{""action"": ""small_blind"", ""amount"": 50, ""seat"": 1}, {""action"": ""big_blind"", ""amount"": 100, ""seat"": 0}, {""action"": ""call"", ""amount"": 50, ""seat"": 1}, {""action"": ""check"", ""amount"": 0, ""seat"": 0}, {""action"": ""check"", ""amount"": 0, ""seat"": 0}, {""action"": ""raise"", ""amount"": 124, ""seat"": 1}, {""action"": ""fold"", ""amount"": 0, ""seat"": 0}]"
overfold_exploiter,2026060726,0,87,deployed_overfold_exploiter_s2026060726_o0_h0087,flop,flop_cbet_or_probe,overfold_exploiter,raise,124,324,7,8,324,-100,100,flop,324,False,Jd 8s 3h,"[{""action"": ""small_blind"", ""amount"": 50, ""seat"": 1}, {""action"": ""big_blind"", ""amount"": 100, ""seat"": 0}, {""action"": ""call"", ""amount"": 50, ""seat"": 1}, {""action"": ""check"", ""amount"": 0, ""seat"": 0}, {""action"": ""check"", ""amount"": 0, ""seat"": 0}, {""action"": ""raise"", ""amount"": 124, ""seat"": 1}, {""action"": ""fold"", ""amount"": 0, ""seat"": 0}]"
overfold_exploiter,2026060726,0,107,deployed_overfold_exploiter_s2026060726_o0_h0107,flop,flop_cbet_or_probe,overfold_exploiter,raise,124,324,7,8,324,-100,100,flop,324,False,5d 2h 2s,"[{""action"": ""small_blind"", ""amount"": 50, ""seat"": 1}, {""action"": ""big_blind"", ""amount"": 100, ""seat"": 0}, {""action"": ""call"", ""amount"": 50, ""seat"": 1}, {""action"": ""check"", ""amount"": 0, ""seat"": 0}, {""action"": ""check"", ""amount"": 0, ""seat"": 0}, {""action"": ""raise"", ""amount"": 124, ""seat"": 1}, {""action"": ""fold"", ""amount"": 0, ""seat"": 0}]"
overfold_exploiter,2026060726,0,111,deployed_overfold_exploiter_s2026060726_o0_h0111,flop,flop_cbet_or_probe,overfold_exploiter,raise,124,324,7,8,324,-100,100,flop,324,False,9d 3c Th,"[{""action"": ""small_blind"", ""amount"": 50, ""seat"": 1}, {""action"": ""big_blind"", ""amount"": 100, ""seat"": 0}, {""action"": ""call"", ""amount"": 50, ""seat"": 1}, {""action"": ""check"", ""amount"": 0, ""seat"": 0}, {""action"": ""check"", ""amount"": 0, ""seat"": 0}, {""action"": ""raise"", ""amount"": 124, ""seat"": 1}, {""action"": ""fold"", ""amount"": 0, ""seat"": 0}]"
overfold_exploiter,2026060726,0,121,deployed_overfold_exploiter_s2026060726_o0_h0121,turn,turn_barrel,overfold_exploiter,raise,322,770,11,12,770,-224,224,turn,770,False,Ts 3c 6h 9h,"[{""action"": ""small_blind"", ""amount"": 50, ""seat"": 1}, {""action"": ""big_blind"", ""amount"": 100, ""seat"": 0}, {""action"": ""call"", ""amount"": 50, ""seat"": 1}, {""action"": ""check"", ""amount"": 0, ""seat"": 0}, {""action"": ""check"", ""amount"": 0, ""seat"": 0}, {""action"": ""raise"", ""amount"": 124, ""seat"": 1}, {""action"": ""call"", ""amount"": 124, ""seat"": 0}, {""action"": ""check"", ""amount"": 0, ""seat"": 0}, {""action"": ""raise"", ""amount"": 322, ""seat"": 1}, {""action"": ""fold"", ""amount"": 0, ""seat"": 0}]"
overfold_exploiter,2026060726,0,125,deployed_overfold_exploiter_s2026060726_o0_h0125,flop,flop_cbet_or_probe,overfold_exploiter,raise,124,324,7,8,324,-100,100,flop,324,False,4h Js 4d,"[{""action"": ""small_blind"", ""amount"": 50, ""seat"": 1}, {""action"": ""big_blind"", ""amount"": 100, ""seat"": 0}, {""action"": ""call"", ""amount"": 50, ""seat"": 1}, {""action"": ""check"", ""amount"": 0, ""seat"": 0}, {""action"": ""check"", ""amount"": 0, ""seat"": 0}, {""action"": ""raise"", ""amount"": 124, ""seat"": 1}, {""action"": ""fold"", ""amount"": 0, ""seat"": 0}]"
overfold_exploiter,2026060726,0,129,deployed_overfold_exploiter_s2026060726_o0_h0129,flop,flop_cbet_or_probe,overfold_exploiter,raise,124,324,7,8,324,-100,100,flop,324,False,Ks Jd 7s,"[{""action"": ""small_blind"", ""amount"": 50, ""seat"": 1}, {""action"": ""big_blind"", ""amount"": 100, ""seat"": 0}, {""action"": ""call"", ""amount"": 50, ""seat"": 1}, {""action"": ""check"", ""amount"": 0, ""seat"": 0}, {""action"": ""check"", ""amount"": 0, ""seat"": 0}, {""action"": ""raise"", ""amount"": 124, ""seat"": 1}, {""action"": ""fold"", ""amount"": 0, ""seat"": 0}]"
overfold_exploiter,2026060726,0,131,deployed_overfold_exploiter_s2026060726_o0_h0131,flop,flop_cbet_or_probe,overfold_exploiter,raise,124,324,7,8,324,-100,100,flop,324,False,Kd 7s Ks,"[{""action"": ""small_blind"", ""amount"": 50, ""seat"": 1}, {""action"": ""big_blind"", ""amount"": 100, ""seat"": 0}, {""action"": ""call"", ""amount"": 50, ""seat"": 1}, {""action"": ""check"", ""amount"": 0, ""seat"": 0}, {""action"": ""check"", ""amount"": 0, ""seat"": 0}, {""action"": ""raise"", ""amount"": 124, ""seat"": 1}, {""action"": ""fold"", ""amount"": 0, ""seat"": 0}]"
overfold_exploiter,2026060726,0,167,deployed_overfold_exploiter_s2026060726_o0_h0167,flop,flop_cbet_or_probe,overfold_exploiter,raise,124,324,7,8,324,-100,100,flop,324,False,6d 9s Jh,"[{""action"": ""small_blind"", ""amount"": 50, ""seat"": 1}, {""action"": ""big_blind"", ""amount"": 100, ""seat"": 0}, {""action"": ""call"", ""amount"": 50, ""seat"": 1}, {""action"": ""check"", ""amount"": 0, ""seat"": 0}, {""action"": ""check"", ""amount"": 0, ""seat"": 0}, {""action"": ""raise"", ""amount"": 124, ""seat"": 1}, {""action"": ""fold"", ""amount"": 0, ""seat"": 0}]"
overfold_exploiter,2026060726,0,169,deployed_overfold_exploiter_s2026060726_o0_h0169,flop,flop_cbet_or_probe,overfold_exploiter,raise,124,324,7,8,324,-100,100,flop,324,False,4h 8c Ah,"[{""action"": ""small_blind"", ""amount"": 50, ""seat"": 1}, {""action"": ""big_blind"", ""amount"": 100, ""seat"": 0}, {""action"": ""call"", ""amount"": 50, ""seat"": 1}, {""action"": ""check"", ""amount"": 0, ""seat"": 0}, {""action"": ""check"", ""amount"": 0, ""seat"": 0}, {""action"": ""raise"", ""amount"": 124, ""seat"": 1}, {""action"": ""fold"", ""amount"": 0, ""seat"": 0}]"
overfold_exploiter,2026060726,0,171,deployed_overfold_exploiter_s2026060726_o0_h0171,flop,flop_cbet_or_probe,overfold_exploiter,raise,124,324,7,8,324,-100,100,flop,324,False,Ks 9s Jc,"[{""action"": ""small_blind"", ""amount"": 50, ""seat"": 1}, {""action"": ""big_blind"", ""amount"": 100, ""seat"": 0}, {""action"": ""call"", ""amount"": 50, ""seat"": 1}, {""action"": ""check"", ""amount"": 0, ""seat"": 0}, {""action"": ""check"", ""amount"": 0, ""seat"": 0}, {""action"": ""raise"", ""amount"": 124, ""seat"": 1}, {""action"": ""fold"", ""amount"": 0, ""seat"": 0}]"
overfold_exploiter,2026060726,0,175,deployed_overfold_exploiter_s2026060726_o0_h0175,flop,flop_cbet_or_probe,overfold_exploiter,raise,620,1620,8,9,1620,-500,500,flop,1620,False,3s 8d 8s,"[{""action"": ""small_blind"", ""amount"": 50, ""seat"": 1}, {""action"": ""big_blind"", ""amount"": 100, ""seat"": 0}, {""action"": ""call"", ""amount"": 50, ""seat"": 1}, {""action"": ""raise"", ""amount"": 500, ""seat"": 0}, {""action"": ""call"", ""amount"": 400, ""seat"": 1}, {""action"": ""check"", ""amount"": 0, ""seat"": 0}, {""action"": ""raise"", ""amount"": 620, ""seat"": 1}, {""action"": ""fold"", ""amount"": 0, ""seat"": 0}]"
overfold_exploiter,2026060726,0,191,deployed_overfold_exploiter_s2026060726_o0_h0191,flop,flop_cbet_or_probe,overfold_exploiter,raise,124,324,7,8,324,-100,100,flop,324,False,Jd Qc 4h,"[{""action"": ""small_blind"", ""amount"": 50, ""seat"": 1}, {""action"": ""big_blind"", ""amount"": 100, ""seat"": 0}, {""action"": ""call"", ""amount"": 50, ""seat"": 1}, {""action"": ""check"", ""amount"": 0, ""seat"": 0}, {""action"": ""check"", ""amount"": 0, ""seat"": 0}, {""action"": ""raise"", ""amount"": 124, ""seat"": 1}, {""action"": ""fold"", ""amount"": 0, ""seat"": 0}]"
overfold_exploiter,2026060726,0,193,deployed_overfold_exploiter_s2026060726_o0_h0193,turn,turn_barrel,overfold_exploiter,raise,322,770,11,12,770,-224,224,turn,770,False,Qd 8c 9d Kd,"[{""action"": ""small_blind"", ""amount"": 50, ""seat"": 1}, {""action"": ""big_blind"", ""amount"": 100, ""seat"": 0}, {""action"": ""call"", ""amount"": 50, ""seat"": 1}, {""action"": ""check"", ""amount"": 0, ""seat"": 0}, {""action"": ""check"", ""amount"": 0, ""seat"": 0}, {""action"": ""raise"", ""amount"": 124, ""seat"": 1}, {""action"": ""call"", ""amount"": 124, ""seat"": 0}, {""action"": ""check"", ""amount"": 0, ""seat"": 0}, {""action"": ""raise"", ""amount"": 322, ""seat"": 1}, {""action"": ""fold"", ""amount"": 0, ""seat"": 0}]"
overfold_exploiter,2026060726,0,195,deployed_overfold_exploiter_s2026060726_o0_h0195,flop,flop_cbet_or_probe,overfold_exploiter,raise,124,324,7,8,324,-100,100,flop,324,False,Kh 4d 5h,"[{""action"": ""small_blind"", ""amount"": 50, ""seat"": 1}, {""action"": ""big_blind"", ""amount"": 100, ""seat"": 0}, {""action"": ""call"", ""amount"": 50, ""seat"": 1}, {""action"": ""check"", ""amount"": 0, ""seat"": 0}, {""action"": ""check"", ""amount"": 0, ""seat"": 0}, {""action"": ""raise"", ""amount"": 124, ""seat"": 1}, {""action"": ""fold"", ""amount"": 0, ""seat"": 0}]"
overfold_exploiter,2026060726,0,199,deployed_overfold_exploiter_s2026060726_o0_h0199,flop,flop_cbet_or_probe,overfold_exploiter,raise,124,324,7,8,324,-100,100,flop,324,False,5c Ac Qs,"[{""action"": ""small_blind"", ""amount"": 50, ""seat"": 1}, {""action"": ""big_blind"", ""amount"": 100, ""seat"": 0}, {""action"": ""call"", ""amount"": 50, ""seat"": 1}, {""action"": ""check"", ""amount"": 0, ""seat"": 0}, {""action"": ""check"", ""amount"": 0, ""seat"": 0}, {""action"": ""raise"", ""amount"": 124, ""seat"": 1}, {""action"": ""fold"", ""amount"": 0, ""seat"": 0}]"
overfold_exploiter,2026060726,1,0,deployed_overfold_exploiter_s2026060726_o1_h0000,flop,flop_cbet_or_probe,overfold_exploiter,raise,124,324,7,8,324,-100,100,flop,324,False,Ts 4d 4s,"[{""action"": ""small_blind"", ""amount"": 50, ""seat"": 0}, {""action"": ""big_blind"", ""amount"": 100, ""seat"": 1}, {""action"": ""call"", ""amount"": 50, ""seat"": 0}, {""action"": ""check"", ""amount"": 0, ""seat"": 1}, {""action"": ""check"", ""amount"": 0, ""seat"": 1}, {""action"": ""raise"", ""amount"": 124, ""seat"": 0}, {""action"": ""fold"", ""amount"": 0, ""seat"": 1}]"
overfold_exploiter,2026060726,1,4,deployed_overfold_exploiter_s2026060726_o1_h0004,flop,flop_cbet_or_probe,overfold_exploiter,raise,124,324,7,8,324,-100,100,flop,324,False,5h 4c Ts,"[{""action"": ""small_blind"", ""amount"": 50, ""seat"": 0}, {""action"": ""big_blind"", ""amount"": 100, ""seat"": 1}, {""action"": ""call"", ""amount"": 50, ""seat"": 0}, {""action"": ""check"", ""amount"": 0, ""seat"": 1}, {""action"": ""check"", ""amount"": 0, ""seat"": 1}, {""action"": ""raise"", ""amount"": 124, ""seat"": 0}, {""action"": ""fold"", ""amount"": 0, ""seat"": 1}]"
overfold_exploiter,2026060726,1,8,deployed_overfold_exploiter_s2026060726_o1_h0008,flop,flop_cbet_or_probe,overfold_exploiter,raise,124,324,7,8,324,-100,100,flop,324,False,6d 6h 3h,"[{""action"": ""small_blind"", ""amount"": 50, ""seat"": 0}, {""action"": ""big_blind"", ""amount"": 100, ""seat"": 1}, {""action"": ""call"", ""amount"": 50, ""seat"": 0}, {""action"": ""check"", ""amount"": 0, ""seat"": 1}, {""action"": ""check"", ""amount"": 0, ""seat"": 1}, {""action"": ""raise"", ""amount"": 124, ""seat"": 0}, {""action"": ""fold"", ""amount"": 0, ""seat"": 1}]"
overfold_exploiter,2026060726,1,16,deployed_overfold_exploiter_s2026060726_o1_h0016,flop,flop_cbet_or_probe,overfold_exploiter,raise,124,324,7,8,324,-100,100,flop,324,False,5c Jd 2d,"[{""action"": ""small_blind"", ""amount"": 50, ""seat"": 0}, {""action"": ""big_blind"", ""amount"": 100, ""seat"": 1}, {""action"": ""call"", ""amount"": 50, ""seat"": 0}, {""action"": ""check"", ""amount"": 0, ""seat"": 1}, {""action"": ""check"", ""amount"": 0, ""seat"": 1}, {""action"": ""raise"", ""amount"": 124, ""seat"": 0}, {""action"": ""fold"", ""amount"": 0, ""seat"": 1}]"
overfold_exploiter,2026060726,1,28,deployed_overfold_exploiter_s2026060726_o1_h0028,flop,flop_cbet_or_probe,overfold_exploiter,raise,124,324,7,8,324,-100,100,flop,324,False,8h Qd 6d,"[{""action"": ""small_blind"", ""amount"": 50, ""seat"": 0}, {""action"": ""big_blind"", ""amount"": 100, ""seat"": 1}, {""action"": ""call"", ""amount"": 50, ""seat"": 0}, {""action"": ""check"", ""amount"": 0, ""seat"": 1}, {""action"": ""check"", ""amount"": 0, ""seat"": 1}, {""action"": ""raise"", ""amount"": 124, ""seat"": 0}, {""action"": ""fold"", ""amount"": 0, ""seat"": 1}]"
overfold_exploiter,2026060726,1,38,deployed_overfold_exploiter_s2026060726_o1_h0038,flop,flop_cbet_or_probe,overfold_exploiter,raise,124,324,7,8,324,-100,100,flop,324,False,8c 7d 7s,"[{""action"": ""small_blind"", ""amount"": 50, ""seat"": 0}, {""action"": ""big_blind"", ""amount"": 100, ""seat"": 1}, {""action"": ""call"", ""amount"": 50, ""seat"": 0}, {""action"": ""check"", ""amount"": 0, ""seat"": 1}, {""action"": ""check"", ""amount"": 0, ""seat"": 1}, {""action"": ""raise"", ""amount"": 124, ""seat"": 0}, {""action"": ""fold"", ""amount"": 0, ""seat"": 1}]"
overfold_exploiter,2026060726,1,41,deployed_overfold_exploiter_s2026060726_o1_h0041,flop,flop_cbet_or_probe,overfold_exploiter,raise,310,810,6,7,810,-250,250,flop,810,False,Tc Qd Qs,"[{""action"": ""small_blind"", ""amount"": 50, ""seat"": 1}, {""action"": ""big_blind"", ""amount"": 100, ""seat"": 0}, {""action"": ""raise"", ""amount"": 250, ""seat"": 1}, {""action"": ""call"", ""amount"": 150, ""seat"": 0}, {""action"": ""raise"", ""amount"": 310, ""seat"": 0}, {""action"": ""fold"", ""amount"": 0, ""seat"": 1}]"
overfold_exploiter,2026060726,1,42,deployed_overfold_exploiter_s2026060726_o1_h0042,turn,turn_barrel,overfold_exploiter,raise,322,770,11,12,770,-224,224,turn,770,False,8d Ah 7h 7d,"[{""action"": ""small_blind"", ""amount"": 50, ""seat"": 0}, {""action"": ""big_blind"", ""amount"": 100, ""seat"": 1}, {""action"": ""call"", ""amount"": 50, ""seat"": 0}, {""action"": ""check"", ""amount"": 0, ""seat"": 1}, {""action"": ""check"", ""amount"": 0, ""seat"": 1}, {""action"": ""raise"", ""amount"": 124, ""seat"": 0}, {""action"": ""call"", ""amount"": 124, ""seat"": 1}, {""action"": ""check"", ""amount"": 0, ""seat"": 1}, {""action"": ""raise"", ""amount"": 322, ""seat"": 0}, {""action"": ""fold"", ""amount"": 0, ""seat"": 1}]"
overfold_exploiter,2026060726,1,64,deployed_overfold_exploiter_s2026060726_o1_h0064,flop,flop_cbet_or_probe,overfold_exploiter,raise,124,324,7,8,324,-100,100,flop,324,False,Js Ac Jh,"[{""action"": ""small_blind"", ""amount"": 50, ""seat"": 0}, {""action"": ""big_blind"", ""amount"": 100, ""seat"": 1}, {""action"": ""call"", ""amount"": 50, ""seat"": 0}, {""action"": ""check"", ""amount"": 0, ""seat"": 1}, {""action"": ""check"", ""amount"": 0, ""seat"": 1}, {""action"": ""raise"", ""amount"": 124, ""seat"": 0}, {""action"": ""fold"", ""amount"": 0, ""seat"": 1}]"
overfold_exploiter,2026060726,1,78,deployed_overfold_exploiter_s2026060726_o1_h0078,flop,flop_cbet_or_probe,overfold_exploiter,raise,124,324,7,8,324,-100,100,flop,324,False,7s 5c 2c,"[{""action"": ""small_blind"", ""amount"": 50, ""seat"": 0}, {""action"": ""big_blind"", ""amount"": 100, ""seat"": 1}, {""action"": ""call"", ""amount"": 50, ""seat"": 0}, {""action"": ""check"", ""amount"": 0, ""seat"": 1}, {""action"": ""check"", ""amount"": 0, ""seat"": 1}, {""action"": ""raise"", ""amount"": 124, ""seat"": 0}, {""action"": ""fold"", ""amount"": 0, ""seat"": 1}]"
overfold_exploiter,2026060726,1,84,deployed_overfold_exploiter_s2026060726_o1_h0084,flop,flop_cbet_or_probe,overfold_exploiter,raise,124,324,7,8,324,-100,100,flop,324,False,Qh 4h Jh,"[{""action"": ""small_blind"", ""amount"": 50, ""seat"": 0}, {""action"": ""big_blind"", ""amount"": 100, ""seat"": 1}, {""action"": ""call"", ""amount"": 50, ""seat"": 0}, {""action"": ""check"", ""amount"": 0, ""seat"": 1}, {""action"": ""check"", ""amount"": 0, ""seat"": 1}, {""action"": ""raise"", ""amount"": 124, ""seat"": 0}, {""action"": ""fold"", ""amount"": 0, ""seat"": 1}]"
overfold_exploiter,2026060726,1,94,deployed_overfold_exploiter_s2026060726_o1_h0094,flop,flop_cbet_or_probe,overfold_exploiter,raise,124,324,7,8,324,-100,100,flop,324,False,Tc 8s 9h,"[{""action"": ""small_blind"", ""amount"": 50, ""seat"": 0}, {""action"": ""big_blind"", ""amount"": 100, ""seat"": 1}, {""action"": ""call"", ""amount"": 50, ""seat"": 0}, {""action"": ""check"", ""amount"": 0, ""seat"": 1}, {""action"": ""check"", ""amount"": 0, ""seat"": 1}, {""action"": ""raise"", ""amount"": 124, ""seat"": 0}, {""action"": ""fold"", ""amount"": 0, ""seat"": 1}]"
overfold_exploiter,2026060726,1,98,deployed_overfold_exploiter_s2026060726_o1_h0098,flop,flop_cbet_or_probe,overfold_exploiter,raise,124,324,7,8,324,-100,100,flop,324,False,Qd Jd 8h,"[{""action"": ""small_blind"", ""amount"": 50, ""seat"": 0}, {""action"": ""big_blind"", ""amount"": 100, ""seat"": 1}, {""action"": ""call"", ""amount"": 50, ""seat"": 0}, {""action"": ""check"", ""amount"": 0, ""seat"": 1}, {""action"": ""check"", ""amount"": 0, ""seat"": 1}, {""action"": ""raise"", ""amount"": 124, ""seat"": 0}, {""action"": ""fold"", ""amount"": 0, ""seat"": 1}]"
overfold_exploiter,2026060726,1,110,deployed_overfold_exploiter_s2026060726_o1_h0110,flop,flop_cbet_or_probe,overfold_exploiter,raise,124,324,7,8,324,-100,100,flop,324,False,Jc Th 8s,"[{""action"": ""small_blind"", ""amount"": 50, ""seat"": 0}, {""action"": ""big_blind"", ""amount"": 100, ""seat"": 1}, {""action"": ""call"", ""amount"": 50, ""seat"": 0}, {""action"": ""check"", ""amount"": 0, ""seat"": 1}, {""action"": ""check"", ""amount"": 0, ""seat"": 1}, {""action"": ""raise"", ""amount"": 124, ""seat"": 0}, {""action"": ""fold"", ""amount"": 0, ""seat"": 1}]"
overfold_exploiter,2026060726,1,112,deployed_overfold_exploiter_s2026060726_o1_h0112,flop,flop_cbet_or_probe,overfold_exploiter,raise,620,1620,8,9,1620,-500,500,flop,1620,False,3h 5c Tc,"[{""action"": ""small_blind"", ""amount"": 50, ""seat"": 0}, {""action"": ""big_blind"", ""amount"": 100, ""seat"": 1}, {""action"": ""call"", ""amount"": 50, ""seat"": 0}, {""action"": ""raise"", ""amount"": 500, ""seat"": 1}, {""action"": ""call"", ""amount"": 400, ""seat"": 0}, {""action"": ""check"", ""amount"": 0, ""seat"": 1}, {""action"": ""raise"", ""amount"": 620, ""seat"": 0}, {""action"": ""fold"", ""amount"": 0, ""seat"": 1}]"
overfold_exploiter,2026060726,1,120,deployed_overfold_exploiter_s2026060726_o1_h0120,flop,flop_cbet_or_probe,overfold_exploiter,raise,124,324,7,8,324,-100,100,flop,324,False,Qc 2s Td,"[{""action"": ""small_blind"", ""amount"": 50, ""seat"": 0}, {""action"": ""big_blind"", ""amount"": 100, ""seat"": 1}, {""action"": ""call"", ""amount"": 50, ""seat"": 0}, {""action"": ""check"", ""amount"": 0, ""seat"": 1}, {""action"": ""check"", ""amount"": 0, ""seat"": 1}, {""action"": ""raise"", ""amount"": 124, ""seat"": 0}, {""action"": ""fold"", ""amount"": 0, ""seat"": 1}]"
overfold_exploiter,2026060726,1,128,deployed_overfold_exploiter_s2026060726_o1_h0128,flop,flop_cbet_or_probe,overfold_exploiter,raise,124,324,7,8,324,-100,100,flop,324,False,Qc Jc Ks,"[{""action"": ""small_blind"", ""amount"": 50, ""seat"": 0}, {""action"": ""big_blind"", ""amount"": 100, ""seat"": 1}, {""action"": ""call"", ""amount"": 50, ""seat"": 0}, {""action"": ""check"", ""amount"": 0, ""seat"": 1}, {""action"": ""check"", ""amount"": 0, ""seat"": 1}, {""action"": ""raise"", ""amount"": 124, ""seat"": 0}, {""action"": ""fold"", ""amount"": 0, ""seat"": 1}]"
overfold_exploiter,2026060726,1,134,deployed_overfold_exploiter_s2026060726_o1_h0134,turn,turn_barrel,overfold_exploiter,raise,322,770,11,12,770,-224,224,turn,770,False,Kh Tc Js 3s,"[{""action"": ""small_blind"", ""amount"": 50, ""seat"": 0}, {""action"": ""big_blind"", ""amount"": 100, ""seat"": 1}, {""action"": ""call"", ""amount"": 50, ""seat"": 0}, {""action"": ""check"", ""amount"": 0, ""seat"": 1}, {""action"": ""check"", ""amount"": 0, ""seat"": 1}, {""action"": ""raise"", ""amount"": 124, ""seat"": 0}, {""action"": ""call"", ""amount"": 124, ""seat"": 1}, {""action"": ""check"", ""amount"": 0, ""seat"": 1}, {""action"": ""raise"", ""amount"": 322, ""seat"": 0}, {""action"": ""fold"", ""amount"": 0, ""seat"": 1}]"
overfold_exploiter,2026060726,1,158,deployed_overfold_exploiter_s2026060726_o1_h0158,flop,flop_cbet_or_probe,overfold_exploiter,raise,124,324,7,8,324,-100,100,flop,324,False,Ah Ad Kc,"[{""action"": ""small_blind"", ""amount"": 50, ""seat"": 0}, {""action"": ""big_blind"", ""amount"": 100, ""seat"": 1}, {""action"": ""call"", ""amount"": 50, ""seat"": 0}, {""action"": ""check"", ""amount"": 0, ""seat"": 1}, {""action"": ""check"", ""amount"": 0, ""seat"": 1}, {""action"": ""raise"", ""amount"": 124, ""seat"": 0}, {""action"": ""fold"", ""amount"": 0, ""seat"": 1}]"
overfold_exploiter,2026060726,1,160,deployed_overfold_exploiter_s2026060726_o1_h0160,flop,flop_cbet_or_probe,overfold_exploiter,raise,124,324,7,8,324,-100,100,flop,324,False,Ah Td 6d,"[{""action"": ""small_blind"", ""amount"": 50, ""seat"": 0}, {""action"": ""big_blind"", ""amount"": 100, ""seat"": 1}, {""action"": ""call"", ""amount"": 50, ""seat"": 0}, {""action"": ""check"", ""amount"": 0, ""seat"": 1}, {""action"": ""check"", ""amount"": 0, ""seat"": 1}, {""action"": ""raise"", ""amount"": 124, ""seat"": 0}, {""action"": ""fold"", ""amount"": 0, ""seat"": 1}]"
overfold_exploiter,2026060726,1,166,deployed_overfold_exploiter_s2026060726_o1_h0166,flop,flop_cbet_or_probe,overfold_exploiter,raise,124,324,7,8,324,-100,100,flop,324,False,4s 8s Kc,"[{""action"": ""small_blind"", ""amount"": 50, ""seat"": 0}, {""action"": ""big_blind"", ""amount"": 100, ""seat"": 1}, {""action"": ""call"", ""amount"": 50, ""seat"": 0}, {""action"": ""check"", ""amount"": 0, ""seat"": 1}, {""action"": ""check"", ""amount"": 0, ""seat"": 1}, {""action"": ""raise"", ""amount"": 124, ""seat"": 0}, {""action"": ""fold"", ""amount"": 0, ""seat"": 1}]"
overfold_exploiter,2026060726,1,192,deployed_overfold_exploiter_s2026060726_o1_h0192,flop,flop_cbet_or_probe,overfold_exploiter,raise,124,324,7,8,324,-100,100,flop,324,False,Ad 2c Ac,"[{""action"": ""small_blind"", ""amount"": 50, ""seat"": 0}, {""action"": ""big_blind"", ""amount"": 100, ""seat"": 1}, {""action"": ""call"", ""amount"": 50, ""seat"": 0}, {""action"": ""check"", ""amount"": 0, ""seat"": 1}, {""action"": ""check"", ""amount"": 0, ""seat"": 1}, {""action"": ""raise"", ""amount"": 124, ""seat"": 0}, {""action"": ""fold"", ""amount"": 0, ""seat"": 1}]"
overfold_exploiter,2026060726,1,194,deployed_overfold_exploiter_s2026060726_o1_h0194,flop,flop_cbet_or_probe,overfold_exploiter,raise,124,324,7,8,324,-100,100,flop,324,False,5d 7h 6c,"[{""action"": ""small_blind"", ""amount"": 50, ""seat"": 0}, {""action"": ""big_blind"", ""amount"": 100, ""seat"": 1}, {""action"": ""call"", ""amount"": 50, ""seat"": 0}, {""action"": ""check"", ""amount"": 0, ""seat"": 1}, {""action"": ""check"", ""amount"": 0, ""seat"": 1}, {""action"": ""raise"", ""amount"": 124, ""seat"": 0}, {""action"": ""fold"", ""amount"": 0, ""seat"": 1}]"
overfold_exploiter,2026060727,0,1,deployed_overfold_exploiter_s2026060727_o0_h0001,flop,flop_cbet_or_probe,overfold_exploiter,raise,124,324,7,8,324,-100,100,flop,324,False,Ts 7s 8s,"[{""action"": ""small_blind"", ""amount"": 50, ""seat"": 1}, {""action"": ""big_blind"", ""amount"": 100, ""seat"": 0}, {""action"": ""call"", ""amount"": 50, ""seat"": 1}, {""action"": ""check"", ""amount"": 0, ""seat"": 0}, {""action"": ""check"", ""amount"": 0, ""seat"": 0}, {""action"": ""raise"", ""amount"": 124, ""seat"": 1}, {""action"": ""fold"", ""amount"": 0, ""seat"": 0}]"
overfold_exploiter,2026060727,0,3,deployed_overfold_exploiter_s2026060727_o0_h0003,flop,flop_cbet_or_probe,overfold_exploiter,raise,124,324,7,8,324,-100,100,flop,324,False,Qs Kc 7s,"[{""action"": ""small_blind"", ""amount"": 50, ""seat"": 1}, {""action"": ""big_blind"", ""amount"": 100, ""seat"": 0}, {""action"": ""call"", ""amount"": 50, ""seat"": 1}, {""action"": ""check"", ""amount"": 0, ""seat"": 0}, {""action"": ""check"", ""amount"": 0, ""seat"": 0}, {""action"": ""raise"", ""amount"": 124, ""seat"": 1}, {""action"": ""fold"", ""amount"": 0, ""seat"": 0}]"
overfold_exploiter,2026060727,0,5,deployed_overfold_exploiter_s2026060727_o0_h0005,flop,flop_cbet_or_probe,overfold_exploiter,raise,124,324,7,8,324,-100,100,flop,324,False,7c 9d 6h,"[{""action"": ""small_blind"", ""amount"": 50, ""seat"": 1}, {""action"": ""big_blind"", ""amount"": 100, ""seat"": 0}, {""action"": ""call"", ""amount"": 50, ""seat"": 1}, {""action"": ""check"", ""amount"": 0, ""seat"": 0}, {""action"": ""check"", ""amount"": 0, ""seat"": 0}, {""action"": ""raise"", ""amount"": 124, ""seat"": 1}, {""action"": ""fold"", ""amount"": 0, ""seat"": 0}]"
overfold_exploiter,2026060727,0,17,deployed_overfold_exploiter_s2026060727_o0_h0017,turn,turn_probe,overfold_exploiter,raise,144,344,10,11,344,-100,100,turn,344,False,7h Qc Ah 3c,"[{""action"": ""small_blind"", ""amount"": 50, ""seat"": 1}, {""action"": ""big_blind"", ""amount"": 100, ""seat"": 0}, {""action"": ""call"", ""amount"": 50, ""seat"": 1}, {""action"": ""check"", ""amount"": 0, ""seat"": 0}, {""action"": ""check"", ""amount"": 0, ""seat"": 0}, {""action"": ""check"", ""amount"": 0, ""seat"": 1}, {""action"": ""check"", ""amount"": 0, ""seat"": 0}, {""action"": ""raise"", ""amount"": 144, ""seat"": 1}, {""action"": ""fold"", ""amount"": 0, ""seat"": 0}]"
overfold_exploiter,2026060727,0,19,deployed_overfold_exploiter_s2026060727_o0_h0019,flop,flop_cbet_or_probe,overfold_exploiter,raise,124,324,7,8,324,-100,100,flop,324,False,5c 6d 6c,"[{""action"": ""small_blind"", ""amount"": 50, ""seat"": 1}, {""action"": ""big_blind"", ""amount"": 100, ""seat"": 0}, {""action"": ""call"", ""amount"": 50, ""seat"": 1}, {""action"": ""check"", ""amount"": 0, ""seat"": 0}, {""action"": ""check"", ""amount"": 0, ""seat"": 0}, {""action"": ""raise"", ""amount"": 124, ""seat"": 1}, {""action"": ""fold"", ""amount"": 0, ""seat"": 0}]"
overfold_exploiter,2026060727,0,23,deployed_overfold_exploiter_s2026060727_o0_h0023,flop,flop_cbet_or_probe,overfold_exploiter,raise,124,324,7,8,324,-100,100,flop,324,False,2h As 5h,"[{""action"": ""small_blind"", ""amount"": 50, ""seat"": 1}, {""action"": ""big_blind"", ""amount"": 100, ""seat"": 0}, {""action"": ""call"", ""amount"": 50, ""seat"": 1}, {""action"": ""check"", ""amount"": 0, ""seat"": 0}, {""action"": ""check"", ""amount"": 0, ""seat"": 0}, {""action"": ""raise"", ""amount"": 124, ""seat"": 1}, {""action"": ""fold"", ""amount"": 0, ""seat"": 0}]"
overfold_exploiter,2026060727,0,31,deployed_overfold_exploiter_s2026060727_o0_h0031,flop,flop_cbet_or_probe,overfold_exploiter,raise,124,324,7,8,324,-100,100,flop,324,False,Jh 2c 7h,"[{""action"": ""small_blind"", ""amount"": 50, ""seat"": 1}, {""action"": ""big_blind"", ""amount"": 100, ""seat"": 0}, {""action"": ""call"", ""amount"": 50, ""seat"": 1}, {""action"": ""check"", ""amount"": 0, ""seat"": 0}, {""action"": ""check"", ""amount"": 0, ""seat"": 0}, {""action"": ""raise"", ""amount"": 124, ""seat"": 1}, {""action"": ""fold"", ""amount"": 0, ""seat"": 0}]"
overfold_exploiter,2026060727,0,35,deployed_overfold_exploiter_s2026060727_o0_h0035,flop,flop_cbet_or_probe,overfold_exploiter,raise,124,324,7,8,324,-100,100,flop,324,False,9d 7c 3c,"[{""action"": ""small_blind"", ""amount"": 50, ""seat"": 1}, {""action"": ""big_blind"", ""amount"": 100, ""seat"": 0}, {""action"": ""call"", ""amount"": 50, ""seat"": 1}, {""action"": ""check"", ""amount"": 0, ""seat"": 0}, {""action"": ""check"", ""amount"": 0, ""seat"": 0}, {""action"": ""raise"", ""amount"": 124, ""seat"": 1}, {""action"": ""fold"", ""amount"": 0, ""seat"": 0}]"
overfold_exploiter,2026060727,0,41,deployed_overfold_exploiter_s2026060727_o0_h0041,flop,flop_cbet_or_probe,overfold_exploiter,raise,124,324,7,8,324,-100,100,flop,324,False,2h Js As,"[{""action"": ""small_blind"", ""amount"": 50, ""seat"": 1}, {""action"": ""big_blind"", ""amount"": 100, ""seat"": 0}, {""action"": ""call"", ""amount"": 50, ""seat"": 1}, {""action"": ""check"", ""amount"": 0, ""seat"": 0}, {""action"": ""check"", ""amount"": 0, ""seat"": 0}, {""action"": ""raise"", ""amount"": 124, ""seat"": 1}, {""action"": ""fold"", ""amount"": 0, ""seat"": 0}]"
overfold_exploiter,2026060727,0,53,deployed_overfold_exploiter_s2026060727_o0_h0053,flop,flop_cbet_or_probe,overfold_exploiter,raise,124,324,7,8,324,-100,100,flop,324,False,2d 2s Kc,"[{""action"": ""small_blind"", ""amount"": 50, ""seat"": 1}, {""action"": ""big_blind"", ""amount"": 100, ""seat"": 0}, {""action"": ""call"", ""amount"": 50, ""seat"": 1}, {""action"": ""check"", ""amount"": 0, ""seat"": 0}, {""action"": ""check"", ""amount"": 0, ""seat"": 0}, {""action"": ""raise"", ""amount"": 124, ""seat"": 1}, {""action"": ""fold"", ""amount"": 0, ""seat"": 0}]"
overfold_exploiter,2026060727,0,61,deployed_overfold_exploiter_s2026060727_o0_h0061,flop,flop_cbet_or_probe,overfold_exploiter,raise,124,324,7,8,324,-100,100,flop,324,False,9d Qs Js,"[{""action"": ""small_blind"", ""amount"": 50, ""seat"": 1}, {""action"": ""big_blind"", ""amount"": 100, ""seat"": 0}, {""action"": ""call"", ""amount"": 50, ""seat"": 1}, {""action"": ""check"", ""amount"": 0, ""seat"": 0}, {""action"": ""check"", ""amount"": 0, ""seat"": 0}, {""action"": ""raise"", ""amount"": 124, ""seat"": 1}, {""action"": ""fold"", ""amount"": 0, ""seat"": 0}]"
overfold_exploiter,2026060727,0,101,deployed_overfold_exploiter_s2026060727_o0_h0101,flop,flop_cbet_or_probe,overfold_exploiter,raise,124,324,7,8,324,-100,100,flop,324,False,Ts Js As,"[{""action"": ""small_blind"", ""amount"": 50, ""seat"": 1}, {""action"": ""big_blind"", ""amount"": 100, ""seat"": 0}, {""action"": ""call"", ""amount"": 50, ""seat"": 1}, {""action"": ""check"", ""amount"": 0, ""seat"": 0}, {""action"": ""check"", ""amount"": 0, ""seat"": 0}, {""action"": ""raise"", ""amount"": 124, ""seat"": 1}, {""action"": ""fold"", ""amount"": 0, ""seat"": 0}]"
overfold_exploiter,2026060727,0,103,deployed_overfold_exploiter_s2026060727_o0_h0103,flop,flop_cbet_or_probe,overfold_exploiter,raise,124,324,7,8,324,-100,100,flop,324,False,Td Ad Kh,"[{""action"": ""small_blind"", ""amount"": 50, ""seat"": 1}, {""action"": ""big_blind"", ""amount"": 100, ""seat"": 0}, {""action"": ""call"", ""amount"": 50, ""seat"": 1}, {""action"": ""check"", ""amount"": 0, ""seat"": 0}, {""action"": ""check"", ""amount"": 0, ""seat"": 0}, {""action"": ""raise"", ""amount"": 124, ""seat"": 1}, {""action"": ""fold"", ""amount"": 0, ""seat"": 0}]"
overfold_exploiter,2026060727,0,119,deployed_overfold_exploiter_s2026060727_o0_h0119,flop,flop_cbet_or_probe,overfold_exploiter,raise,124,324,7,8,324,-100,100,flop,324,False,4h Jh 7d,"[{""action"": ""small_blind"", ""amount"": 50, ""seat"": 1}, {""action"": ""big_blind"", ""amount"": 100, ""seat"": 0}, {""action"": ""call"", ""amount"": 50, ""seat"": 1}, {""action"": ""check"", ""amount"": 0, ""seat"": 0}, {""action"": ""check"", ""amount"": 0, ""seat"": 0}, {""action"": ""raise"", ""amount"": 124, ""seat"": 1}, {""action"": ""fold"", ""amount"": 0, ""seat"": 0}]"
overfold_exploiter,2026060727,0,123,deployed_overfold_exploiter_s2026060727_o0_h0123,flop,flop_cbet_or_probe,overfold_exploiter,raise,124,324,7,8,324,-100,100,flop,324,False,Kh Ad 8d,"[{""action"": ""small_blind"", ""amount"": 50, ""seat"": 1}, {""action"": ""big_blind"", ""amount"": 100, ""seat"": 0}, {""action"": ""call"", ""amount"": 50, ""seat"": 1}, {""action"": ""check"", ""amount"": 0, ""seat"": 0}, {""action"": ""check"", ""amount"": 0, ""seat"": 0}, {""action"": ""raise"", ""amount"": 124, ""seat"": 1}, {""action"": ""fold"", ""amount"": 0, ""seat"": 0}]"
overfold_exploiter,2026060727,0,125,deployed_overfold_exploiter_s2026060727_o0_h0125,flop,flop_cbet_or_probe,overfold_exploiter,raise,124,324,7,8,324,-100,100,flop,324,False,9c Tc Kc,"[{""action"": ""small_blind"", ""amount"": 50, ""seat"": 1}, {""action"": ""big_blind"", ""amount"": 100, ""seat"": 0}, {""action"": ""call"", ""amount"": 50, ""seat"": 1}, {""action"": ""check"", ""amount"": 0, ""seat"": 0}, {""action"": ""check"", ""amount"": 0, ""seat"": 0}, {""action"": ""raise"", ""amount"": 124, ""seat"": 1}, {""action"": ""fold"", ""amount"": 0, ""seat"": 0}]"
overfold_exploiter,2026060727,0,181,deployed_overfold_exploiter_s2026060727_o0_h0181,flop,flop_cbet_or_probe,overfold_exploiter,raise,124,324,7,8,324,-100,100,flop,324,False,8h Jh 3d,"[{""action"": ""small_blind"", ""amount"": 50, ""seat"": 1}, {""action"": ""big_blind"", ""amount"": 100, ""seat"": 0}, {""action"": ""call"", ""amount"": 50, ""seat"": 1}, {""action"": ""check"", ""amount"": 0, ""seat"": 0}, {""action"": ""check"", ""amount"": 0, ""seat"": 0}, {""action"": ""raise"", ""amount"": 124, ""seat"": 1}, {""action"": ""fold"", ""amount"": 0, ""seat"": 0}]"
overfold_exploiter,2026060727,0,193,deployed_overfold_exploiter_s2026060727_o0_h0193,flop,flop_cbet_or_probe,overfold_exploiter,raise,124,324,7,8,324,-100,100,flop,324,False,6d Td 5s,"[{""action"": ""small_blind"", ""amount"": 50, ""seat"": 1}, {""action"": ""big_blind"", ""amount"": 100, ""seat"": 0}, {""action"": ""call"", ""amount"": 50, ""seat"": 1}, {""action"": ""check"", ""amount"": 0, ""seat"": 0}, {""action"": ""check"", ""amount"": 0, ""seat"": 0}, {""action"": ""raise"", ""amount"": 124, ""seat"": 1}, {""action"": ""fold"", ""amount"": 0, ""seat"": 0}]"
overfold_exploiter,2026060727,1,4,deployed_overfold_exploiter_s2026060727_o1_h0004,flop,flop_cbet_or_probe,overfold_exploiter,raise,124,324,7,8,324,-100,100,flop,324,False,Kd 6d Td,"[{""action"": ""small_blind"", ""amount"": 50, ""seat"": 0}, {""action"": ""big_blind"", ""amount"": 100, ""seat"": 1}, {""action"": ""call"", ""amount"": 50, ""seat"": 0}, {""action"": ""check"", ""amount"": 0, ""seat"": 1}, {""action"": ""check"", ""amount"": 0, ""seat"": 1}, {""action"": ""raise"", ""amount"": 124, ""seat"": 0}, {""action"": ""fold"", ""amount"": 0, ""seat"": 1}]"
overfold_exploiter,2026060727,1,8,deployed_overfold_exploiter_s2026060727_o1_h0008,flop,flop_cbet_or_probe,overfold_exploiter,raise,124,324,7,8,324,-100,100,flop,324,False,5s Jh 6s,"[{""action"": ""small_blind"", ""amount"": 50, ""seat"": 0}, {""action"": ""big_blind"", ""amount"": 100, ""seat"": 1}, {""action"": ""call"", ""amount"": 50, ""seat"": 0}, {""action"": ""check"", ""amount"": 0, ""seat"": 1}, {""action"": ""check"", ""amount"": 0, ""seat"": 1}, {""action"": ""raise"", ""amount"": 124, ""seat"": 0}, {""action"": ""fold"", ""amount"": 0, ""seat"": 1}]"
overfold_exploiter,2026060727,1,10,deployed_overfold_exploiter_s2026060727_o1_h0010,flop,flop_cbet_or_probe,overfold_exploiter,raise,124,324,7,8,324,-100,100,flop,324,False,Qc 4s 8c,"[{""action"": ""small_blind"", ""amount"": 50, ""seat"": 0}, {""action"": ""big_blind"", ""amount"": 100, ""seat"": 1}, {""action"": ""call"", ""amount"": 50, ""seat"": 0}, {""action"": ""check"", ""amount"": 0, ""seat"": 1}, {""action"": ""check"", ""amount"": 0, ""seat"": 1}, {""action"": ""raise"", ""amount"": 124, ""seat"": 0}, {""action"": ""fold"", ""amount"": 0, ""seat"": 1}]"
overfold_exploiter,2026060727,1,26,deployed_overfold_exploiter_s2026060727_o1_h0026,flop,flop_cbet_or_probe,overfold_exploiter,raise,124,324,7,8,324,-100,100,flop,324,False,5c Kc 9h,"[{""action"": ""small_blind"", ""amount"": 50, ""seat"": 0}, {""action"": ""big_blind"", ""amount"": 100, ""seat"": 1}, {""action"": ""call"", ""amount"": 50, ""seat"": 0}, {""action"": ""check"", ""amount"": 0, ""seat"": 1}, {""action"": ""check"", ""amount"": 0, ""seat"": 1}, {""action"": ""raise"", ""amount"": 124, ""seat"": 0}, {""action"": ""fold"", ""amount"": 0, ""seat"": 1}]"
overfold_exploiter,2026060727,1,28,deployed_overfold_exploiter_s2026060727_o1_h0028,flop,flop_cbet_or_probe,overfold_exploiter,raise,124,324,7,8,324,-100,100,flop,324,False,Jh Kc Qc,"[{""action"": ""small_blind"", ""amount"": 50, ""seat"": 0}, {""action"": ""big_blind"", ""amount"": 100, ""seat"": 1}, {""action"": ""call"", ""amount"": 50, ""seat"": 0}, {""action"": ""check"", ""amount"": 0, ""seat"": 1}, {""action"": ""check"", ""amount"": 0, ""seat"": 1}, {""action"": ""raise"", ""amount"": 124, ""seat"": 0}, {""action"": ""fold"", ""amount"": 0, ""seat"": 1}]"
overfold_exploiter,2026060727,1,50,deployed_overfold_exploiter_s2026060727_o1_h0050,flop,flop_cbet_or_probe,overfold_exploiter,raise,124,324,7,8,324,-100,100,flop,324,False,8c 7c Ts,"[{""action"": ""small_blind"", ""amount"": 50, ""seat"": 0}, {""action"": ""big_blind"", ""amount"": 100, ""seat"": 1}, {""action"": ""call"", ""amount"": 50, ""seat"": 0}, {""action"": ""check"", ""amount"": 0, ""seat"": 1}, {""action"": ""check"", ""amount"": 0, ""seat"": 1}, {""action"": ""raise"", ""amount"": 124, ""seat"": 0}, {""action"": ""fold"", ""amount"": 0, ""seat"": 1}]"
overfold_exploiter,2026060727,1,58,deployed_overfold_exploiter_s2026060727_o1_h0058,flop,flop_cbet_or_probe,overfold_exploiter,raise,124,324,7,8,324,-100,100,flop,324,False,Kd 4c 2c,"[{""action"": ""small_blind"", ""amount"": 50, ""seat"": 0}, {""action"": ""big_blind"", ""amount"": 100, ""seat"": 1}, {""action"": ""call"", ""amount"": 50, ""seat"": 0}, {""action"": ""check"", ""amount"": 0, ""seat"": 1}, {""action"": ""check"", ""amount"": 0, ""seat"": 1}, {""action"": ""raise"", ""amount"": 124, ""seat"": 0}, {""action"": ""fold"", ""amount"": 0, ""seat"": 1}]"
overfold_exploiter,2026060727,1,60,deployed_overfold_exploiter_s2026060727_o1_h0060,flop,flop_cbet_or_probe,overfold_exploiter,raise,124,324,7,8,324,-100,100,flop,324,False,6d 8c Tc,"[{""action"": ""small_blind"", ""amount"": 50, ""seat"": 0}, {""action"": ""big_blind"", ""amount"": 100, ""seat"": 1}, {""action"": ""call"", ""amount"": 50, ""seat"": 0}, {""action"": ""check"", ""amount"": 0, ""seat"": 1}, {""action"": ""check"", ""amount"": 0, ""seat"": 1}, {""action"": ""raise"", ""amount"": 124, ""seat"": 0}, {""action"": ""fold"", ""amount"": 0, ""seat"": 1}]"
overfold_exploiter,2026060727,1,66,deployed_overfold_exploiter_s2026060727_o1_h0066,turn,turn_barrel,overfold_exploiter,raise,322,770,11,12,770,-224,224,turn,770,False,2c 5c Qs Jd,"[{""action"": ""small_blind"", ""amount"": 50, ""seat"": 0}, {""action"": ""big_blind"", ""amount"": 100, ""seat"": 1}, {""action"": ""call"", ""amount"": 50, ""seat"": 0}, {""action"": ""check"", ""amount"": 0, ""seat"": 1}, {""action"": ""check"", ""amount"": 0, ""seat"": 1}, {""action"": ""raise"", ""amount"": 124, ""seat"": 0}, {""action"": ""call"", ""amount"": 124, ""seat"": 1}, {""action"": ""check"", ""amount"": 0, ""seat"": 1}, {""action"": ""raise"", ""amount"": 322, ""seat"": 0}, {""action"": ""fold"", ""amount"": 0, ""seat"": 1}]"
overfold_exploiter,2026060727,1,74,deployed_overfold_exploiter_s2026060727_o1_h0074,flop,flop_cbet_or_probe,overfold_exploiter,raise,124,324,7,8,324,-100,100,flop,324,False,3h Js 7s,"[{""action"": ""small_blind"", ""amount"": 50, ""seat"": 0}, {""action"": ""big_blind"", ""amount"": 100, ""seat"": 1}, {""action"": ""call"", ""amount"": 50, ""seat"": 0}, {""action"": ""check"", ""amount"": 0, ""seat"": 1}, {""action"": ""check"", ""amount"": 0, ""seat"": 1}, {""action"": ""raise"", ""amount"": 124, ""seat"": 0}, {""action"": ""fold"", ""amount"": 0, ""seat"": 1}]"
overfold_exploiter,2026060727,1,80,deployed_overfold_exploiter_s2026060727_o1_h0080,flop,flop_cbet_or_probe,overfold_exploiter,raise,124,324,7,8,324,-100,100,flop,324,False,Qd Ac Qh,"[{""action"": ""small_blind"", ""amount"": 50, ""seat"": 0}, {""action"": ""big_blind"", ""amount"": 100, ""seat"": 1}, {""action"": ""call"", ""amount"": 50, ""seat"": 0}, {""action"": ""check"", ""amount"": 0, ""seat"": 1}, {""action"": ""check"", ""amount"": 0, ""seat"": 1}, {""action"": ""raise"", ""amount"": 124, ""seat"": 0}, {""action"": ""fold"", ""amount"": 0, ""seat"": 1}]"
overfold_exploiter,2026060727,1,83,deployed_overfold_exploiter_s2026060727_o1_h0083,flop,flop_cbet_or_probe,overfold_exploiter,raise,310,810,6,7,810,-250,250,flop,810,False,Qd Jh Jd,"[{""action"": ""small_blind"", ""amount"": 50, ""seat"": 1}, {""action"": ""big_blind"", ""amount"": 100, ""seat"": 0}, {""action"": ""raise"", ""amount"": 250, ""seat"": 1}, {""action"": ""call"", ""amount"": 150, ""seat"": 0}, {""action"": ""raise"", ""amount"": 310, ""seat"": 0}, {""action"": ""fold"", ""amount"": 0, ""seat"": 1}]"
overfold_exploiter,2026060727,1,94,deployed_overfold_exploiter_s2026060727_o1_h0094,turn,turn_barrel,overfold_exploiter,raise,322,770,11,12,770,-224,224,turn,770,False,6d Ad 8d Kh,"[{""action"": ""small_blind"", ""amount"": 50, ""seat"": 0}, {""action"": ""big_blind"", ""amount"": 100, ""seat"": 1}, {""action"": ""call"", ""amount"": 50, ""seat"": 0}, {""action"": ""check"", ""amount"": 0, ""seat"": 1}, {""action"": ""check"", ""amount"": 0, ""seat"": 1}, {""action"": ""raise"", ""amount"": 124, ""seat"": 0}, {""action"": ""call"", ""amount"": 124, ""seat"": 1}, {""action"": ""check"", ""amount"": 0, ""seat"": 1}, {""action"": ""raise"", ""amount"": 322, ""seat"": 0}, {""action"": ""fold"", ""amount"": 0, ""seat"": 1}]"
overfold_exploiter,2026060727,1,134,deployed_overfold_exploiter_s2026060727_o1_h0134,flop,flop_cbet_or_probe,overfold_exploiter,raise,124,324,7,8,324,-100,100,flop,324,False,Jc Kd Jd,"[{""action"": ""small_blind"", ""amount"": 50, ""seat"": 0}, {""action"": ""big_blind"", ""amount"": 100, ""seat"": 1}, {""action"": ""call"", ""amount"": 50, ""seat"": 0}, {""action"": ""check"", ""amount"": 0, ""seat"": 1}, {""action"": ""check"", ""amount"": 0, ""seat"": 1}, {""action"": ""raise"", ""amount"": 124, ""seat"": 0}, {""action"": ""fold"", ""amount"": 0, ""seat"": 1}]"
overfold_exploiter,2026060727,1,144,deployed_overfold_exploiter_s2026060727_o1_h0144,flop,flop_cbet_or_probe,overfold_exploiter,raise,124,324,7,8,324,-100,100,flop,324,False,5c Jd 2d,"[{""action"": ""small_blind"", ""amount"": 50, ""seat"": 0}, {""action"": ""big_blind"", ""amount"": 100, ""seat"": 1}, {""action"": ""call"", ""amount"": 50, ""seat"": 0}, {""action"": ""check"", ""amount"": 0, ""seat"": 1}, {""action"": ""check"", ""amount"": 0, ""seat"": 1}, {""action"": ""raise"", ""amount"": 124, ""seat"": 0}, {""action"": ""fold"", ""amount"": 0, ""seat"": 1}]"
overfold_exploiter,2026060727,1,148,deployed_overfold_exploiter_s2026060727_o1_h0148,flop,flop_cbet_or_probe,overfold_exploiter,raise,124,324,7,8,324,-100,100,flop,324,False,4h 4d 3s,"[{""action"": ""small_blind"", ""amount"": 50, ""seat"": 0}, {""action"": ""big_blind"", ""amount"": 100, ""seat"": 1}, {""action"": ""call"", ""amount"": 50, ""seat"": 0}, {""action"": ""check"", ""amount"": 0, ""seat"": 1}, {""action"": ""check"", ""amount"": 0, ""seat"": 1}, {""action"": ""raise"", ""amount"": 124, ""seat"": 0}, {""action"": ""fold"", ""amount"": 0, ""seat"": 1}]"
overfold_exploiter,2026060727,1,166,deployed_overfold_exploiter_s2026060727_o1_h0166,flop,flop_cbet_or_probe,overfold_exploiter,raise,124,324,7,8,324,-100,100,flop,324,False,9h Qd Jc,"[{""action"": ""small_blind"", ""amount"": 50, ""seat"": 0}, {""action"": ""big_blind"", ""amount"": 100, ""seat"": 1}, {""action"": ""call"", ""amount"": 50, ""seat"": 0}, {""action"": ""check"", ""amount"": 0, ""seat"": 1}, {""action"": ""check"", ""amount"": 0, ""seat"": 1}, {""action"": ""raise"", ""amount"": 124, ""seat"": 0}, {""action"": ""fold"", ""amount"": 0, ""seat"": 1}]"
overfold_exploiter,2026060727,1,174,deployed_overfold_exploiter_s2026060727_o1_h0174,flop,flop_cbet_or_probe,overfold_exploiter,raise,124,324,7,8,324,-100,100,flop,324,False,Jc 3d 5d,"[{""action"": ""small_blind"", ""amount"": 50, ""seat"": 0}, {""action"": ""big_blind"", ""amount"": 100, ""seat"": 1}, {""action"": ""call"", ""amount"": 50, ""seat"": 0}, {""action"": ""check"", ""amount"": 0, ""seat"": 1}, {""action"": ""check"", ""amount"": 0, ""seat"": 1}, {""action"": ""raise"", ""amount"": 124, ""seat"": 0}, {""action"": ""fold"", ""amount"": 0, ""seat"": 1}]"
overfold_exploiter,2026060727,1,175,deployed_overfold_exploiter_s2026060727_o1_h0175,flop,flop_cbet_or_probe,overfold_exploiter,raise,310,810,6,7,810,-250,250,flop,810,False,2c Kd 4h,"[{""action"": ""small_blind"", ""amount"": 50, ""seat"": 1}, {""action"": ""big_blind"", ""amount"": 100, ""seat"": 0}, {""action"": ""raise"", ""amount"": 250, ""seat"": 1}, {""action"": ""call"", ""amount"": 150, ""seat"": 0}, {""action"": ""raise"", ""amount"": 310, ""seat"": 0}, {""action"": ""fold"", ""amount"": 0, ""seat"": 1}]"
overfold_exploiter,2026060727,1,184,deployed_overfold_exploiter_s2026060727_o1_h0184,flop,flop_cbet_or_probe,overfold_exploiter,raise,124,324,7,8,324,-100,100,flop,324,False,7d Ks 5h,"[{""action"": ""small_blind"", ""amount"": 50, ""seat"": 0}, {""action"": ""big_blind"", ""amount"": 100, ""seat"": 1}, {""action"": ""call"", ""amount"": 50, ""seat"": 0}, {""action"": ""check"", ""amount"": 0, ""seat"": 1}, {""action"": ""check"", ""amount"": 0, ""seat"": 1}, {""action"": ""raise"", ""amount"": 124, ""seat"": 0}, {""action"": ""fold"", ""amount"": 0, ""seat"": 1}]"
overfold_exploiter,2026060727,1,196,deployed_overfold_exploiter_s2026060727_o1_h0196,flop,flop_cbet_or_probe,overfold_exploiter,raise,124,324,7,8,324,-100,100,flop,324,False,7c 5c 4h,"[{""action"": ""small_blind"", ""amount"": 50, ""seat"": 0}, {""action"": ""big_blind"", ""amount"": 100, ""seat"": 1}, {""action"": ""call"", ""amount"": 50, ""seat"": 0}, {""action"": ""check"", ""amount"": 0, ""seat"": 1}, {""action"": ""check"", ""amount"": 0, ""seat"": 1}, {""action"": ""raise"", ""amount"": 124, ""seat"": 0}, {""action"": ""fold"", ""amount"": 0, ""seat"": 1}]"
overfold_exploiter,2026060728,0,9,deployed_overfold_exploiter_s2026060728_o0_h0009,flop,flop_cbet_or_probe,overfold_exploiter,raise,124,324,7,8,324,-100,100,flop,324,False,5h 3s Jh,"[{""action"": ""small_blind"", ""amount"": 50, ""seat"": 1}, {""action"": ""big_blind"", ""amount"": 100, ""seat"": 0}, {""action"": ""call"", ""amount"": 50, ""seat"": 1}, {""action"": ""check"", ""amount"": 0, ""seat"": 0}, {""action"": ""check"", ""amount"": 0, ""seat"": 0}, {""action"": ""raise"", ""amount"": 124, ""seat"": 1}, {""action"": ""fold"", ""amount"": 0, ""seat"": 0}]"
overfold_exploiter,2026060728,0,11,deployed_overfold_exploiter_s2026060728_o0_h0011,flop,flop_cbet_or_probe,overfold_exploiter,raise,124,324,7,8,324,-100,100,flop,324,False,Qc 8h 5c,"[{""action"": ""small_blind"", ""amount"": 50, ""seat"": 1}, {""action"": ""big_blind"", ""amount"": 100, ""seat"": 0}, {""action"": ""call"", ""amount"": 50, ""seat"": 1}, {""action"": ""check"", ""amount"": 0, ""seat"": 0}, {""action"": ""check"", ""amount"": 0, ""seat"": 0}, {""action"": ""raise"", ""amount"": 124, ""seat"": 1}, {""action"": ""fold"", ""amount"": 0, ""seat"": 0}]"
overfold_exploiter,2026060728,0,17,deployed_overfold_exploiter_s2026060728_o0_h0017,flop,flop_cbet_or_probe,overfold_exploiter,raise,124,324,7,8,324,-100,100,flop,324,False,Jh 6d 3c,"[{""action"": ""small_blind"", ""amount"": 50, ""seat"": 1}, {""action"": ""big_blind"", ""amount"": 100, ""seat"": 0}, {""action"": ""call"", ""amount"": 50, ""seat"": 1}, {""action"": ""check"", ""amount"": 0, ""seat"": 0}, {""action"": ""check"", ""amount"": 0, ""seat"": 0}, {""action"": ""raise"", ""amount"": 124, ""seat"": 1}, {""action"": ""fold"", ""amount"": 0, ""seat"": 0}]"
overfold_exploiter,2026060728,0,37,deployed_overfold_exploiter_s2026060728_o0_h0037,flop,flop_cbet_or_probe,overfold_exploiter,raise,124,324,7,8,324,-100,100,flop,324,False,Ks Js 2c,"[{""action"": ""small_blind"", ""amount"": 50, ""seat"": 1}, {""action"": ""big_blind"", ""amount"": 100, ""seat"": 0}, {""action"": ""call"", ""amount"": 50, ""seat"": 1}, {""action"": ""check"", ""amount"": 0, ""seat"": 0}, {""action"": ""check"", ""amount"": 0, ""seat"": 0}, {""action"": ""raise"", ""amount"": 124, ""seat"": 1}, {""action"": ""fold"", ""amount"": 0, ""seat"": 0}]"
overfold_exploiter,2026060728,0,51,deployed_overfold_exploiter_s2026060728_o0_h0051,flop,flop_cbet_or_probe,overfold_exploiter,raise,124,324,7,8,324,-100,100,flop,324,False,2c 6c Qc,"[{""action"": ""small_blind"", ""amount"": 50, ""seat"": 1}, {""action"": ""big_blind"", ""amount"": 100, ""seat"": 0}, {""action"": ""call"", ""amount"": 50, ""seat"": 1}, {""action"": ""check"", ""amount"": 0, ""seat"": 0}, {""action"": ""check"", ""amount"": 0, ""seat"": 0}, {""action"": ""raise"", ""amount"": 124, ""seat"": 1}, {""action"": ""fold"", ""amount"": 0, ""seat"": 0}]"
overfold_exploiter,2026060728,0,65,deployed_overfold_exploiter_s2026060728_o0_h0065,flop,flop_cbet_or_probe,overfold_exploiter,raise,124,324,7,8,324,-100,100,flop,324,False,Qd 9h 2h,"[{""action"": ""small_blind"", ""amount"": 50, ""seat"": 1}, {""action"": ""big_blind"", ""amount"": 100, ""seat"": 0}, {""action"": ""call"", ""amount"": 50, ""seat"": 1}, {""action"": ""check"", ""amount"": 0, ""seat"": 0}, {""action"": ""check"", ""amount"": 0, ""seat"": 0}, {""action"": ""raise"", ""amount"": 124, ""seat"": 1}, {""action"": ""fold"", ""amount"": 0, ""seat"": 0}]"
overfold_exploiter,2026060728,0,77,deployed_overfold_exploiter_s2026060728_o0_h0077,flop,flop_cbet_or_probe,overfold_exploiter,raise,124,324,7,8,324,-100,100,flop,324,False,5h Kh 4c,"[{""action"": ""small_blind"", ""amount"": 50, ""seat"": 1}, {""action"": ""big_blind"", ""amount"": 100, ""seat"": 0}, {""action"": ""call"", ""amount"": 50, ""seat"": 1}, {""action"": ""check"", ""amount"": 0, ""seat"": 0}, {""action"": ""check"", ""amount"": 0, ""seat"": 0}, {""action"": ""raise"", ""amount"": 124, ""seat"": 1}, {""action"": ""fold"", ""amount"": 0, ""seat"": 0}]"
overfold_exploiter,2026060728,0,87,deployed_overfold_exploiter_s2026060728_o0_h0087,flop,flop_cbet_or_probe,overfold_exploiter,raise,124,324,7,8,324,-100,100,flop,324,False,5h 2d Qh,"[{""action"": ""small_blind"", ""amount"": 50, ""seat"": 1}, {""action"": ""big_blind"", ""amount"": 100, ""seat"": 0}, {""action"": ""call"", ""amount"": 50, ""seat"": 1}, {""action"": ""check"", ""amount"": 0, ""seat"": 0}, {""action"": ""check"", ""amount"": 0, ""seat"": 0}, {""action"": ""raise"", ""amount"": 124, ""seat"": 1}, {""action"": ""fold"", ""amount"": 0, ""seat"": 0}]"
overfold_exploiter,2026060728,0,93,deployed_overfold_exploiter_s2026060728_o0_h0093,flop,flop_cbet_or_probe,overfold_exploiter,raise,124,324,7,8,324,-100,100,flop,324,False,3h Jd 2c,"[{""action"": ""small_blind"", ""amount"": 50, ""seat"": 1}, {""action"": ""big_blind"", ""amount"": 100, ""seat"": 0}, {""action"": ""call"", ""amount"": 50, ""seat"": 1}, {""action"": ""check"", ""amount"": 0, ""seat"": 0}, {""action"": ""check"", ""amount"": 0, ""seat"": 0}, {""action"": ""raise"", ""amount"": 124, ""seat"": 1}, {""action"": ""fold"", ""amount"": 0, ""seat"": 0}]"
overfold_exploiter,2026060728,0,99,deployed_overfold_exploiter_s2026060728_o0_h0099,flop,flop_cbet_or_probe,overfold_exploiter,raise,124,324,7,8,324,-100,100,flop,324,False,7h 4s 7d,"[{""action"": ""small_blind"", ""amount"": 50, ""seat"": 1}, {""action"": ""big_blind"", ""amount"": 100, ""seat"": 0}, {""action"": ""call"", ""amount"": 50, ""seat"": 1}, {""action"": ""check"", ""amount"": 0, ""seat"": 0}, {""action"": ""check"", ""amount"": 0, ""seat"": 0}, {""action"": ""raise"", ""amount"": 124, ""seat"": 1}, {""action"": ""fold"", ""amount"": 0, ""seat"": 0}]"
overfold_exploiter,2026060728,0,103,deployed_overfold_exploiter_s2026060728_o0_h0103,flop,flop_cbet_or_probe,overfold_exploiter,raise,2059,5381,9,10,5381,-1661,1661,flop,5381,False,2d 9d 4d,"[{""action"": ""small_blind"", ""amount"": 50, ""seat"": 1}, {""action"": ""big_blind"", ""amount"": 100, ""seat"": 0}, {""action"": ""raise"", ""amount"": 227, ""seat"": 1}, {""action"": ""raise"", ""amount"": 794, ""seat"": 0}, {""action"": ""raise"", ""amount"": 1661, ""seat"": 1}, {""action"": ""call"", ""amount"": 867, ""seat"": 0}, {""action"": ""check"", ""amount"": 0, ""seat"": 0}, {""action"": ""raise"", ""amount"": 2059, ""seat"": 1}, {""action"": ""fold"", ""amount"": 0, ""seat"": 0}]"
overfold_exploiter,2026060728,0,121,deployed_overfold_exploiter_s2026060728_o0_h0121,flop,flop_cbet_or_probe,overfold_exploiter,raise,124,324,7,8,324,-100,100,flop,324,False,7c 2h Kd,"[{""action"": ""small_blind"", ""amount"": 50, ""seat"": 1}, {""action"": ""big_blind"", ""amount"": 100, ""seat"": 0}, {""action"": ""call"", ""amount"": 50, ""seat"": 1}, {""action"": ""check"", ""amount"": 0, ""seat"": 0}, {""action"": ""check"", ""amount"": 0, ""seat"": 0}, {""action"": ""raise"", ""amount"": 124, ""seat"": 1}, {""action"": ""fold"", ""amount"": 0, ""seat"": 0}]"
overfold_exploiter,2026060728,0,123,deployed_overfold_exploiter_s2026060728_o0_h0123,flop,flop_cbet_or_probe,overfold_exploiter,raise,124,324,7,8,324,-100,100,flop,324,False,2c 7c 5c,"[{""action"": ""small_blind"", ""amount"": 50, ""seat"": 1}, {""action"": ""big_blind"", ""amount"": 100, ""seat"": 0}, {""action"": ""call"", ""amount"": 50, ""seat"": 1}, {""action"": ""check"", ""amount"": 0, ""seat"": 0}, {""action"": ""check"", ""amount"": 0, ""seat"": 0}, {""action"": ""raise"", ""amount"": 124, ""seat"": 1}, {""action"": ""fold"", ""amount"": 0, ""seat"": 0}]"
overfold_exploiter,2026060728,0,139,deployed_overfold_exploiter_s2026060728_o0_h0139,flop,flop_cbet_or_probe,overfold_exploiter,raise,124,324,7,8,324,-100,100,flop,324,False,Jh Td 6d,"[{""action"": ""small_blind"", ""amount"": 50, ""seat"": 1}, {""action"": ""big_blind"", ""amount"": 100, ""seat"": 0}, {""action"": ""call"", ""amount"": 50, ""seat"": 1}, {""action"": ""check"", ""amount"": 0, ""seat"": 0}, {""action"": ""check"", ""amount"": 0, ""seat"": 0}, {""action"": ""raise"", ""amount"": 124, ""seat"": 1}, {""action"": ""fold"", ""amount"": 0, ""seat"": 0}]"
overfold_exploiter,2026060728,0,143,deployed_overfold_exploiter_s2026060728_o0_h0143,turn,turn_probe,overfold_exploiter,raise,144,344,10,11,344,-100,100,turn,344,False,Ah 4c Tc Ts,"[{""action"": ""small_blind"", ""amount"": 50, ""seat"": 1}, {""action"": ""big_blind"", ""amount"": 100, ""seat"": 0}, {""action"": ""call"", ""amount"": 50, ""seat"": 1}, {""action"": ""check"", ""amount"": 0, ""seat"": 0}, {""action"": ""check"", ""amount"": 0, ""seat"": 0}, {""action"": ""check"", ""amount"": 0, ""seat"": 1}, {""action"": ""check"", ""amount"": 0, ""seat"": 0}, {""action"": ""raise"", ""amount"": 144, ""seat"": 1}, {""action"": ""fold"", ""amount"": 0, ""seat"": 0}]"
overfold_exploiter,2026060728,0,149,deployed_overfold_exploiter_s2026060728_o0_h0149,flop,flop_cbet_or_probe,overfold_exploiter,raise,124,324,7,8,324,-100,100,flop,324,False,3d Qh As,"[{""action"": ""small_blind"", ""amount"": 50, ""seat"": 1}, {""action"": ""big_blind"", ""amount"": 100, ""seat"": 0}, {""action"": ""call"", ""amount"": 50, ""seat"": 1}, {""action"": ""check"", ""amount"": 0, ""seat"": 0}, {""action"": ""check"", ""amount"": 0, ""seat"": 0}, {""action"": ""raise"", ""amount"": 124, ""seat"": 1}, {""action"": ""fold"", ""amount"": 0, ""seat"": 0}]"
overfold_exploiter,2026060728,0,151,deployed_overfold_exploiter_s2026060728_o0_h0151,flop,flop_cbet_or_probe,overfold_exploiter,raise,124,324,7,8,324,-100,100,flop,324,False,3s Kc Ac,"[{""action"": ""small_blind"", ""amount"": 50, ""seat"": 1}, {""action"": ""big_blind"", ""amount"": 100, ""seat"": 0}, {""action"": ""call"", ""amount"": 50, ""seat"": 1}, {""action"": ""check"", ""amount"": 0, ""seat"": 0}, {""action"": ""check"", ""amount"": 0, ""seat"": 0}, {""action"": ""raise"", ""amount"": 124, ""seat"": 1}, {""action"": ""fold"", ""amount"": 0, ""seat"": 0}]"
overfold_exploiter,2026060728,0,153,deployed_overfold_exploiter_s2026060728_o0_h0153,flop,flop_cbet_or_probe,overfold_exploiter,raise,124,324,7,8,324,-100,100,flop,324,False,Kd 4d 2s,"[{""action"": ""small_blind"", ""amount"": 50, ""seat"": 1}, {""action"": ""big_blind"", ""amount"": 100, ""seat"": 0}, {""action"": ""call"", ""amount"": 50, ""seat"": 1}, {""action"": ""check"", ""amount"": 0, ""seat"": 0}, {""action"": ""check"", ""amount"": 0, ""seat"": 0}, {""action"": ""raise"", ""amount"": 124, ""seat"": 1}, {""action"": ""fold"", ""amount"": 0, ""seat"": 0}]"
overfold_exploiter,2026060728,0,165,deployed_overfold_exploiter_s2026060728_o0_h0165,flop,flop_cbet_or_probe,overfold_exploiter,raise,124,324,7,8,324,-100,100,flop,324,False,5h 4d 9s,"[{""action"": ""small_blind"", ""amount"": 50, ""seat"": 1}, {""action"": ""big_blind"", ""amount"": 100, ""seat"": 0}, {""action"": ""call"", ""amount"": 50, ""seat"": 1}, {""action"": ""check"", ""amount"": 0, ""seat"": 0}, {""action"": ""check"", ""amount"": 0, ""seat"": 0}, {""action"": ""raise"", ""amount"": 124, ""seat"": 1}, {""action"": ""fold"", ""amount"": 0, ""seat"": 0}]"
overfold_exploiter,2026060728,0,173,deployed_overfold_exploiter_s2026060728_o0_h0173,turn,turn_probe,overfold_exploiter,raise,144,344,10,11,344,-100,100,turn,344,False,6h 5s Qh Kc,"[{""action"": ""small_blind"", ""amount"": 50, ""seat"": 1}, {""action"": ""big_blind"", ""amount"": 100, ""seat"": 0}, {""action"": ""call"", ""amount"": 50, ""seat"": 1}, {""action"": ""check"", ""amount"": 0, ""seat"": 0}, {""action"": ""check"", ""amount"": 0, ""seat"": 0}, {""action"": ""check"", ""amount"": 0, ""seat"": 1}, {""action"": ""check"", ""amount"": 0, ""seat"": 0}, {""action"": ""raise"", ""amount"": 144, ""seat"": 1}, {""action"": ""fold"", ""amount"": 0, ""seat"": 0}]"
overfold_exploiter,2026060728,0,180,deployed_overfold_exploiter_s2026060728_o0_h0180,flop,flop_cbet_or_probe,overfold_exploiter,raise,310,810,6,7,810,-250,250,flop,810,False,8c 7s 2c,"[{""action"": ""small_blind"", ""amount"": 50, ""seat"": 0}, {""action"": ""big_blind"", ""amount"": 100, ""seat"": 1}, {""action"": ""raise"", ""amount"": 250, ""seat"": 0}, {""action"": ""call"", ""amount"": 150, ""seat"": 1}, {""action"": ""raise"", ""amount"": 310, ""seat"": 1}, {""action"": ""fold"", ""amount"": 0, ""seat"": 0}]"
overfold_exploiter,2026060728,0,181,deployed_overfold_exploiter_s2026060728_o0_h0181,flop,flop_cbet_or_probe,overfold_exploiter,raise,124,324,7,8,324,-100,100,flop,324,False,3h 8c Ts,"[{""action"": ""small_blind"", ""amount"": 50, ""seat"": 1}, {""action"": ""big_blind"", ""amount"": 100, ""seat"": 0}, {""action"": ""call"", ""amount"": 50, ""seat"": 1}, {""action"": ""check"", ""amount"": 0, ""seat"": 0}, {""action"": ""check"", ""amount"": 0, ""seat"": 0}, {""action"": ""raise"", ""amount"": 124, ""seat"": 1}, {""action"": ""fold"", ""amount"": 0, ""seat"": 0}]"
overfold_exploiter,2026060728,0,193,deployed_overfold_exploiter_s2026060728_o0_h0193,flop,flop_cbet_or_probe,overfold_exploiter,raise,124,324,7,8,324,-100,100,flop,324,False,9h 4d Jc,"[{""action"": ""small_blind"", ""amount"": 50, ""seat"": 1}, {""action"": ""big_blind"", ""amount"": 100, ""seat"": 0}, {""action"": ""call"", ""amount"": 50, ""seat"": 1}, {""action"": ""check"", ""amount"": 0, ""seat"": 0}, {""action"": ""check"", ""amount"": 0, ""seat"": 0}, {""action"": ""raise"", ""amount"": 124, ""seat"": 1}, {""action"": ""fold"", ""amount"": 0, ""seat"": 0}]"
overfold_exploiter,2026060728,1,2,deployed_overfold_exploiter_s2026060728_o1_h0002,flop,flop_cbet_or_probe,overfold_exploiter,raise,124,324,7,8,324,-100,100,flop,324,False,Tc Kc 6s,"[{""action"": ""small_blind"", ""amount"": 50, ""seat"": 0}, {""action"": ""big_blind"", ""amount"": 100, ""seat"": 1}, {""action"": ""call"", ""amount"": 50, ""seat"": 0}, {""action"": ""check"", ""amount"": 0, ""seat"": 1}, {""action"": ""check"", ""amount"": 0, ""seat"": 1}, {""action"": ""raise"", ""amount"": 124, ""seat"": 0}, {""action"": ""fold"", ""amount"": 0, ""seat"": 1}]"
overfold_exploiter,2026060728,1,25,deployed_overfold_exploiter_s2026060728_o1_h0025,flop,flop_cbet_or_probe,overfold_exploiter,raise,310,810,6,7,810,-250,250,flop,810,False,2d 6c Ts,"[{""action"": ""small_blind"", ""amount"": 50, ""seat"": 1}, {""action"": ""big_blind"", ""amount"": 100, ""seat"": 0}, {""action"": ""raise"", ""amount"": 250, ""seat"": 1}, {""action"": ""call"", ""amount"": 150, ""seat"": 0}, {""action"": ""raise"", ""amount"": 310, ""seat"": 0}, {""action"": ""fold"", ""amount"": 0, ""seat"": 1}]"
overfold_exploiter,2026060728,1,28,deployed_overfold_exploiter_s2026060728_o1_h0028,flop,flop_cbet_or_probe,overfold_exploiter,raise,124,324,7,8,324,-100,100,flop,324,False,5h 5c Jd,"[{""action"": ""small_blind"", ""amount"": 50, ""seat"": 0}, {""action"": ""big_blind"", ""amount"": 100, ""seat"": 1}, {""action"": ""call"", ""amount"": 50, ""seat"": 0}, {""action"": ""check"", ""amount"": 0, ""seat"": 1}, {""action"": ""check"", ""amount"": 0, ""seat"": 1}, {""action"": ""raise"", ""amount"": 124, ""seat"": 0}, {""action"": ""fold"", ""amount"": 0, ""seat"": 1}]"
overfold_exploiter,2026060728,1,34,deployed_overfold_exploiter_s2026060728_o1_h0034,flop,flop_cbet_or_probe,overfold_exploiter,raise,124,324,7,8,324,-100,100,flop,324,False,As 3c 9c,"[{""action"": ""small_blind"", ""amount"": 50, ""seat"": 0}, {""action"": ""big_blind"", ""amount"": 100, ""seat"": 1}, {""action"": ""call"", ""amount"": 50, ""seat"": 0}, {""action"": ""check"", ""amount"": 0, ""seat"": 1}, {""action"": ""check"", ""amount"": 0, ""seat"": 1}, {""action"": ""raise"", ""amount"": 124, ""seat"": 0}, {""action"": ""fold"", ""amount"": 0, ""seat"": 1}]"
overfold_exploiter,2026060728,1,38,deployed_overfold_exploiter_s2026060728_o1_h0038,flop,flop_cbet_or_probe,overfold_exploiter,raise,124,324,7,8,324,-100,100,flop,324,False,3h Kh 6d,"[{""action"": ""small_blind"", ""amount"": 50, ""seat"": 0}, {""action"": ""big_blind"", ""amount"": 100, ""seat"": 1}, {""action"": ""call"", ""amount"": 50, ""seat"": 0}, {""action"": ""check"", ""amount"": 0, ""seat"": 1}, {""action"": ""check"", ""amount"": 0, ""seat"": 1}, {""action"": ""raise"", ""amount"": 124, ""seat"": 0}, {""action"": ""fold"", ""amount"": 0, ""seat"": 1}]"
overfold_exploiter,2026060728,1,42,deployed_overfold_exploiter_s2026060728_o1_h0042,flop,flop_cbet_or_probe,overfold_exploiter,raise,124,324,7,8,324,-100,100,flop,324,False,7s Kd 8s,"[{""action"": ""small_blind"", ""amount"": 50, ""seat"": 0}, {""action"": ""big_blind"", ""amount"": 100, ""seat"": 1}, {""action"": ""call"", ""amount"": 50, ""seat"": 0}, {""action"": ""check"", ""amount"": 0, ""seat"": 1}, {""action"": ""check"", ""amount"": 0, ""seat"": 1}, {""action"": ""raise"", ""amount"": 124, ""seat"": 0}, {""action"": ""fold"", ""amount"": 0, ""seat"": 1}]"
overfold_exploiter,2026060728,1,56,deployed_overfold_exploiter_s2026060728_o1_h0056,flop,flop_cbet_or_probe,overfold_exploiter,raise,124,324,7,8,324,-100,100,flop,324,False,6h Ts 8d,"[{""action"": ""small_blind"", ""amount"": 50, ""seat"": 0}, {""action"": ""big_blind"", ""amount"": 100, ""seat"": 1}, {""action"": ""call"", ""amount"": 50, ""seat"": 0}, {""action"": ""check"", ""amount"": 0, ""seat"": 1}, {""action"": ""check"", ""amount"": 0, ""seat"": 1}, {""action"": ""raise"", ""amount"": 124, ""seat"": 0}, {""action"": ""fold"", ""amount"": 0, ""seat"": 1}]"
overfold_exploiter,2026060728,1,64,deployed_overfold_exploiter_s2026060728_o1_h0064,flop,flop_cbet_or_probe,overfold_exploiter,raise,124,324,7,8,324,-100,100,flop,324,False,4h 5s Qh,"[{""action"": ""small_blind"", ""amount"": 50, ""seat"": 0}, {""action"": ""big_blind"", ""amount"": 100, ""seat"": 1}, {""action"": ""call"", ""amount"": 50, ""seat"": 0}, {""action"": ""check"", ""amount"": 0, ""seat"": 1}, {""action"": ""check"", ""amount"": 0, ""seat"": 1}, {""action"": ""raise"", ""amount"": 124, ""seat"": 0}, {""action"": ""fold"", ""amount"": 0, ""seat"": 1}]"
overfold_exploiter,2026060728,1,66,deployed_overfold_exploiter_s2026060728_o1_h0066,flop,flop_cbet_or_probe,overfold_exploiter,raise,124,324,7,8,324,-100,100,flop,324,False,8h 3c 8s,"[{""action"": ""small_blind"", ""amount"": 50, ""seat"": 0}, {""action"": ""big_blind"", ""amount"": 100, ""seat"": 1}, {""action"": ""call"", ""amount"": 50, ""seat"": 0}, {""action"": ""check"", ""amount"": 0, ""seat"": 1}, {""action"": ""check"", ""amount"": 0, ""seat"": 1}, {""action"": ""raise"", ""amount"": 124, ""seat"": 0}, {""action"": ""fold"", ""amount"": 0, ""seat"": 1}]"
overfold_exploiter,2026060728,1,78,deployed_overfold_exploiter_s2026060728_o1_h0078,flop,flop_cbet_or_probe,overfold_exploiter,raise,124,324,7,8,324,-100,100,flop,324,False,7d Th 2d,"[{""action"": ""small_blind"", ""amount"": 50, ""seat"": 0}, {""action"": ""big_blind"", ""amount"": 100, ""seat"": 1}, {""action"": ""call"", ""amount"": 50, ""seat"": 0}, {""action"": ""check"", ""amount"": 0, ""seat"": 1}, {""action"": ""check"", ""amount"": 0, ""seat"": 1}, {""action"": ""raise"", ""amount"": 124, ""seat"": 0}, {""action"": ""fold"", ""amount"": 0, ""seat"": 1}]"
overfold_exploiter,2026060728,1,86,deployed_overfold_exploiter_s2026060728_o1_h0086,flop,flop_cbet_or_probe,overfold_exploiter,raise,124,324,7,8,324,-100,100,flop,324,False,Ah 7d 8h,"[{""action"": ""small_blind"", ""amount"": 50, ""seat"": 0}, {""action"": ""big_blind"", ""amount"": 100, ""seat"": 1}, {""action"": ""call"", ""amount"": 50, ""seat"": 0}, {""action"": ""check"", ""amount"": 0, ""seat"": 1}, {""action"": ""check"", ""amount"": 0, ""seat"": 1}, {""action"": ""raise"", ""amount"": 124, ""seat"": 0}, {""action"": ""fold"", ""amount"": 0, ""seat"": 1}]"
overfold_exploiter,2026060728,1,88,deployed_overfold_exploiter_s2026060728_o1_h0088,flop,flop_cbet_or_probe,overfold_exploiter,raise,124,324,7,8,324,-100,100,flop,324,False,Jd Jh 8d,"[{""action"": ""small_blind"", ""amount"": 50, ""seat"": 0}, {""action"": ""big_blind"", ""amount"": 100, ""seat"": 1}, {""action"": ""call"", ""amount"": 50, ""seat"": 0}, {""action"": ""check"", ""amount"": 0, ""seat"": 1}, {""action"": ""check"", ""amount"": 0, ""seat"": 1}, {""action"": ""raise"", ""amount"": 124, ""seat"": 0}, {""action"": ""fold"", ""amount"": 0, ""seat"": 1}]"
overfold_exploiter,2026060728,1,94,deployed_overfold_exploiter_s2026060728_o1_h0094,turn,turn_barrel,overfold_exploiter,raise,322,770,11,12,770,-224,224,turn,770,False,Ah 6h 7c Qd,"[{""action"": ""small_blind"", ""amount"": 50, ""seat"": 0}, {""action"": ""big_blind"", ""amount"": 100, ""seat"": 1}, {""action"": ""call"", ""amount"": 50, ""seat"": 0}, {""action"": ""check"", ""amount"": 0, ""seat"": 1}, {""action"": ""check"", ""amount"": 0, ""seat"": 1}, {""action"": ""raise"", ""amount"": 124, ""seat"": 0}, {""action"": ""call"", ""amount"": 124, ""seat"": 1}, {""action"": ""check"", ""amount"": 0, ""seat"": 1}, {""action"": ""raise"", ""amount"": 322, ""seat"": 0}, {""action"": ""fold"", ""amount"": 0, ""seat"": 1}]"
overfold_exploiter,2026060728,1,124,deployed_overfold_exploiter_s2026060728_o1_h0124,flop,flop_cbet_or_probe,overfold_exploiter,raise,620,1620,8,9,1620,-500,500,flop,1620,False,7s 4s 5s,"[{""action"": ""small_blind"", ""amount"": 50, ""seat"": 0}, {""action"": ""big_blind"", ""amount"": 100, ""seat"": 1}, {""action"": ""call"", ""amount"": 50, ""seat"": 0}, {""action"": ""raise"", ""amount"": 500, ""seat"": 1}, {""action"": ""call"", ""amount"": 400, ""seat"": 0}, {""action"": ""check"", ""amount"": 0, ""seat"": 1}, {""action"": ""raise"", ""amount"": 620, ""seat"": 0}, {""action"": ""fold"", ""amount"": 0, ""seat"": 1}]"
overfold_exploiter,2026060728,1,138,deployed_overfold_exploiter_s2026060728_o1_h0138,flop,flop_cbet_or_probe,overfold_exploiter,raise,124,324,7,8,324,-100,100,flop,324,False,9s Qs 9c,"[{""action"": ""small_blind"", ""amount"": 50, ""seat"": 0}, {""action"": ""big_blind"", ""amount"": 100, ""seat"": 1}, {""action"": ""call"", ""amount"": 50, ""seat"": 0}, {""action"": ""check"", ""amount"": 0, ""seat"": 1}, {""action"": ""check"", ""amount"": 0, ""seat"": 1}, {""action"": ""raise"", ""amount"": 124, ""seat"": 0}, {""action"": ""fold"", ""amount"": 0, ""seat"": 1}]"
overfold_exploiter,2026060728,1,144,deployed_overfold_exploiter_s2026060728_o1_h0144,flop,flop_cbet_or_probe,overfold_exploiter,raise,124,324,7,8,324,-100,100,flop,324,False,Kc 4h 9h,"[{""action"": ""small_blind"", ""amount"": 50, ""seat"": 0}, {""action"": ""big_blind"", ""amount"": 100, ""seat"": 1}, {""action"": ""call"", ""amount"": 50, ""seat"": 0}, {""action"": ""check"", ""amount"": 0, ""seat"": 1}, {""action"": ""check"", ""amount"": 0, ""seat"": 1}, {""action"": ""raise"", ""amount"": 124, ""seat"": 0}, {""action"": ""fold"", ""amount"": 0, ""seat"": 1}]"
overfold_exploiter,2026060728,1,158,deployed_overfold_exploiter_s2026060728_o1_h0158,flop,flop_cbet_or_probe,overfold_exploiter,raise,124,324,7,8,324,-100,100,flop,324,False,6c 8c Ts,"[{""action"": ""small_blind"", ""amount"": 50, ""seat"": 0}, {""action"": ""big_blind"", ""amount"": 100, ""seat"": 1}, {""action"": ""call"", ""amount"": 50, ""seat"": 0}, {""action"": ""check"", ""amount"": 0, ""seat"": 1}, {""action"": ""check"", ""amount"": 0, ""seat"": 1}, {""action"": ""raise"", ""amount"": 124, ""seat"": 0}, {""action"": ""fold"", ""amount"": 0, ""seat"": 1}]"
overfold_exploiter,2026060728,1,164,deployed_overfold_exploiter_s2026060728_o1_h0164,flop,flop_cbet_or_probe,overfold_exploiter,raise,124,324,7,8,324,-100,100,flop,324,False,4c 9s 4d,"[{""action"": ""small_blind"", ""amount"": 50, ""seat"": 0}, {""action"": ""big_blind"", ""amount"": 100, ""seat"": 1}, {""action"": ""call"", ""amount"": 50, ""seat"": 0}, {""action"": ""check"", ""amount"": 0, ""seat"": 1}, {""action"": ""check"", ""amount"": 0, ""seat"": 1}, {""action"": ""raise"", ""amount"": 124, ""seat"": 0}, {""action"": ""fold"", ""amount"": 0, ""seat"": 1}]"
overfold_exploiter,2026060728,1,186,deployed_overfold_exploiter_s2026060728_o1_h0186,flop,flop_cbet_or_probe,overfold_exploiter,raise,124,324,7,8,324,-100,100,flop,324,False,2d Jd 8s,"[{""action"": ""small_blind"", ""amount"": 50, ""seat"": 0}, {""action"": ""big_blind"", ""amount"": 100, ""seat"": 1}, {""action"": ""call"", ""amount"": 50, ""seat"": 0}, {""action"": ""check"", ""amount"": 0, ""seat"": 1}, {""action"": ""check"", ""amount"": 0, ""seat"": 1}, {""action"": ""raise"", ""amount"": 124, ""seat"": 0}, {""action"": ""fold"", ""amount"": 0, ""seat"": 1}]"
overfold_exploiter,2026060728,1,196,deployed_overfold_exploiter_s2026060728_o1_h0196,flop,flop_cbet_or_probe,overfold_exploiter,raise,620,1620,8,9,1620,-500,500,flop,1620,False,Ah Qd 6d,"[{""action"": ""small_blind"", ""amount"": 50, ""seat"": 0}, {""action"": ""big_blind"", ""amount"": 100, ""seat"": 1}, {""action"": ""call"", ""amount"": 50, ""seat"": 0}, {""action"": ""raise"", ""amount"": 500, ""seat"": 1}, {""action"": ""call"", ""amount"": 400, ""seat"": 0}, {""action"": ""check"", ""amount"": 0, ""seat"": 1}, {""action"": ""raise"", ""amount"": 620, ""seat"": 0}, {""action"": ""fold"", ""amount"": 0, ""seat"": 1}]"
overfold_exploiter,2026060729,0,19,deployed_overfold_exploiter_s2026060729_o0_h0019,turn,turn_probe,overfold_exploiter,raise,144,344,10,11,344,-100,100,turn,344,False,2d 8c Kd 9h,"[{""action"": ""small_blind"", ""amount"": 50, ""seat"": 1}, {""action"": ""big_blind"", ""amount"": 100, ""seat"": 0}, {""action"": ""call"", ""amount"": 50, ""seat"": 1}, {""action"": ""check"", ""amount"": 0, ""seat"": 0}, {""action"": ""check"", ""amount"": 0, ""seat"": 0}, {""action"": ""check"", ""amount"": 0, ""seat"": 1}, {""action"": ""check"", ""amount"": 0, ""seat"": 0}, {""action"": ""raise"", ""amount"": 144, ""seat"": 1}, {""action"": ""fold"", ""amount"": 0, ""seat"": 0}]"
overfold_exploiter,2026060729,0,27,deployed_overfold_exploiter_s2026060729_o0_h0027,flop,flop_cbet_or_probe,overfold_exploiter,raise,124,324,7,8,324,-100,100,flop,324,False,8s 2s 8c,"[{""action"": ""small_blind"", ""amount"": 50, ""seat"": 1}, {""action"": ""big_blind"", ""amount"": 100, ""seat"": 0}, {""action"": ""call"", ""amount"": 50, ""seat"": 1}, {""action"": ""check"", ""amount"": 0, ""seat"": 0}, {""action"": ""check"", ""amount"": 0, ""seat"": 0}, {""action"": ""raise"", ""amount"": 124, ""seat"": 1}, {""action"": ""fold"", ""amount"": 0, ""seat"": 0}]"
overfold_exploiter,2026060729,0,35,deployed_overfold_exploiter_s2026060729_o0_h0035,flop,flop_cbet_or_probe,overfold_exploiter,raise,124,324,7,8,324,-100,100,flop,324,False,5d 5s 9h,"[{""action"": ""small_blind"", ""amount"": 50, ""seat"": 1}, {""action"": ""big_blind"", ""amount"": 100, ""seat"": 0}, {""action"": ""call"", ""amount"": 50, ""seat"": 1}, {""action"": ""check"", ""amount"": 0, ""seat"": 0}, {""action"": ""check"", ""amount"": 0, ""seat"": 0}, {""action"": ""raise"", ""amount"": 124, ""seat"": 1}, {""action"": ""fold"", ""amount"": 0, ""seat"": 0}]"
overfold_exploiter,2026060729,0,39,deployed_overfold_exploiter_s2026060729_o0_h0039,flop,flop_cbet_or_probe,overfold_exploiter,raise,124,324,7,8,324,-100,100,flop,324,False,Jc 8d Tc,"[{""action"": ""small_blind"", ""amount"": 50, ""seat"": 1}, {""action"": ""big_blind"", ""amount"": 100, ""seat"": 0}, {""action"": ""call"", ""amount"": 50, ""seat"": 1}, {""action"": ""check"", ""amount"": 0, ""seat"": 0}, {""action"": ""check"", ""amount"": 0, ""seat"": 0}, {""action"": ""raise"", ""amount"": 124, ""seat"": 1}, {""action"": ""fold"", ""amount"": 0, ""seat"": 0}]"
overfold_exploiter,2026060729,0,51,deployed_overfold_exploiter_s2026060729_o0_h0051,flop,flop_cbet_or_probe,overfold_exploiter,raise,124,324,7,8,324,-100,100,flop,324,False,4c Qc 2s,"[{""action"": ""small_blind"", ""amount"": 50, ""seat"": 1}, {""action"": ""big_blind"", ""amount"": 100, ""seat"": 0}, {""action"": ""call"", ""amount"": 50, ""seat"": 1}, {""action"": ""check"", ""amount"": 0, ""seat"": 0}, {""action"": ""check"", ""amount"": 0, ""seat"": 0}, {""action"": ""raise"", ""amount"": 124, ""seat"": 1}, {""action"": ""fold"", ""amount"": 0, ""seat"": 0}]"
overfold_exploiter,2026060729,0,55,deployed_overfold_exploiter_s2026060729_o0_h0055,flop,flop_cbet_or_probe,overfold_exploiter,raise,124,324,7,8,324,-100,100,flop,324,False,Kd As 2d,"[{""action"": ""small_blind"", ""amount"": 50, ""seat"": 1}, {""action"": ""big_blind"", ""amount"": 100, ""seat"": 0}, {""action"": ""call"", ""amount"": 50, ""seat"": 1}, {""action"": ""check"", ""amount"": 0, ""seat"": 0}, {""action"": ""check"", ""amount"": 0, ""seat"": 0}, {""action"": ""raise"", ""amount"": 124, ""seat"": 1}, {""action"": ""fold"", ""amount"": 0, ""seat"": 0}]"
overfold_exploiter,2026060729,0,61,deployed_overfold_exploiter_s2026060729_o0_h0061,flop,flop_cbet_or_probe,overfold_exploiter,raise,124,324,7,8,324,-100,100,flop,324,False,3s 6c 3c,"[{""action"": ""small_blind"", ""amount"": 50, ""seat"": 1}, {""action"": ""big_blind"", ""amount"": 100, ""seat"": 0}, {""action"": ""call"", ""amount"": 50, ""seat"": 1}, {""action"": ""check"", ""amount"": 0, ""seat"": 0}, {""action"": ""check"", ""amount"": 0, ""seat"": 0}, {""action"": ""raise"", ""amount"": 124, ""seat"": 1}, {""action"": ""fold"", ""amount"": 0, ""seat"": 0}]"
overfold_exploiter,2026060729,0,69,deployed_overfold_exploiter_s2026060729_o0_h0069,flop,flop_cbet_or_probe,overfold_exploiter,raise,124,324,7,8,324,-100,100,flop,324,False,6h 4c 4d,"[{""action"": ""small_blind"", ""amount"": 50, ""seat"": 1}, {""action"": ""big_blind"", ""amount"": 100, ""seat"": 0}, {""action"": ""call"", ""amount"": 50, ""seat"": 1}, {""action"": ""check"", ""amount"": 0, ""seat"": 0}, {""action"": ""check"", ""amount"": 0, ""seat"": 0}, {""action"": ""raise"", ""amount"": 124, ""seat"": 1}, {""action"": ""fold"", ""amount"": 0, ""seat"": 0}]"
overfold_exploiter,2026060729,0,71,deployed_overfold_exploiter_s2026060729_o0_h0071,turn,turn_barrel,overfold_exploiter,raise,322,770,11,12,770,-224,224,turn,770,False,8d 5h 4s Td,"[{""action"": ""small_blind"", ""amount"": 50, ""seat"": 1}, {""action"": ""big_blind"", ""amount"": 100, ""seat"": 0}, {""action"": ""call"", ""amount"": 50, ""seat"": 1}, {""action"": ""check"", ""amount"": 0, ""seat"": 0}, {""action"": ""check"", ""amount"": 0, ""seat"": 0}, {""action"": ""raise"", ""amount"": 124, ""seat"": 1}, {""action"": ""call"", ""amount"": 124, ""seat"": 0}, {""action"": ""check"", ""amount"": 0, ""seat"": 0}, {""action"": ""raise"", ""amount"": 322, ""seat"": 1}, {""action"": ""fold"", ""amount"": 0, ""seat"": 0}]"
overfold_exploiter,2026060729,0,79,deployed_overfold_exploiter_s2026060729_o0_h0079,flop,flop_cbet_or_probe,overfold_exploiter,raise,124,324,7,8,324,-100,100,flop,324,False,Jc 7d 4c,"[{""action"": ""small_blind"", ""amount"": 50, ""seat"": 1}, {""action"": ""big_blind"", ""amount"": 100, ""seat"": 0}, {""action"": ""call"", ""amount"": 50, ""seat"": 1}, {""action"": ""check"", ""amount"": 0, ""seat"": 0}, {""action"": ""check"", ""amount"": 0, ""seat"": 0}, {""action"": ""raise"", ""amount"": 124, ""seat"": 1}, {""action"": ""fold"", ""amount"": 0, ""seat"": 0}]"
overfold_exploiter,2026060729,0,85,deployed_overfold_exploiter_s2026060729_o0_h0085,flop,flop_cbet_or_probe,overfold_exploiter,raise,124,324,7,8,324,-100,100,flop,324,False,Kc 4c 6s,"[{""action"": ""small_blind"", ""amount"": 50, ""seat"": 1}, {""action"": ""big_blind"", ""amount"": 100, ""seat"": 0}, {""action"": ""call"", ""amount"": 50, ""seat"": 1}, {""action"": ""check"", ""amount"": 0, ""seat"": 0}, {""action"": ""check"", ""amount"": 0, ""seat"": 0}, {""action"": ""raise"", ""amount"": 124, ""seat"": 1}, {""action"": ""fold"", ""amount"": 0, ""seat"": 0}]"
overfold_exploiter,2026060729,0,87,deployed_overfold_exploiter_s2026060729_o0_h0087,flop,flop_cbet_or_probe,overfold_exploiter,raise,124,324,7,8,324,-100,100,flop,324,False,4d 6h 8s,"[{""action"": ""small_blind"", ""amount"": 50, ""seat"": 1}, {""action"": ""big_blind"", ""amount"": 100, ""seat"": 0}, {""action"": ""call"", ""amount"": 50, ""seat"": 1}, {""action"": ""check"", ""amount"": 0, ""seat"": 0}, {""action"": ""check"", ""amount"": 0, ""seat"": 0}, {""action"": ""raise"", ""amount"": 124, ""seat"": 1}, {""action"": ""fold"", ""amount"": 0, ""seat"": 0}]"
overfold_exploiter,2026060729,0,107,deployed_overfold_exploiter_s2026060729_o0_h0107,flop,flop_cbet_or_probe,overfold_exploiter,raise,124,324,7,8,324,-100,100,flop,324,False,8c 4s 4h,"[{""action"": ""small_blind"", ""amount"": 50, ""seat"": 1}, {""action"": ""big_blind"", ""amount"": 100, ""seat"": 0}, {""action"": ""call"", ""amount"": 50, ""seat"": 1}, {""action"": ""check"", ""amount"": 0, ""seat"": 0}, {""action"": ""check"", ""amount"": 0, ""seat"": 0}, {""action"": ""raise"", ""amount"": 124, ""seat"": 1}, {""action"": ""fold"", ""amount"": 0, ""seat"": 0}]"
overfold_exploiter,2026060729,0,115,deployed_overfold_exploiter_s2026060729_o0_h0115,flop,flop_cbet_or_probe,overfold_exploiter,raise,124,324,7,8,324,-100,100,flop,324,False,5d 2h 9s,"[{""action"": ""small_blind"", ""amount"": 50, ""seat"": 1}, {""action"": ""big_blind"", ""amount"": 100, ""seat"": 0}, {""action"": ""call"", ""amount"": 50, ""seat"": 1}, {""action"": ""check"", ""amount"": 0, ""seat"": 0}, {""action"": ""check"", ""amount"": 0, ""seat"": 0}, {""action"": ""raise"", ""amount"": 124, ""seat"": 1}, {""action"": ""fold"", ""amount"": 0, ""seat"": 0}]"
overfold_exploiter,2026060729,0,131,deployed_overfold_exploiter_s2026060729_o0_h0131,turn,turn_probe,overfold_exploiter,raise,144,344,10,11,344,-100,100,turn,344,False,Tc 6s 8s 4s,"[{""action"": ""small_blind"", ""amount"": 50, ""seat"": 1}, {""action"": ""big_blind"", ""amount"": 100, ""seat"": 0}, {""action"": ""call"", ""amount"": 50, ""seat"": 1}, {""action"": ""check"", ""amount"": 0, ""seat"": 0}, {""action"": ""check"", ""amount"": 0, ""seat"": 0}, {""action"": ""check"", ""amount"": 0, ""seat"": 1}, {""action"": ""check"", ""amount"": 0, ""seat"": 0}, {""action"": ""raise"", ""amount"": 144, ""seat"": 1}, {""action"": ""fold"", ""amount"": 0, ""seat"": 0}]"
overfold_exploiter,2026060729,0,153,deployed_overfold_exploiter_s2026060729_o0_h0153,flop,flop_cbet_or_probe,overfold_exploiter,raise,124,324,7,8,324,-100,100,flop,324,False,7s 2c 9d,"[{""action"": ""small_blind"", ""amount"": 50, ""seat"": 1}, {""action"": ""big_blind"", ""amount"": 100, ""seat"": 0}, {""action"": ""call"", ""amount"": 50, ""seat"": 1}, {""action"": ""check"", ""amount"": 0, ""seat"": 0}, {""action"": ""check"", ""amount"": 0, ""seat"": 0}, {""action"": ""raise"", ""amount"": 124, ""seat"": 1}, {""action"": ""fold"", ""amount"": 0, ""seat"": 0}]"
overfold_exploiter,2026060729,0,155,deployed_overfold_exploiter_s2026060729_o0_h0155,flop,flop_cbet_or_probe,overfold_exploiter,raise,124,324,7,8,324,-100,100,flop,324,False,Ts Ah Qd,"[{""action"": ""small_blind"", ""amount"": 50, ""seat"": 1}, {""action"": ""big_blind"", ""amount"": 100, ""seat"": 0}, {""action"": ""call"", ""amount"": 50, ""seat"": 1}, {""action"": ""check"", ""amount"": 0, ""seat"": 0}, {""action"": ""check"", ""amount"": 0, ""seat"": 0}, {""action"": ""raise"", ""amount"": 124, ""seat"": 1}, {""action"": ""fold"", ""amount"": 0, ""seat"": 0}]"
overfold_exploiter,2026060729,0,171,deployed_overfold_exploiter_s2026060729_o0_h0171,flop,flop_cbet_or_probe,overfold_exploiter,raise,124,324,7,8,324,-100,100,flop,324,False,9d Qh Ks,"[{""action"": ""small_blind"", ""amount"": 50, ""seat"": 1}, {""action"": ""big_blind"", ""amount"": 100, ""seat"": 0}, {""action"": ""call"", ""amount"": 50, ""seat"": 1}, {""action"": ""check"", ""amount"": 0, ""seat"": 0}, {""action"": ""check"", ""amount"": 0, ""seat"": 0}, {""action"": ""raise"", ""amount"": 124, ""seat"": 1}, {""action"": ""fold"", ""amount"": 0, ""seat"": 0}]"
overfold_exploiter,2026060729,0,173,deployed_overfold_exploiter_s2026060729_o0_h0173,flop,flop_cbet_or_probe,overfold_exploiter,raise,124,324,7,8,324,-100,100,flop,324,False,Kd 4h 6h,"[{""action"": ""small_blind"", ""amount"": 50, ""seat"": 1}, {""action"": ""big_blind"", ""amount"": 100, ""seat"": 0}, {""action"": ""call"", ""amount"": 50, ""seat"": 1}, {""action"": ""check"", ""amount"": 0, ""seat"": 0}, {""action"": ""check"", ""amount"": 0, ""seat"": 0}, {""action"": ""raise"", ""amount"": 124, ""seat"": 1}, {""action"": ""fold"", ""amount"": 0, ""seat"": 0}]"
overfold_exploiter,2026060729,0,183,deployed_overfold_exploiter_s2026060729_o0_h0183,flop,flop_cbet_or_probe,overfold_exploiter,raise,124,324,7,8,324,-100,100,flop,324,False,5s 5h Jc,"[{""action"": ""small_blind"", ""amount"": 50, ""seat"": 1}, {""action"": ""big_blind"", ""amount"": 100, ""seat"": 0}, {""action"": ""call"", ""amount"": 50, ""seat"": 1}, {""action"": ""check"", ""amount"": 0, ""seat"": 0}, {""action"": ""check"", ""amount"": 0, ""seat"": 0}, {""action"": ""raise"", ""amount"": 124, ""seat"": 1}, {""action"": ""fold"", ""amount"": 0, ""seat"": 0}]"
overfold_exploiter,2026060729,1,26,deployed_overfold_exploiter_s2026060729_o1_h0026,flop,flop_cbet_or_probe,overfold_exploiter,raise,124,324,7,8,324,-100,100,flop,324,False,9h 2c Jh,"[{""action"": ""small_blind"", ""amount"": 50, ""seat"": 0}, {""action"": ""big_blind"", ""amount"": 100, ""seat"": 1}, {""action"": ""call"", ""amount"": 50, ""seat"": 0}, {""action"": ""check"", ""amount"": 0, ""seat"": 1}, {""action"": ""check"", ""amount"": 0, ""seat"": 1}, {""action"": ""raise"", ""amount"": 124, ""seat"": 0}, {""action"": ""fold"", ""amount"": 0, ""seat"": 1}]"
overfold_exploiter,2026060729,1,30,deployed_overfold_exploiter_s2026060729_o1_h0030,turn,turn_barrel,overfold_exploiter,raise,322,770,11,12,770,-224,224,turn,770,False,Th 8d Qc 2d,"[{""action"": ""small_blind"", ""amount"": 50, ""seat"": 0}, {""action"": ""big_blind"", ""amount"": 100, ""seat"": 1}, {""action"": ""call"", ""amount"": 50, ""seat"": 0}, {""action"": ""check"", ""amount"": 0, ""seat"": 1}, {""action"": ""check"", ""amount"": 0, ""seat"": 1}, {""action"": ""raise"", ""amount"": 124, ""seat"": 0}, {""action"": ""call"", ""amount"": 124, ""seat"": 1}, {""action"": ""check"", ""amount"": 0, ""seat"": 1}, {""action"": ""raise"", ""amount"": 322, ""seat"": 0}, {""action"": ""fold"", ""amount"": 0, ""seat"": 1}]"
overfold_exploiter,2026060729,1,42,deployed_overfold_exploiter_s2026060729_o1_h0042,flop,flop_cbet_or_probe,overfold_exploiter,raise,124,324,7,8,324,-100,100,flop,324,False,6d 4s Qd,"[{""action"": ""small_blind"", ""amount"": 50, ""seat"": 0}, {""action"": ""big_blind"", ""amount"": 100, ""seat"": 1}, {""action"": ""call"", ""amount"": 50, ""seat"": 0}, {""action"": ""check"", ""amount"": 0, ""seat"": 1}, {""action"": ""check"", ""amount"": 0, ""seat"": 1}, {""action"": ""raise"", ""amount"": 124, ""seat"": 0}, {""action"": ""fold"", ""amount"": 0, ""seat"": 1}]"
overfold_exploiter,2026060729,1,46,deployed_overfold_exploiter_s2026060729_o1_h0046,flop,flop_cbet_or_probe,overfold_exploiter,raise,124,324,7,8,324,-100,100,flop,324,False,Td Th Jh,"[{""action"": ""small_blind"", ""amount"": 50, ""seat"": 0}, {""action"": ""big_blind"", ""amount"": 100, ""seat"": 1}, {""action"": ""call"", ""amount"": 50, ""seat"": 0}, {""action"": ""check"", ""amount"": 0, ""seat"": 1}, {""action"": ""check"", ""amount"": 0, ""seat"": 1}, {""action"": ""raise"", ""amount"": 124, ""seat"": 0}, {""action"": ""fold"", ""amount"": 0, ""seat"": 1}]"
overfold_exploiter,2026060729,1,48,deployed_overfold_exploiter_s2026060729_o1_h0048,flop,flop_cbet_or_probe,overfold_exploiter,raise,124,324,7,8,324,-100,100,flop,324,False,5c Qh Th,"[{""action"": ""small_blind"", ""amount"": 50, ""seat"": 0}, {""action"": ""big_blind"", ""amount"": 100, ""seat"": 1}, {""action"": ""call"", ""amount"": 50, ""seat"": 0}, {""action"": ""check"", ""amount"": 0, ""seat"": 1}, {""action"": ""check"", ""amount"": 0, ""seat"": 1}, {""action"": ""raise"", ""amount"": 124, ""seat"": 0}, {""action"": ""fold"", ""amount"": 0, ""seat"": 1}]"
overfold_exploiter,2026060729,1,50,deployed_overfold_exploiter_s2026060729_o1_h0050,flop,flop_cbet_or_probe,overfold_exploiter,raise,124,324,7,8,324,-100,100,flop,324,False,4s 2s 8h,"[{""action"": ""small_blind"", ""amount"": 50, ""seat"": 0}, {""action"": ""big_blind"", ""amount"": 100, ""seat"": 1}, {""action"": ""call"", ""amount"": 50, ""seat"": 0}, {""action"": ""check"", ""amount"": 0, ""seat"": 1}, {""action"": ""check"", ""amount"": 0, ""seat"": 1}, {""action"": ""raise"", ""amount"": 124, ""seat"": 0}, {""action"": ""fold"", ""amount"": 0, ""seat"": 1}]"
overfold_exploiter,2026060729,1,52,deployed_overfold_exploiter_s2026060729_o1_h0052,flop,flop_cbet_or_probe,overfold_exploiter,raise,124,324,7,8,324,-100,100,flop,324,False,5c 3s 2h,"[{""action"": ""small_blind"", ""amount"": 50, ""seat"": 0}, {""action"": ""big_blind"", ""amount"": 100, ""seat"": 1}, {""action"": ""call"", ""amount"": 50, ""seat"": 0}, {""action"": ""check"", ""amount"": 0, ""seat"": 1}, {""action"": ""check"", ""amount"": 0, ""seat"": 1}, {""action"": ""raise"", ""amount"": 124, ""seat"": 0}, {""action"": ""fold"", ""amount"": 0, ""seat"": 1}]"
overfold_exploiter,2026060729,1,70,deployed_overfold_exploiter_s2026060729_o1_h0070,flop,flop_cbet_or_probe,overfold_exploiter,raise,124,324,7,8,324,-100,100,flop,324,False,7c 8d 6s,"[{""action"": ""small_blind"", ""amount"": 50, ""seat"": 0}, {""action"": ""big_blind"", ""amount"": 100, ""seat"": 1}, {""action"": ""call"", ""amount"": 50, ""seat"": 0}, {""action"": ""check"", ""amount"": 0, ""seat"": 1}, {""action"": ""check"", ""amount"": 0, ""seat"": 1}, {""action"": ""raise"", ""amount"": 124, ""seat"": 0}, {""action"": ""fold"", ""amount"": 0, ""seat"": 1}]"
overfold_exploiter,2026060729,1,72,deployed_overfold_exploiter_s2026060729_o1_h0072,flop,flop_cbet_or_probe,overfold_exploiter,raise,124,324,7,8,324,-100,100,flop,324,False,4d 7d Qc,"[{""action"": ""small_blind"", ""amount"": 50, ""seat"": 0}, {""action"": ""big_blind"", ""amount"": 100, ""seat"": 1}, {""action"": ""call"", ""amount"": 50, ""seat"": 0}, {""action"": ""check"", ""amount"": 0, ""seat"": 1}, {""action"": ""check"", ""amount"": 0, ""seat"": 1}, {""action"": ""raise"", ""amount"": 124, ""seat"": 0}, {""action"": ""fold"", ""amount"": 0, ""seat"": 1}]"
overfold_exploiter,2026060729,1,76,deployed_overfold_exploiter_s2026060729_o1_h0076,flop,flop_cbet_or_probe,overfold_exploiter,raise,124,324,7,8,324,-100,100,flop,324,False,2s 7s 4h,"[{""action"": ""small_blind"", ""amount"": 50, ""seat"": 0}, {""action"": ""big_blind"", ""amount"": 100, ""seat"": 1}, {""action"": ""call"", ""amount"": 50, ""seat"": 0}, {""action"": ""check"", ""amount"": 0, ""seat"": 1}, {""action"": ""check"", ""amount"": 0, ""seat"": 1}, {""action"": ""raise"", ""amount"": 124, ""seat"": 0}, {""action"": ""fold"", ""amount"": 0, ""seat"": 1}]"
overfold_exploiter,2026060729,1,78,deployed_overfold_exploiter_s2026060729_o1_h0078,flop,flop_cbet_or_probe,overfold_exploiter,raise,124,324,7,8,324,-100,100,flop,324,False,Ad 4h 2h,"[{""action"": ""small_blind"", ""amount"": 50, ""seat"": 0}, {""action"": ""big_blind"", ""amount"": 100, ""seat"": 1}, {""action"": ""call"", ""amount"": 50, ""seat"": 0}, {""action"": ""check"", ""amount"": 0, ""seat"": 1}, {""action"": ""check"", ""amount"": 0, ""seat"": 1}, {""action"": ""raise"", ""amount"": 124, ""seat"": 0}, {""action"": ""fold"", ""amount"": 0, ""seat"": 1}]"
overfold_exploiter,2026060729,1,102,deployed_overfold_exploiter_s2026060729_o1_h0102,flop,flop_cbet_or_probe,overfold_exploiter,raise,124,324,7,8,324,-100,100,flop,324,False,9h Td Ts,"[{""action"": ""small_blind"", ""amount"": 50, ""seat"": 0}, {""action"": ""big_blind"", ""amount"": 100, ""seat"": 1}, {""action"": ""call"", ""amount"": 50, ""seat"": 0}, {""action"": ""check"", ""amount"": 0, ""seat"": 1}, {""action"": ""check"", ""amount"": 0, ""seat"": 1}, {""action"": ""raise"", ""amount"": 124, ""seat"": 0}, {""action"": ""fold"", ""amount"": 0, ""seat"": 1}]"
overfold_exploiter,2026060729,1,106,deployed_overfold_exploiter_s2026060729_o1_h0106,flop,flop_cbet_or_probe,overfold_exploiter,raise,124,324,7,8,324,-100,100,flop,324,False,9c 5d 5s,"[{""action"": ""small_blind"", ""amount"": 50, ""seat"": 0}, {""action"": ""big_blind"", ""amount"": 100, ""seat"": 1}, {""action"": ""call"", ""amount"": 50, ""seat"": 0}, {""action"": ""check"", ""amount"": 0, ""seat"": 1}, {""action"": ""check"", ""amount"": 0, ""seat"": 1}, {""action"": ""raise"", ""amount"": 124, ""seat"": 0}, {""action"": ""fold"", ""amount"": 0, ""seat"": 1}]"
overfold_exploiter,2026060729,1,108,deployed_overfold_exploiter_s2026060729_o1_h0108,flop,flop_cbet_or_probe,overfold_exploiter,raise,124,324,7,8,324,-100,100,flop,324,False,8s Jh 6d,"[{""action"": ""small_blind"", ""amount"": 50, ""seat"": 0}, {""action"": ""big_blind"", ""amount"": 100, ""seat"": 1}, {""action"": ""call"", ""amount"": 50, ""seat"": 0}, {""action"": ""check"", ""amount"": 0, ""seat"": 1}, {""action"": ""check"", ""amount"": 0, ""seat"": 1}, {""action"": ""raise"", ""amount"": 124, ""seat"": 0}, {""action"": ""fold"", ""amount"": 0, ""seat"": 1}]"
overfold_exploiter,2026060729,1,122,deployed_overfold_exploiter_s2026060729_o1_h0122,flop,flop_cbet_or_probe,overfold_exploiter,raise,124,324,7,8,324,-100,100,flop,324,False,Jc 8s 2d,"[{""action"": ""small_blind"", ""amount"": 50, ""seat"": 0}, {""action"": ""big_blind"", ""amount"": 100, ""seat"": 1}, {""action"": ""call"", ""amount"": 50, ""seat"": 0}, {""action"": ""check"", ""amount"": 0, ""seat"": 1}, {""action"": ""check"", ""amount"": 0, ""seat"": 1}, {""action"": ""raise"", ""amount"": 124, ""seat"": 0}, {""action"": ""fold"", ""amount"": 0, ""seat"": 1}]"
overfold_exploiter,2026060729,1,144,deployed_overfold_exploiter_s2026060729_o1_h0144,flop,flop_cbet_or_probe,overfold_exploiter,raise,124,324,7,8,324,-100,100,flop,324,False,9h 8c 3c,"[{""action"": ""small_blind"", ""amount"": 50, ""seat"": 0}, {""action"": ""big_blind"", ""amount"": 100, ""seat"": 1}, {""action"": ""call"", ""amount"": 50, ""seat"": 0}, {""action"": ""check"", ""amount"": 0, ""seat"": 1}, {""action"": ""check"", ""amount"": 0, ""seat"": 1}, {""action"": ""raise"", ""amount"": 124, ""seat"": 0}, {""action"": ""fold"", ""amount"": 0, ""seat"": 1}]"
overfold_exploiter,2026060729,1,148,deployed_overfold_exploiter_s2026060729_o1_h0148,flop,flop_cbet_or_probe,overfold_exploiter,raise,124,324,7,8,324,-100,100,flop,324,False,4d 5d Ks,"[{""action"": ""small_blind"", ""amount"": 50, ""seat"": 0}, {""action"": ""big_blind"", ""amount"": 100, ""seat"": 1}, {""action"": ""call"", ""amount"": 50, ""seat"": 0}, {""action"": ""check"", ""amount"": 0, ""seat"": 1}, {""action"": ""check"", ""amount"": 0, ""seat"": 1}, {""action"": ""raise"", ""amount"": 124, ""seat"": 0}, {""action"": ""fold"", ""amount"": 0, ""seat"": 1}]"
overfold_exploiter,2026060729,1,154,deployed_overfold_exploiter_s2026060729_o1_h0154,flop,flop_cbet_or_probe,overfold_exploiter,raise,124,324,7,8,324,-100,100,flop,324,False,3d Kc 7c,"[{""action"": ""small_blind"", ""amount"": 50, ""seat"": 0}, {""action"": ""big_blind"", ""amount"": 100, ""seat"": 1}, {""action"": ""call"", ""amount"": 50, ""seat"": 0}, {""action"": ""check"", ""amount"": 0, ""seat"": 1}, {""action"": ""check"", ""amount"": 0, ""seat"": 1}, {""action"": ""raise"", ""amount"": 124, ""seat"": 0}, {""action"": ""fold"", ""amount"": 0, ""seat"": 1}]"
overfold_exploiter,2026060729,1,156,deployed_overfold_exploiter_s2026060729_o1_h0156,flop,flop_cbet_or_probe,overfold_exploiter,raise,124,324,7,8,324,-100,100,flop,324,False,Jh 4h 7h,"[{""action"": ""small_blind"", ""amount"": 50, ""seat"": 0}, {""action"": ""big_blind"", ""amount"": 100, ""seat"": 1}, {""action"": ""call"", ""amount"": 50, ""seat"": 0}, {""action"": ""check"", ""amount"": 0, ""seat"": 1}, {""action"": ""check"", ""amount"": 0, ""seat"": 1}, {""action"": ""raise"", ""amount"": 124, ""seat"": 0}, {""action"": ""fold"", ""amount"": 0, ""seat"": 1}]"
overfold_exploiter,2026060729,1,161,deployed_overfold_exploiter_s2026060729_o1_h0161,flop,flop_cbet_or_probe,overfold_exploiter,raise,310,810,6,7,810,-250,250,flop,810,False,Kc Kd 7c,"[{""action"": ""small_blind"", ""amount"": 50, ""seat"": 1}, {""action"": ""big_blind"", ""amount"": 100, ""seat"": 0}, {""action"": ""raise"", ""amount"": 250, ""seat"": 1}, {""action"": ""call"", ""amount"": 150, ""seat"": 0}, {""action"": ""raise"", ""amount"": 310, ""seat"": 0}, {""action"": ""fold"", ""amount"": 0, ""seat"": 1}]"
overfold_exploiter,2026060729,1,172,deployed_overfold_exploiter_s2026060729_o1_h0172,turn,turn_probe,overfold_exploiter,raise,144,344,10,11,344,-100,100,turn,344,False,Jd 8s Qh Ts,"[{""action"": ""small_blind"", ""amount"": 50, ""seat"": 0}, {""action"": ""big_blind"", ""amount"": 100, ""seat"": 1}, {""action"": ""call"", ""amount"": 50, ""seat"": 0}, {""action"": ""check"", ""amount"": 0, ""seat"": 1}, {""action"": ""check"", ""amount"": 0, ""seat"": 1}, {""action"": ""check"", ""amount"": 0, ""seat"": 0}, {""action"": ""check"", ""amount"": 0, ""seat"": 1}, {""action"": ""raise"", ""amount"": 144, ""seat"": 0}, {""action"": ""fold"", ""amount"": 0, ""seat"": 1}]"
overfold_exploiter,2026060729,1,174,deployed_overfold_exploiter_s2026060729_o1_h0174,flop,flop_cbet_or_probe,overfold_exploiter,raise,124,324,7,8,324,-100,100,flop,324,False,9d 3c Tc,"[{""action"": ""small_blind"", ""amount"": 50, ""seat"": 0}, {""action"": ""big_blind"", ""amount"": 100, ""seat"": 1}, {""action"": ""call"", ""amount"": 50, ""seat"": 0}, {""action"": ""check"", ""amount"": 0, ""seat"": 1}, {""action"": ""check"", ""amount"": 0, ""seat"": 1}, {""action"": ""raise"", ""amount"": 124, ""seat"": 0}, {""action"": ""fold"", ""amount"": 0, ""seat"": 1}]"
overfold_exploiter,2026060729,1,176,deployed_overfold_exploiter_s2026060729_o1_h0176,flop,flop_cbet_or_probe,overfold_exploiter,raise,124,324,7,8,324,-100,100,flop,324,False,Jd Kc 9s,"[{""action"": ""small_blind"", ""amount"": 50, ""seat"": 0}, {""action"": ""big_blind"", ""amount"": 100, ""seat"": 1}, {""action"": ""call"", ""amount"": 50, ""seat"": 0}, {""action"": ""check"", ""amount"": 0, ""seat"": 1}, {""action"": ""check"", ""amount"": 0, ""seat"": 1}, {""action"": ""raise"", ""amount"": 124, ""seat"": 0}, {""action"": ""fold"", ""amount"": 0, ""seat"": 1}]"
overfold_exploiter,2026060729,1,180,deployed_overfold_exploiter_s2026060729_o1_h0180,turn,turn_barrel,overfold_exploiter,raise,322,770,11,12,770,-224,224,turn,770,False,2d 8d Qd 9h,"[{""action"": ""small_blind"", ""amount"": 50, ""seat"": 0}, {""action"": ""big_blind"", ""amount"": 100, ""seat"": 1}, {""action"": ""call"", ""amount"": 50, ""seat"": 0}, {""action"": ""check"", ""amount"": 0, ""seat"": 1}, {""action"": ""check"", ""amount"": 0, ""seat"": 1}, {""action"": ""raise"", ""amount"": 124, ""seat"": 0}, {""action"": ""call"", ""amount"": 124, ""seat"": 1}, {""action"": ""check"", ""amount"": 0, ""seat"": 1}, {""action"": ""raise"", ""amount"": 322, ""seat"": 0}, {""action"": ""fold"", ""amount"": 0, ""seat"": 1}]"
overfold_exploiter,2026060729,1,186,deployed_overfold_exploiter_s2026060729_o1_h0186,flop,flop_cbet_or_probe,overfold_exploiter,raise,124,324,7,8,324,-100,100,flop,324,False,Jc 7s Qs,"[{""action"": ""small_blind"", ""amount"": 50, ""seat"": 0}, {""action"": ""big_blind"", ""amount"": 100, ""seat"": 1}, {""action"": ""call"", ""amount"": 50, ""seat"": 0}, {""action"": ""check"", ""amount"": 0, ""seat"": 1}, {""action"": ""check"", ""amount"": 0, ""seat"": 1}, {""action"": ""raise"", ""amount"": 124, ""seat"": 0}, {""action"": ""fold"", ""amount"": 0, ""seat"": 1}]"
overfold_exploiter,2026060729,1,190,deployed_overfold_exploiter_s2026060729_o1_h0190,flop,flop_cbet_or_probe,overfold_exploiter,raise,124,324,7,8,324,-100,100,flop,324,False,Ad 5s Tc,"[{""action"": ""small_blind"", ""amount"": 50, ""seat"": 0}, {""action"": ""big_blind"", ""amount"": 100, ""seat"": 1}, {""action"": ""call"", ""amount"": 50, ""seat"": 0}, {""action"": ""check"", ""amount"": 0, ""seat"": 1}, {""action"": ""check"", ""amount"": 0, ""seat"": 1}, {""action"": ""raise"", ""amount"": 124, ""seat"": 0}, {""action"": ""fold"", ""amount"": 0, ""seat"": 1}]"
overfold_exploiter,2026060729,1,198,deployed_overfold_exploiter_s2026060729_o1_h0198,flop,flop_cbet_or_probe,overfold_exploiter,raise,124,324,7,8,324,-100,100,flop,324,False,9c Tc 7s,"[{""action"": ""small_blind"", ""amount"": 50, ""seat"": 0}, {""action"": ""big_blind"", ""amount"": 100, ""seat"": 1}, {""action"": ""call"", ""amount"": 50, ""seat"": 0}, {""action"": ""check"", ""amount"": 0, ""seat"": 1}, {""action"": ""check"", ""amount"": 0, ""seat"": 1}, {""action"": ""raise"", ""amount"": 124, ""seat"": 0}, {""action"": ""fold"", ""amount"": 0, ""seat"": 1}]"
overfold_exploiter,2026060730,0,11,deployed_overfold_exploiter_s2026060730_o0_h0011,flop,flop_cbet_or_probe,overfold_exploiter,raise,124,324,7,8,324,-100,100,flop,324,False,Ks 8s Jh,"[{""action"": ""small_blind"", ""amount"": 50, ""seat"": 1}, {""action"": ""big_blind"", ""amount"": 100, ""seat"": 0}, {""action"": ""call"", ""amount"": 50, ""seat"": 1}, {""action"": ""check"", ""amount"": 0, ""seat"": 0}, {""action"": ""check"", ""amount"": 0, ""seat"": 0}, {""action"": ""raise"", ""amount"": 124, ""seat"": 1}, {""action"": ""fold"", ""amount"": 0, ""seat"": 0}]"
overfold_exploiter,2026060730,0,29,deployed_overfold_exploiter_s2026060730_o0_h0029,flop,flop_cbet_or_probe,overfold_exploiter,raise,124,324,7,8,324,-100,100,flop,324,False,4s 6s Kd,"[{""action"": ""small_blind"", ""amount"": 50, ""seat"": 1}, {""action"": ""big_blind"", ""amount"": 100, ""seat"": 0}, {""action"": ""call"", ""amount"": 50, ""seat"": 1}, {""action"": ""check"", ""amount"": 0, ""seat"": 0}, {""action"": ""check"", ""amount"": 0, ""seat"": 0}, {""action"": ""raise"", ""amount"": 124, ""seat"": 1}, {""action"": ""fold"", ""amount"": 0, ""seat"": 0}]"
overfold_exploiter,2026060730,0,43,deployed_overfold_exploiter_s2026060730_o0_h0043,flop,flop_cbet_or_probe,overfold_exploiter,raise,124,324,7,8,324,-100,100,flop,324,False,Kd 7h Ks,"[{""action"": ""small_blind"", ""amount"": 50, ""seat"": 1}, {""action"": ""big_blind"", ""amount"": 100, ""seat"": 0}, {""action"": ""call"", ""amount"": 50, ""seat"": 1}, {""action"": ""check"", ""amount"": 0, ""seat"": 0}, {""action"": ""check"", ""amount"": 0, ""seat"": 0}, {""action"": ""raise"", ""amount"": 124, ""seat"": 1}, {""action"": ""fold"", ""amount"": 0, ""seat"": 0}]"
overfold_exploiter,2026060730,0,45,deployed_overfold_exploiter_s2026060730_o0_h0045,flop,flop_cbet_or_probe,overfold_exploiter,raise,124,324,7,8,324,-100,100,flop,324,False,Jd 2h Js,"[{""action"": ""small_blind"", ""amount"": 50, ""seat"": 1}, {""action"": ""big_blind"", ""amount"": 100, ""seat"": 0}, {""action"": ""call"", ""amount"": 50, ""seat"": 1}, {""action"": ""check"", ""amount"": 0, ""seat"": 0}, {""action"": ""check"", ""amount"": 0, ""seat"": 0}, {""action"": ""raise"", ""amount"": 124, ""seat"": 1}, {""action"": ""fold"", ""amount"": 0, ""seat"": 0}]"
overfold_exploiter,2026060730,0,47,deployed_overfold_exploiter_s2026060730_o0_h0047,flop,flop_cbet_or_probe,overfold_exploiter,raise,124,324,7,8,324,-100,100,flop,324,False,Th Kh 8c,"[{""action"": ""small_blind"", ""amount"": 50, ""seat"": 1}, {""action"": ""big_blind"", ""amount"": 100, ""seat"": 0}, {""action"": ""call"", ""amount"": 50, ""seat"": 1}, {""action"": ""check"", ""amount"": 0, ""seat"": 0}, {""action"": ""check"", ""amount"": 0, ""seat"": 0}, {""action"": ""raise"", ""amount"": 124, ""seat"": 1}, {""action"": ""fold"", ""amount"": 0, ""seat"": 0}]"
overfold_exploiter,2026060730,0,49,deployed_overfold_exploiter_s2026060730_o0_h0049,flop,flop_cbet_or_probe,overfold_exploiter,raise,124,324,7,8,324,-100,100,flop,324,False,9h Ah 6h,"[{""action"": ""small_blind"", ""amount"": 50, ""seat"": 1}, {""action"": ""big_blind"", ""amount"": 100, ""seat"": 0}, {""action"": ""call"", ""amount"": 50, ""seat"": 1}, {""action"": ""check"", ""amount"": 0, ""seat"": 0}, {""action"": ""check"", ""amount"": 0, ""seat"": 0}, {""action"": ""raise"", ""amount"": 124, ""seat"": 1}, {""action"": ""fold"", ""amount"": 0, ""seat"": 0}]"
overfold_exploiter,2026060730,0,51,deployed_overfold_exploiter_s2026060730_o0_h0051,flop,flop_cbet_or_probe,overfold_exploiter,raise,124,324,7,8,324,-100,100,flop,324,False,8s 3h 9s,"[{""action"": ""small_blind"", ""amount"": 50, ""seat"": 1}, {""action"": ""big_blind"", ""amount"": 100, ""seat"": 0}, {""action"": ""call"", ""amount"": 50, ""seat"": 1}, {""action"": ""check"", ""amount"": 0, ""seat"": 0}, {""action"": ""check"", ""amount"": 0, ""seat"": 0}, {""action"": ""raise"", ""amount"": 124, ""seat"": 1}, {""action"": ""fold"", ""amount"": 0, ""seat"": 0}]"
overfold_exploiter,2026060730,0,59,deployed_overfold_exploiter_s2026060730_o0_h0059,flop,flop_cbet_or_probe,overfold_exploiter,raise,124,324,7,8,324,-100,100,flop,324,False,Jc Qd 7c,"[{""action"": ""small_blind"", ""amount"": 50, ""seat"": 1}, {""action"": ""big_blind"", ""amount"": 100, ""seat"": 0}, {""action"": ""call"", ""amount"": 50, ""seat"": 1}, {""action"": ""check"", ""amount"": 0, ""seat"": 0}, {""action"": ""check"", ""amount"": 0, ""seat"": 0}, {""action"": ""raise"", ""amount"": 124, ""seat"": 1}, {""action"": ""fold"", ""amount"": 0, ""seat"": 0}]"
overfold_exploiter,2026060730,0,73,deployed_overfold_exploiter_s2026060730_o0_h0073,flop,flop_cbet_or_probe,overfold_exploiter,raise,124,324,7,8,324,-100,100,flop,324,False,Jd 5c 2d,"[{""action"": ""small_blind"", ""amount"": 50, ""seat"": 1}, {""action"": ""big_blind"", ""amount"": 100, ""seat"": 0}, {""action"": ""call"", ""amount"": 50, ""seat"": 1}, {""action"": ""check"", ""amount"": 0, ""seat"": 0}, {""action"": ""check"", ""amount"": 0, ""seat"": 0}, {""action"": ""raise"", ""amount"": 124, ""seat"": 1}, {""action"": ""fold"", ""amount"": 0, ""seat"": 0}]"
overfold_exploiter,2026060730,0,74,deployed_overfold_exploiter_s2026060730_o0_h0074,flop,flop_cbet_or_probe,overfold_exploiter,raise,310,810,6,7,810,-250,250,flop,810,False,6d 9c Qc,"[{""action"": ""small_blind"", ""amount"": 50, ""seat"": 0}, {""action"": ""big_blind"", ""amount"": 100, ""seat"": 1}, {""action"": ""raise"", ""amount"": 250, ""seat"": 0}, {""action"": ""call"", ""amount"": 150, ""seat"": 1}, {""action"": ""raise"", ""amount"": 310, ""seat"": 1}, {""action"": ""fold"", ""amount"": 0, ""seat"": 0}]"
overfold_exploiter,2026060730,0,79,deployed_overfold_exploiter_s2026060730_o0_h0079,flop,flop_cbet_or_probe,overfold_exploiter,raise,124,324,7,8,324,-100,100,flop,324,False,Js 5d 9c,"[{""action"": ""small_blind"", ""amount"": 50, ""seat"": 1}, {""action"": ""big_blind"", ""amount"": 100, ""seat"": 0}, {""action"": ""call"", ""amount"": 50, ""seat"": 1}, {""action"": ""check"", ""amount"": 0, ""seat"": 0}, {""action"": ""check"", ""amount"": 0, ""seat"": 0}, {""action"": ""raise"", ""amount"": 124, ""seat"": 1}, {""action"": ""fold"", ""amount"": 0, ""seat"": 0}]"
overfold_exploiter,2026060730,0,81,deployed_overfold_exploiter_s2026060730_o0_h0081,turn,turn_probe,overfold_exploiter,raise,144,344,10,11,344,-100,100,turn,344,False,Th 9h 3s Qc,"[{""action"": ""small_blind"", ""amount"": 50, ""seat"": 1}, {""action"": ""big_blind"", ""amount"": 100, ""seat"": 0}, {""action"": ""call"", ""amount"": 50, ""seat"": 1}, {""action"": ""check"", ""amount"": 0, ""seat"": 0}, {""action"": ""check"", ""amount"": 0, ""seat"": 0}, {""action"": ""check"", ""amount"": 0, ""seat"": 1}, {""action"": ""check"", ""amount"": 0, ""seat"": 0}, {""action"": ""raise"", ""amount"": 144, ""seat"": 1}, {""action"": ""fold"", ""amount"": 0, ""seat"": 0}]"
overfold_exploiter,2026060730,0,97,deployed_overfold_exploiter_s2026060730_o0_h0097,flop,flop_cbet_or_probe,overfold_exploiter,raise,281,735,7,8,735,-227,227,flop,735,False,6d Qd 9s,"[{""action"": ""small_blind"", ""amount"": 50, ""seat"": 1}, {""action"": ""big_blind"", ""amount"": 100, ""seat"": 0}, {""action"": ""raise"", ""amount"": 227, ""seat"": 1}, {""action"": ""call"", ""amount"": 127, ""seat"": 0}, {""action"": ""check"", ""amount"": 0, ""seat"": 0}, {""action"": ""raise"", ""amount"": 281, ""seat"": 1}, {""action"": ""fold"", ""amount"": 0, ""seat"": 0}]"
overfold_exploiter,2026060730,0,105,deployed_overfold_exploiter_s2026060730_o0_h0105,flop,flop_cbet_or_probe,overfold_exploiter,raise,124,324,7,8,324,-100,100,flop,324,False,9d Qs Kc,"[{""action"": ""small_blind"", ""amount"": 50, ""seat"": 1}, {""action"": ""big_blind"", ""amount"": 100, ""seat"": 0}, {""action"": ""call"", ""amount"": 50, ""seat"": 1}, {""action"": ""check"", ""amount"": 0, ""seat"": 0}, {""action"": ""check"", ""amount"": 0, ""seat"": 0}, {""action"": ""raise"", ""amount"": 124, ""seat"": 1}, {""action"": ""fold"", ""amount"": 0, ""seat"": 0}]"
overfold_exploiter,2026060730,0,123,deployed_overfold_exploiter_s2026060730_o0_h0123,flop,flop_cbet_or_probe,overfold_exploiter,raise,124,324,7,8,324,-100,100,flop,324,False,2h 7c Js,"[{""action"": ""small_blind"", ""amount"": 50, ""seat"": 1}, {""action"": ""big_blind"", ""amount"": 100, ""seat"": 0}, {""action"": ""call"", ""amount"": 50, ""seat"": 1}, {""action"": ""check"", ""amount"": 0, ""seat"": 0}, {""action"": ""check"", ""amount"": 0, ""seat"": 0}, {""action"": ""raise"", ""amount"": 124, ""seat"": 1}, {""action"": ""fold"", ""amount"": 0, ""seat"": 0}]"
overfold_exploiter,2026060730,0,143,deployed_overfold_exploiter_s2026060730_o0_h0143,flop,flop_cbet_or_probe,overfold_exploiter,raise,124,324,7,8,324,-100,100,flop,324,False,7s 9s Kh,"[{""action"": ""small_blind"", ""amount"": 50, ""seat"": 1}, {""action"": ""big_blind"", ""amount"": 100, ""seat"": 0}, {""action"": ""call"", ""amount"": 50, ""seat"": 1}, {""action"": ""check"", ""amount"": 0, ""seat"": 0}, {""action"": ""check"", ""amount"": 0, ""seat"": 0}, {""action"": ""raise"", ""amount"": 124, ""seat"": 1}, {""action"": ""fold"", ""amount"": 0, ""seat"": 0}]"
overfold_exploiter,2026060730,0,147,deployed_overfold_exploiter_s2026060730_o0_h0147,flop,flop_cbet_or_probe,overfold_exploiter,raise,124,324,7,8,324,-100,100,flop,324,False,Tc 2s 4h,"[{""action"": ""small_blind"", ""amount"": 50, ""seat"": 1}, {""action"": ""big_blind"", ""amount"": 100, ""seat"": 0}, {""action"": ""call"", ""amount"": 50, ""seat"": 1}, {""action"": ""check"", ""amount"": 0, ""seat"": 0}, {""action"": ""check"", ""amount"": 0, ""seat"": 0}, {""action"": ""raise"", ""amount"": 124, ""seat"": 1}, {""action"": ""fold"", ""amount"": 0, ""seat"": 0}]"
overfold_exploiter,2026060730,0,149,deployed_overfold_exploiter_s2026060730_o0_h0149,flop,flop_cbet_or_probe,overfold_exploiter,raise,124,324,7,8,324,-100,100,flop,324,False,Qd 6d 7c,"[{""action"": ""small_blind"", ""amount"": 50, ""seat"": 1}, {""action"": ""big_blind"", ""amount"": 100, ""seat"": 0}, {""action"": ""call"", ""amount"": 50, ""seat"": 1}, {""action"": ""check"", ""amount"": 0, ""seat"": 0}, {""action"": ""check"", ""amount"": 0, ""seat"": 0}, {""action"": ""raise"", ""amount"": 124, ""seat"": 1}, {""action"": ""fold"", ""amount"": 0, ""seat"": 0}]"
overfold_exploiter,2026060730,0,153,deployed_overfold_exploiter_s2026060730_o0_h0153,flop,flop_cbet_or_probe,overfold_exploiter,raise,124,324,7,8,324,-100,100,flop,324,False,Qc 9c 7s,"[{""action"": ""small_blind"", ""amount"": 50, ""seat"": 1}, {""action"": ""big_blind"", ""amount"": 100, ""seat"": 0}, {""action"": ""call"", ""amount"": 50, ""seat"": 1}, {""action"": ""check"", ""amount"": 0, ""seat"": 0}, {""action"": ""check"", ""amount"": 0, ""seat"": 0}, {""action"": ""raise"", ""amount"": 124, ""seat"": 1}, {""action"": ""fold"", ""amount"": 0, ""seat"": 0}]"
overfold_exploiter,2026060730,0,173,deployed_overfold_exploiter_s2026060730_o0_h0173,flop,flop_cbet_or_probe,overfold_exploiter,raise,124,324,7,8,324,-100,100,flop,324,False,2h Qc Ac,"[{""action"": ""small_blind"", ""amount"": 50, ""seat"": 1}, {""action"": ""big_blind"", ""amount"": 100, ""seat"": 0}, {""action"": ""call"", ""amount"": 50, ""seat"": 1}, {""action"": ""check"", ""amount"": 0, ""seat"": 0}, {""action"": ""check"", ""amount"": 0, ""seat"": 0}, {""action"": ""raise"", ""amount"": 124, ""seat"": 1}, {""action"": ""fold"", ""amount"": 0, ""seat"": 0}]"
overfold_exploiter,2026060730,0,175,deployed_overfold_exploiter_s2026060730_o0_h0175,flop,flop_cbet_or_probe,overfold_exploiter,raise,124,324,7,8,324,-100,100,flop,324,False,Tc 3h 7d,"[{""action"": ""small_blind"", ""amount"": 50, ""seat"": 1}, {""action"": ""big_blind"", ""amount"": 100, ""seat"": 0}, {""action"": ""call"", ""amount"": 50, ""seat"": 1}, {""action"": ""check"", ""amount"": 0, ""seat"": 0}, {""action"": ""check"", ""amount"": 0, ""seat"": 0}, {""action"": ""raise"", ""amount"": 124, ""seat"": 1}, {""action"": ""fold"", ""amount"": 0, ""seat"": 0}]"
overfold_exploiter,2026060730,1,20,deployed_overfold_exploiter_s2026060730_o1_h0020,turn,turn_probe,overfold_exploiter,raise,144,344,10,11,344,-100,100,turn,344,False,8d 6s 2s 6h,"[{""action"": ""small_blind"", ""amount"": 50, ""seat"": 0}, {""action"": ""big_blind"", ""amount"": 100, ""seat"": 1}, {""action"": ""call"", ""amount"": 50, ""seat"": 0}, {""action"": ""check"", ""amount"": 0, ""seat"": 1}, {""action"": ""check"", ""amount"": 0, ""seat"": 1}, {""action"": ""check"", ""amount"": 0, ""seat"": 0}, {""action"": ""check"", ""amount"": 0, ""seat"": 1}, {""action"": ""raise"", ""amount"": 144, ""seat"": 0}, {""action"": ""fold"", ""amount"": 0, ""seat"": 1}]"
overfold_exploiter,2026060730,1,22,deployed_overfold_exploiter_s2026060730_o1_h0022,flop,flop_cbet_or_probe,overfold_exploiter,raise,124,324,7,8,324,-100,100,flop,324,False,4d 4h 2d,"[{""action"": ""small_blind"", ""amount"": 50, ""seat"": 0}, {""action"": ""big_blind"", ""amount"": 100, ""seat"": 1}, {""action"": ""call"", ""amount"": 50, ""seat"": 0}, {""action"": ""check"", ""amount"": 0, ""seat"": 1}, {""action"": ""check"", ""amount"": 0, ""seat"": 1}, {""action"": ""raise"", ""amount"": 124, ""seat"": 0}, {""action"": ""fold"", ""amount"": 0, ""seat"": 1}]"
overfold_exploiter,2026060730,1,24,deployed_overfold_exploiter_s2026060730_o1_h0024,flop,flop_cbet_or_probe,overfold_exploiter,raise,124,324,7,8,324,-100,100,flop,324,False,Kh 8h 8c,"[{""action"": ""small_blind"", ""amount"": 50, ""seat"": 0}, {""action"": ""big_blind"", ""amount"": 100, ""seat"": 1}, {""action"": ""call"", ""amount"": 50, ""seat"": 0}, {""action"": ""check"", ""amount"": 0, ""seat"": 1}, {""action"": ""check"", ""amount"": 0, ""seat"": 1}, {""action"": ""raise"", ""amount"": 124, ""seat"": 0}, {""action"": ""fold"", ""amount"": 0, ""seat"": 1}]"
overfold_exploiter,2026060730,1,26,deployed_overfold_exploiter_s2026060730_o1_h0026,turn,turn_barrel,overfold_exploiter,raise,322,770,11,12,770,-224,224,turn,770,False,Qc 2h Jc Kd,"[{""action"": ""small_blind"", ""amount"": 50, ""seat"": 0}, {""action"": ""big_blind"", ""amount"": 100, ""seat"": 1}, {""action"": ""call"", ""amount"": 50, ""seat"": 0}, {""action"": ""check"", ""amount"": 0, ""seat"": 1}, {""action"": ""check"", ""amount"": 0, ""seat"": 1}, {""action"": ""raise"", ""amount"": 124, ""seat"": 0}, {""action"": ""call"", ""amount"": 124, ""seat"": 1}, {""action"": ""check"", ""amount"": 0, ""seat"": 1}, {""action"": ""raise"", ""amount"": 322, ""seat"": 0}, {""action"": ""fold"", ""amount"": 0, ""seat"": 1}]"
overfold_exploiter,2026060730,1,44,deployed_overfold_exploiter_s2026060730_o1_h0044,flop,flop_cbet_or_probe,overfold_exploiter,raise,124,324,7,8,324,-100,100,flop,324,False,4h Ts 4c,"[{""action"": ""small_blind"", ""amount"": 50, ""seat"": 0}, {""action"": ""big_blind"", ""amount"": 100, ""seat"": 1}, {""action"": ""call"", ""amount"": 50, ""seat"": 0}, {""action"": ""check"", ""amount"": 0, ""seat"": 1}, {""action"": ""check"", ""amount"": 0, ""seat"": 1}, {""action"": ""raise"", ""amount"": 124, ""seat"": 0}, {""action"": ""fold"", ""amount"": 0, ""seat"": 1}]"
overfold_exploiter,2026060730,1,48,deployed_overfold_exploiter_s2026060730_o1_h0048,flop,flop_cbet_or_probe,overfold_exploiter,raise,124,324,7,8,324,-100,100,flop,324,False,3h Qh 6d,"[{""action"": ""small_blind"", ""amount"": 50, ""seat"": 0}, {""action"": ""big_blind"", ""amount"": 100, ""seat"": 1}, {""action"": ""call"", ""amount"": 50, ""seat"": 0}, {""action"": ""check"", ""amount"": 0, ""seat"": 1}, {""action"": ""check"", ""amount"": 0, ""seat"": 1}, {""action"": ""raise"", ""amount"": 124, ""seat"": 0}, {""action"": ""fold"", ""amount"": 0, ""seat"": 1}]"
overfold_exploiter,2026060730,1,56,deployed_overfold_exploiter_s2026060730_o1_h0056,flop,flop_cbet_or_probe,overfold_exploiter,raise,124,324,7,8,324,-100,100,flop,324,False,Kc 9c 7h,"[{""action"": ""small_blind"", ""amount"": 50, ""seat"": 0}, {""action"": ""big_blind"", ""amount"": 100, ""seat"": 1}, {""action"": ""call"", ""amount"": 50, ""seat"": 0}, {""action"": ""check"", ""amount"": 0, ""seat"": 1}, {""action"": ""check"", ""amount"": 0, ""seat"": 1}, {""action"": ""raise"", ""amount"": 124, ""seat"": 0}, {""action"": ""fold"", ""amount"": 0, ""seat"": 1}]"
overfold_exploiter,2026060730,1,70,deployed_overfold_exploiter_s2026060730_o1_h0070,flop,flop_cbet_or_probe,overfold_exploiter,raise,124,324,7,8,324,-100,100,flop,324,False,8d 6c 3s,"[{""action"": ""small_blind"", ""amount"": 50, ""seat"": 0}, {""action"": ""big_blind"", ""amount"": 100, ""seat"": 1}, {""action"": ""call"", ""amount"": 50, ""seat"": 0}, {""action"": ""check"", ""amount"": 0, ""seat"": 1}, {""action"": ""check"", ""amount"": 0, ""seat"": 1}, {""action"": ""raise"", ""amount"": 124, ""seat"": 0}, {""action"": ""fold"", ""amount"": 0, ""seat"": 1}]"
overfold_exploiter,2026060730,1,72,deployed_overfold_exploiter_s2026060730_o1_h0072,flop,flop_cbet_or_probe,overfold_exploiter,raise,124,324,7,8,324,-100,100,flop,324,False,Ks Qs 7s,"[{""action"": ""small_blind"", ""amount"": 50, ""seat"": 0}, {""action"": ""big_blind"", ""amount"": 100, ""seat"": 1}, {""action"": ""call"", ""amount"": 50, ""seat"": 0}, {""action"": ""check"", ""amount"": 0, ""seat"": 1}, {""action"": ""check"", ""amount"": 0, ""seat"": 1}, {""action"": ""raise"", ""amount"": 124, ""seat"": 0}, {""action"": ""fold"", ""amount"": 0, ""seat"": 1}]"
overfold_exploiter,2026060730,1,78,deployed_overfold_exploiter_s2026060730_o1_h0078,flop,flop_cbet_or_probe,overfold_exploiter,raise,124,324,7,8,324,-100,100,flop,324,False,2s Qd Td,"[{""action"": ""small_blind"", ""amount"": 50, ""seat"": 0}, {""action"": ""big_blind"", ""amount"": 100, ""seat"": 1}, {""action"": ""call"", ""amount"": 50, ""seat"": 0}, {""action"": ""check"", ""amount"": 0, ""seat"": 1}, {""action"": ""check"", ""amount"": 0, ""seat"": 1}, {""action"": ""raise"", ""amount"": 124, ""seat"": 0}, {""action"": ""fold"", ""amount"": 0, ""seat"": 1}]"
overfold_exploiter,2026060730,1,84,deployed_overfold_exploiter_s2026060730_o1_h0084,flop,flop_cbet_or_probe,overfold_exploiter,raise,124,324,7,8,324,-100,100,flop,324,False,Kd Ah As,"[{""action"": ""small_blind"", ""amount"": 50, ""seat"": 0}, {""action"": ""big_blind"", ""amount"": 100, ""seat"": 1}, {""action"": ""call"", ""amount"": 50, ""seat"": 0}, {""action"": ""check"", ""amount"": 0, ""seat"": 1}, {""action"": ""check"", ""amount"": 0, ""seat"": 1}, {""action"": ""raise"", ""amount"": 124, ""seat"": 0}, {""action"": ""fold"", ""amount"": 0, ""seat"": 1}]"
overfold_exploiter,2026060730,1,90,deployed_overfold_exploiter_s2026060730_o1_h0090,flop,flop_cbet_or_probe,overfold_exploiter,raise,124,324,7,8,324,-100,100,flop,324,False,Jc 4s Jh,"[{""action"": ""small_blind"", ""amount"": 50, ""seat"": 0}, {""action"": ""big_blind"", ""amount"": 100, ""seat"": 1}, {""action"": ""call"", ""amount"": 50, ""seat"": 0}, {""action"": ""check"", ""amount"": 0, ""seat"": 1}, {""action"": ""check"", ""amount"": 0, ""seat"": 1}, {""action"": ""raise"", ""amount"": 124, ""seat"": 0}, {""action"": ""fold"", ""amount"": 0, ""seat"": 1}]"
overfold_exploiter,2026060730,1,102,deployed_overfold_exploiter_s2026060730_o1_h0102,flop,flop_cbet_or_probe,overfold_exploiter,raise,124,324,7,8,324,-100,100,flop,324,False,Jc Qs 9d,"[{""action"": ""small_blind"", ""amount"": 50, ""seat"": 0}, {""action"": ""big_blind"", ""amount"": 100, ""seat"": 1}, {""action"": ""call"", ""amount"": 50, ""seat"": 0}, {""action"": ""check"", ""amount"": 0, ""seat"": 1}, {""action"": ""check"", ""amount"": 0, ""seat"": 1}, {""action"": ""raise"", ""amount"": 124, ""seat"": 0}, {""action"": ""fold"", ""amount"": 0, ""seat"": 1}]"
overfold_exploiter,2026060730,1,104,deployed_overfold_exploiter_s2026060730_o1_h0104,flop,flop_cbet_or_probe,overfold_exploiter,raise,124,324,7,8,324,-100,100,flop,324,False,9d 5h Jc,"[{""action"": ""small_blind"", ""amount"": 50, ""seat"": 0}, {""action"": ""big_blind"", ""amount"": 100, ""seat"": 1}, {""action"": ""call"", ""amount"": 50, ""seat"": 0}, {""action"": ""check"", ""amount"": 0, ""seat"": 1}, {""action"": ""check"", ""amount"": 0, ""seat"": 1}, {""action"": ""raise"", ""amount"": 124, ""seat"": 0}, {""action"": ""fold"", ""amount"": 0, ""seat"": 1}]"
overfold_exploiter,2026060730,1,116,deployed_overfold_exploiter_s2026060730_o1_h0116,flop,flop_cbet_or_probe,overfold_exploiter,raise,124,324,7,8,324,-100,100,flop,324,False,6d Kd 8h,"[{""action"": ""small_blind"", ""amount"": 50, ""seat"": 0}, {""action"": ""big_blind"", ""amount"": 100, ""seat"": 1}, {""action"": ""call"", ""amount"": 50, ""seat"": 0}, {""action"": ""check"", ""amount"": 0, ""seat"": 1}, {""action"": ""check"", ""amount"": 0, ""seat"": 1}, {""action"": ""raise"", ""amount"": 124, ""seat"": 0}, {""action"": ""fold"", ""amount"": 0, ""seat"": 1}]"
overfold_exploiter,2026060730,1,120,deployed_overfold_exploiter_s2026060730_o1_h0120,flop,flop_cbet_or_probe,overfold_exploiter,raise,124,324,7,8,324,-100,100,flop,324,False,8h Jc 2h,"[{""action"": ""small_blind"", ""amount"": 50, ""seat"": 0}, {""action"": ""big_blind"", ""amount"": 100, ""seat"": 1}, {""action"": ""call"", ""amount"": 50, ""seat"": 0}, {""action"": ""check"", ""amount"": 0, ""seat"": 1}, {""action"": ""check"", ""amount"": 0, ""seat"": 1}, {""action"": ""raise"", ""amount"": 124, ""seat"": 0}, {""action"": ""fold"", ""amount"": 0, ""seat"": 1}]"
overfold_exploiter,2026060730,1,130,deployed_overfold_exploiter_s2026060730_o1_h0130,flop,flop_cbet_or_probe,overfold_exploiter,raise,124,324,7,8,324,-100,100,flop,324,False,8s 2h 8d,"[{""action"": ""small_blind"", ""amount"": 50, ""seat"": 0}, {""action"": ""big_blind"", ""amount"": 100, ""seat"": 1}, {""action"": ""call"", ""amount"": 50, ""seat"": 0}, {""action"": ""check"", ""amount"": 0, ""seat"": 1}, {""action"": ""check"", ""amount"": 0, ""seat"": 1}, {""action"": ""raise"", ""amount"": 124, ""seat"": 0}, {""action"": ""fold"", ""amount"": 0, ""seat"": 1}]"
overfold_exploiter,2026060730,1,134,deployed_overfold_exploiter_s2026060730_o1_h0134,flop,flop_cbet_or_probe,overfold_exploiter,raise,124,324,7,8,324,-100,100,flop,324,False,Ah 7c Qh,"[{""action"": ""small_blind"", ""amount"": 50, ""seat"": 0}, {""action"": ""big_blind"", ""amount"": 100, ""seat"": 1}, {""action"": ""call"", ""amount"": 50, ""seat"": 0}, {""action"": ""check"", ""amount"": 0, ""seat"": 1}, {""action"": ""check"", ""amount"": 0, ""seat"": 1}, {""action"": ""raise"", ""amount"": 124, ""seat"": 0}, {""action"": ""fold"", ""amount"": 0, ""seat"": 1}]"
overfold_exploiter,2026060730,1,146,deployed_overfold_exploiter_s2026060730_o1_h0146,flop,flop_cbet_or_probe,overfold_exploiter,raise,124,324,7,8,324,-100,100,flop,324,False,4c 3h 8c,"[{""action"": ""small_blind"", ""amount"": 50, ""seat"": 0}, {""action"": ""big_blind"", ""amount"": 100, ""seat"": 1}, {""action"": ""call"", ""amount"": 50, ""seat"": 0}, {""action"": ""check"", ""amount"": 0, ""seat"": 1}, {""action"": ""check"", ""amount"": 0, ""seat"": 1}, {""action"": ""raise"", ""amount"": 124, ""seat"": 0}, {""action"": ""fold"", ""amount"": 0, ""seat"": 1}]"
overfold_exploiter,2026060730,1,148,deployed_overfold_exploiter_s2026060730_o1_h0148,flop,flop_cbet_or_probe,overfold_exploiter,raise,124,324,7,8,324,-100,100,flop,324,False,Ad Kc 8d,"[{""action"": ""small_blind"", ""amount"": 50, ""seat"": 0}, {""action"": ""big_blind"", ""amount"": 100, ""seat"": 1}, {""action"": ""call"", ""amount"": 50, ""seat"": 0}, {""action"": ""check"", ""amount"": 0, ""seat"": 1}, {""action"": ""check"", ""amount"": 0, ""seat"": 1}, {""action"": ""raise"", ""amount"": 124, ""seat"": 0}, {""action"": ""fold"", ""amount"": 0, ""seat"": 1}]"
overfold_exploiter,2026060730,1,160,deployed_overfold_exploiter_s2026060730_o1_h0160,flop,flop_cbet_or_probe,overfold_exploiter,raise,124,324,7,8,324,-100,100,flop,324,False,Th 3h 6d,"[{""action"": ""small_blind"", ""amount"": 50, ""seat"": 0}, {""action"": ""big_blind"", ""amount"": 100, ""seat"": 1}, {""action"": ""call"", ""amount"": 50, ""seat"": 0}, {""action"": ""check"", ""amount"": 0, ""seat"": 1}, {""action"": ""check"", ""amount"": 0, ""seat"": 1}, {""action"": ""raise"", ""amount"": 124, ""seat"": 0}, {""action"": ""fold"", ""amount"": 0, ""seat"": 1}]"
overfold_exploiter,2026060730,1,164,deployed_overfold_exploiter_s2026060730_o1_h0164,turn,turn_barrel,overfold_exploiter,raise,322,770,11,12,770,-224,224,turn,770,False,3s 8d 5s 2s,"[{""action"": ""small_blind"", ""amount"": 50, ""seat"": 0}, {""action"": ""big_blind"", ""amount"": 100, ""seat"": 1}, {""action"": ""call"", ""amount"": 50, ""seat"": 0}, {""action"": ""check"", ""amount"": 0, ""seat"": 1}, {""action"": ""check"", ""amount"": 0, ""seat"": 1}, {""action"": ""raise"", ""amount"": 124, ""seat"": 0}, {""action"": ""call"", ""amount"": 124, ""seat"": 1}, {""action"": ""check"", ""amount"": 0, ""seat"": 1}, {""action"": ""raise"", ""amount"": 322, ""seat"": 0}, {""action"": ""fold"", ""amount"": 0, ""seat"": 1}]"
overfold_exploiter,2026060731,0,3,deployed_overfold_exploiter_s2026060731_o0_h0003,flop,flop_cbet_or_probe,overfold_exploiter,raise,620,1620,8,9,1620,-500,500,flop,1620,False,Jc 3s 5c,"[{""action"": ""small_blind"", ""amount"": 50, ""seat"": 1}, {""action"": ""big_blind"", ""amount"": 100, ""seat"": 0}, {""action"": ""call"", ""amount"": 50, ""seat"": 1}, {""action"": ""raise"", ""amount"": 500, ""seat"": 0}, {""action"": ""call"", ""amount"": 400, ""seat"": 1}, {""action"": ""check"", ""amount"": 0, ""seat"": 0}, {""action"": ""raise"", ""amount"": 620, ""seat"": 1}, {""action"": ""fold"", ""amount"": 0, ""seat"": 0}]"
overfold_exploiter,2026060731,0,45,deployed_overfold_exploiter_s2026060731_o0_h0045,flop,flop_cbet_or_probe,overfold_exploiter,raise,124,324,7,8,324,-100,100,flop,324,False,2s 9s Ac,"[{""action"": ""small_blind"", ""amount"": 50, ""seat"": 1}, {""action"": ""big_blind"", ""amount"": 100, ""seat"": 0}, {""action"": ""call"", ""amount"": 50, ""seat"": 1}, {""action"": ""check"", ""amount"": 0, ""seat"": 0}, {""action"": ""check"", ""amount"": 0, ""seat"": 0}, {""action"": ""raise"", ""amount"": 124, ""seat"": 1}, {""action"": ""fold"", ""amount"": 0, ""seat"": 0}]"
overfold_exploiter,2026060731,0,47,deployed_overfold_exploiter_s2026060731_o0_h0047,flop,flop_cbet_or_probe,overfold_exploiter,raise,124,324,7,8,324,-100,100,flop,324,False,4h 5d 5s,"[{""action"": ""small_blind"", ""amount"": 50, ""seat"": 1}, {""action"": ""big_blind"", ""amount"": 100, ""seat"": 0}, {""action"": ""call"", ""amount"": 50, ""seat"": 1}, {""action"": ""check"", ""amount"": 0, ""seat"": 0}, {""action"": ""check"", ""amount"": 0, ""seat"": 0}, {""action"": ""raise"", ""amount"": 124, ""seat"": 1}, {""action"": ""fold"", ""amount"": 0, ""seat"": 0}]"
overfold_exploiter,2026060731,0,57,deployed_overfold_exploiter_s2026060731_o0_h0057,flop,flop_cbet_or_probe,overfold_exploiter,raise,124,324,7,8,324,-100,100,flop,324,False,Qd Kh 6c,"[{""action"": ""small_blind"", ""amount"": 50, ""seat"": 1}, {""action"": ""big_blind"", ""amount"": 100, ""seat"": 0}, {""action"": ""call"", ""amount"": 50, ""seat"": 1}, {""action"": ""check"", ""amount"": 0, ""seat"": 0}, {""action"": ""check"", ""amount"": 0, ""seat"": 0}, {""action"": ""raise"", ""amount"": 124, ""seat"": 1}, {""action"": ""fold"", ""amount"": 0, ""seat"": 0}]"
overfold_exploiter,2026060731,0,59,deployed_overfold_exploiter_s2026060731_o0_h0059,flop,flop_cbet_or_probe,overfold_exploiter,raise,124,324,7,8,324,-100,100,flop,324,False,9s Th 2h,"[{""action"": ""small_blind"", ""amount"": 50, ""seat"": 1}, {""action"": ""big_blind"", ""amount"": 100, ""seat"": 0}, {""action"": ""call"", ""amount"": 50, ""seat"": 1}, {""action"": ""check"", ""amount"": 0, ""seat"": 0}, {""action"": ""check"", ""amount"": 0, ""seat"": 0}, {""action"": ""raise"", ""amount"": 124, ""seat"": 1}, {""action"": ""fold"", ""amount"": 0, ""seat"": 0}]"
overfold_exploiter,2026060731,0,69,deployed_overfold_exploiter_s2026060731_o0_h0069,flop,flop_cbet_or_probe,overfold_exploiter,raise,124,324,7,8,324,-100,100,flop,324,False,Kc Tc Qs,"[{""action"": ""small_blind"", ""amount"": 50, ""seat"": 1}, {""action"": ""big_blind"", ""amount"": 100, ""seat"": 0}, {""action"": ""call"", ""amount"": 50, ""seat"": 1}, {""action"": ""check"", ""amount"": 0, ""seat"": 0}, {""action"": ""check"", ""amount"": 0, ""seat"": 0}, {""action"": ""raise"", ""amount"": 124, ""seat"": 1}, {""action"": ""fold"", ""amount"": 0, ""seat"": 0}]"
overfold_exploiter,2026060731,0,79,deployed_overfold_exploiter_s2026060731_o0_h0079,flop,flop_cbet_or_probe,overfold_exploiter,raise,124,324,7,8,324,-100,100,flop,324,False,8d 2s As,"[{""action"": ""small_blind"", ""amount"": 50, ""seat"": 1}, {""action"": ""big_blind"", ""amount"": 100, ""seat"": 0}, {""action"": ""call"", ""amount"": 50, ""seat"": 1}, {""action"": ""check"", ""amount"": 0, ""seat"": 0}, {""action"": ""check"", ""amount"": 0, ""seat"": 0}, {""action"": ""raise"", ""amount"": 124, ""seat"": 1}, {""action"": ""fold"", ""amount"": 0, ""seat"": 0}]"
overfold_exploiter,2026060731,0,87,deployed_overfold_exploiter_s2026060731_o0_h0087,flop,flop_cbet_or_probe,overfold_exploiter,raise,124,324,7,8,324,-100,100,flop,324,False,2c Ac Qs,"[{""action"": ""small_blind"", ""amount"": 50, ""seat"": 1}, {""action"": ""big_blind"", ""amount"": 100, ""seat"": 0}, {""action"": ""call"", ""amount"": 50, ""seat"": 1}, {""action"": ""check"", ""amount"": 0, ""seat"": 0}, {""action"": ""check"", ""amount"": 0, ""seat"": 0}, {""action"": ""raise"", ""amount"": 124, ""seat"": 1}, {""action"": ""fold"", ""amount"": 0, ""seat"": 0}]"
overfold_exploiter,2026060731,0,107,deployed_overfold_exploiter_s2026060731_o0_h0107,flop,flop_cbet_or_probe,overfold_exploiter,raise,124,324,7,8,324,-100,100,flop,324,False,Kh 8d 7h,"[{""action"": ""small_blind"", ""amount"": 50, ""seat"": 1}, {""action"": ""big_blind"", ""amount"": 100, ""seat"": 0}, {""action"": ""call"", ""amount"": 50, ""seat"": 1}, {""action"": ""check"", ""amount"": 0, ""seat"": 0}, {""action"": ""check"", ""amount"": 0, ""seat"": 0}, {""action"": ""raise"", ""amount"": 124, ""seat"": 1}, {""action"": ""fold"", ""amount"": 0, ""seat"": 0}]"
overfold_exploiter,2026060731,0,113,deployed_overfold_exploiter_s2026060731_o0_h0113,flop,flop_cbet_or_probe,overfold_exploiter,raise,124,324,7,8,324,-100,100,flop,324,False,9h Qh 3h,"[{""action"": ""small_blind"", ""amount"": 50, ""seat"": 1}, {""action"": ""big_blind"", ""amount"": 100, ""seat"": 0}, {""action"": ""call"", ""amount"": 50, ""seat"": 1}, {""action"": ""check"", ""amount"": 0, ""seat"": 0}, {""action"": ""check"", ""amount"": 0, ""seat"": 0}, {""action"": ""raise"", ""amount"": 124, ""seat"": 1}, {""action"": ""fold"", ""amount"": 0, ""seat"": 0}]"
overfold_exploiter,2026060731,0,115,deployed_overfold_exploiter_s2026060731_o0_h0115,flop,flop_cbet_or_probe,overfold_exploiter,raise,124,324,7,8,324,-100,100,flop,324,False,Td Kc 5c,"[{""action"": ""small_blind"", ""amount"": 50, ""seat"": 1}, {""action"": ""big_blind"", ""amount"": 100, ""seat"": 0}, {""action"": ""call"", ""amount"": 50, ""seat"": 1}, {""action"": ""check"", ""amount"": 0, ""seat"": 0}, {""action"": ""check"", ""amount"": 0, ""seat"": 0}, {""action"": ""raise"", ""amount"": 124, ""seat"": 1}, {""action"": ""fold"", ""amount"": 0, ""seat"": 0}]"
overfold_exploiter,2026060731,0,119,deployed_overfold_exploiter_s2026060731_o0_h0119,flop,flop_cbet_or_probe,overfold_exploiter,raise,124,324,7,8,324,-100,100,flop,324,False,9h Qh 3d,"[{""action"": ""small_blind"", ""amount"": 50, ""seat"": 1}, {""action"": ""big_blind"", ""amount"": 100, ""seat"": 0}, {""action"": ""call"", ""amount"": 50, ""seat"": 1}, {""action"": ""check"", ""amount"": 0, ""seat"": 0}, {""action"": ""check"", ""amount"": 0, ""seat"": 0}, {""action"": ""raise"", ""amount"": 124, ""seat"": 1}, {""action"": ""fold"", ""amount"": 0, ""seat"": 0}]"
overfold_exploiter,2026060731,0,125,deployed_overfold_exploiter_s2026060731_o0_h0125,flop,flop_cbet_or_probe,overfold_exploiter,raise,124,324,7,8,324,-100,100,flop,324,False,7s 4c Ts,"[{""action"": ""small_blind"", ""amount"": 50, ""seat"": 1}, {""action"": ""big_blind"", ""amount"": 100, ""seat"": 0}, {""action"": ""call"", ""amount"": 50, ""seat"": 1}, {""action"": ""check"", ""amount"": 0, ""seat"": 0}, {""action"": ""check"", ""amount"": 0, ""seat"": 0}, {""action"": ""raise"", ""amount"": 124, ""seat"": 1}, {""action"": ""fold"", ""amount"": 0, ""seat"": 0}]"
overfold_exploiter,2026060731,0,131,deployed_overfold_exploiter_s2026060731_o0_h0131,flop,flop_cbet_or_probe,overfold_exploiter,raise,124,324,7,8,324,-100,100,flop,324,False,4d 2s 4c,"[{""action"": ""small_blind"", ""amount"": 50, ""seat"": 1}, {""action"": ""big_blind"", ""amount"": 100, ""seat"": 0}, {""action"": ""call"", ""amount"": 50, ""seat"": 1}, {""action"": ""check"", ""amount"": 0, ""seat"": 0}, {""action"": ""check"", ""amount"": 0, ""seat"": 0}, {""action"": ""raise"", ""amount"": 124, ""seat"": 1}, {""action"": ""fold"", ""amount"": 0, ""seat"": 0}]"
overfold_exploiter,2026060731,0,133,deployed_overfold_exploiter_s2026060731_o0_h0133,turn,turn_barrel,overfold_exploiter,raise,322,770,11,12,770,-224,224,turn,770,False,9c Qh Tc Ah,"[{""action"": ""small_blind"", ""amount"": 50, ""seat"": 1}, {""action"": ""big_blind"", ""amount"": 100, ""seat"": 0}, {""action"": ""call"", ""amount"": 50, ""seat"": 1}, {""action"": ""check"", ""amount"": 0, ""seat"": 0}, {""action"": ""check"", ""amount"": 0, ""seat"": 0}, {""action"": ""raise"", ""amount"": 124, ""seat"": 1}, {""action"": ""call"", ""amount"": 124, ""seat"": 0}, {""action"": ""check"", ""amount"": 0, ""seat"": 0}, {""action"": ""raise"", ""amount"": 322, ""seat"": 1}, {""action"": ""fold"", ""amount"": 0, ""seat"": 0}]"
overfold_exploiter,2026060731,0,135,deployed_overfold_exploiter_s2026060731_o0_h0135,flop,flop_cbet_or_probe,overfold_exploiter,raise,124,324,7,8,324,-100,100,flop,324,False,Jc 6h Qs,"[{""action"": ""small_blind"", ""amount"": 50, ""seat"": 1}, {""action"": ""big_blind"", ""amount"": 100, ""seat"": 0}, {""action"": ""call"", ""amount"": 50, ""seat"": 1}, {""action"": ""check"", ""amount"": 0, ""seat"": 0}, {""action"": ""check"", ""amount"": 0, ""seat"": 0}, {""action"": ""raise"", ""amount"": 124, ""seat"": 1}, {""action"": ""fold"", ""amount"": 0, ""seat"": 0}]"
overfold_exploiter,2026060731,0,139,deployed_overfold_exploiter_s2026060731_o0_h0139,flop,flop_cbet_or_probe,overfold_exploiter,raise,124,324,7,8,324,-100,100,flop,324,False,6h 6s 8d,"[{""action"": ""small_blind"", ""amount"": 50, ""seat"": 1}, {""action"": ""big_blind"", ""amount"": 100, ""seat"": 0}, {""action"": ""call"", ""amount"": 50, ""seat"": 1}, {""action"": ""check"", ""amount"": 0, ""seat"": 0}, {""action"": ""check"", ""amount"": 0, ""seat"": 0}, {""action"": ""raise"", ""amount"": 124, ""seat"": 1}, {""action"": ""fold"", ""amount"": 0, ""seat"": 0}]"
overfold_exploiter,2026060731,0,145,deployed_overfold_exploiter_s2026060731_o0_h0145,flop,flop_cbet_or_probe,overfold_exploiter,raise,124,324,7,8,324,-100,100,flop,324,False,9s 7h 9h,"[{""action"": ""small_blind"", ""amount"": 50, ""seat"": 1}, {""action"": ""big_blind"", ""amount"": 100, ""seat"": 0}, {""action"": ""call"", ""amount"": 50, ""seat"": 1}, {""action"": ""check"", ""amount"": 0, ""seat"": 0}, {""action"": ""check"", ""amount"": 0, ""seat"": 0}, {""action"": ""raise"", ""amount"": 124, ""seat"": 1}, {""action"": ""fold"", ""amount"": 0, ""seat"": 0}]"
overfold_exploiter,2026060731,0,147,deployed_overfold_exploiter_s2026060731_o0_h0147,flop,flop_cbet_or_probe,overfold_exploiter,raise,124,324,7,8,324,-100,100,flop,324,False,2d Ks 3s,"[{""action"": ""small_blind"", ""amount"": 50, ""seat"": 1}, {""action"": ""big_blind"", ""amount"": 100, ""seat"": 0}, {""action"": ""call"", ""amount"": 50, ""seat"": 1}, {""action"": ""check"", ""amount"": 0, ""seat"": 0}, {""action"": ""check"", ""amount"": 0, ""seat"": 0}, {""action"": ""raise"", ""amount"": 124, ""seat"": 1}, {""action"": ""fold"", ""amount"": 0, ""seat"": 0}]"
overfold_exploiter,2026060731,0,155,deployed_overfold_exploiter_s2026060731_o0_h0155,flop,flop_cbet_or_probe,overfold_exploiter,raise,124,324,7,8,324,-100,100,flop,324,False,3c 7s 9s,"[{""action"": ""small_blind"", ""amount"": 50, ""seat"": 1}, {""action"": ""big_blind"", ""amount"": 100, ""seat"": 0}, {""action"": ""call"", ""amount"": 50, ""seat"": 1}, {""action"": ""check"", ""amount"": 0, ""seat"": 0}, {""action"": ""check"", ""amount"": 0, ""seat"": 0}, {""action"": ""raise"", ""amount"": 124, ""seat"": 1}, {""action"": ""fold"", ""amount"": 0, ""seat"": 0}]"
overfold_exploiter,2026060731,0,157,deployed_overfold_exploiter_s2026060731_o0_h0157,flop,flop_cbet_or_probe,overfold_exploiter,raise,124,324,7,8,324,-100,100,flop,324,False,4s 7h Th,"[{""action"": ""small_blind"", ""amount"": 50, ""seat"": 1}, {""action"": ""big_blind"", ""amount"": 100, ""seat"": 0}, {""action"": ""call"", ""amount"": 50, ""seat"": 1}, {""action"": ""check"", ""amount"": 0, ""seat"": 0}, {""action"": ""check"", ""amount"": 0, ""seat"": 0}, {""action"": ""raise"", ""amount"": 124, ""seat"": 1}, {""action"": ""fold"", ""amount"": 0, ""seat"": 0}]"
overfold_exploiter,2026060731,0,169,deployed_overfold_exploiter_s2026060731_o0_h0169,flop,flop_cbet_or_probe,overfold_exploiter,raise,124,324,7,8,324,-100,100,flop,324,False,2s Js Qd,"[{""action"": ""small_blind"", ""amount"": 50, ""seat"": 1}, {""action"": ""big_blind"", ""amount"": 100, ""seat"": 0}, {""action"": ""call"", ""amount"": 50, ""seat"": 1}, {""action"": ""check"", ""amount"": 0, ""seat"": 0}, {""action"": ""check"", ""amount"": 0, ""seat"": 0}, {""action"": ""raise"", ""amount"": 124, ""seat"": 1}, {""action"": ""fold"", ""amount"": 0, ""seat"": 0}]"
overfold_exploiter,2026060731,0,173,deployed_overfold_exploiter_s2026060731_o0_h0173,flop,flop_cbet_or_probe,overfold_exploiter,raise,124,324,7,8,324,-100,100,flop,324,False,7d 3c 6d,"[{""action"": ""small_blind"", ""amount"": 50, ""seat"": 1}, {""action"": ""big_blind"", ""amount"": 100, ""seat"": 0}, {""action"": ""call"", ""amount"": 50, ""seat"": 1}, {""action"": ""check"", ""amount"": 0, ""seat"": 0}, {""action"": ""check"", ""amount"": 0, ""seat"": 0}, {""action"": ""raise"", ""amount"": 124, ""seat"": 1}, {""action"": ""fold"", ""amount"": 0, ""seat"": 0}]"
overfold_exploiter,2026060731,0,177,deployed_overfold_exploiter_s2026060731_o0_h0177,flop,flop_cbet_or_probe,overfold_exploiter,raise,124,324,7,8,324,-100,100,flop,324,False,8c 5h 5s,"[{""action"": ""small_blind"", ""amount"": 50, ""seat"": 1}, {""action"": ""big_blind"", ""amount"": 100, ""seat"": 0}, {""action"": ""call"", ""amount"": 50, ""seat"": 1}, {""action"": ""check"", ""amount"": 0, ""seat"": 0}, {""action"": ""check"", ""amount"": 0, ""seat"": 0}, {""action"": ""raise"", ""amount"": 124, ""seat"": 1}, {""action"": ""fold"", ""amount"": 0, ""seat"": 0}]"
overfold_exploiter,2026060731,0,191,deployed_overfold_exploiter_s2026060731_o0_h0191,flop,flop_cbet_or_probe,overfold_exploiter,raise,124,324,7,8,324,-100,100,flop,324,False,4d 6d Tc,"[{""action"": ""small_blind"", ""amount"": 50, ""seat"": 1}, {""action"": ""big_blind"", ""amount"": 100, ""seat"": 0}, {""action"": ""call"", ""amount"": 50, ""seat"": 1}, {""action"": ""check"", ""amount"": 0, ""seat"": 0}, {""action"": ""check"", ""amount"": 0, ""seat"": 0}, {""action"": ""raise"", ""amount"": 124, ""seat"": 1}, {""action"": ""fold"", ""amount"": 0, ""seat"": 0}]"
overfold_exploiter,2026060731,1,0,deployed_overfold_exploiter_s2026060731_o1_h0000,turn,turn_probe,overfold_exploiter,raise,144,344,10,11,344,-100,100,turn,344,False,7c 5h 9h 9c,"[{""action"": ""small_blind"", ""amount"": 50, ""seat"": 0}, {""action"": ""big_blind"", ""amount"": 100, ""seat"": 1}, {""action"": ""call"", ""amount"": 50, ""seat"": 0}, {""action"": ""check"", ""amount"": 0, ""seat"": 1}, {""action"": ""check"", ""amount"": 0, ""seat"": 1}, {""action"": ""check"", ""amount"": 0, ""seat"": 0}, {""action"": ""check"", ""amount"": 0, ""seat"": 1}, {""action"": ""raise"", ""amount"": 144, ""seat"": 0}, {""action"": ""fold"", ""amount"": 0, ""seat"": 1}]"
overfold_exploiter,2026060731,1,2,deployed_overfold_exploiter_s2026060731_o1_h0002,flop,flop_cbet_or_probe,overfold_exploiter,raise,124,324,7,8,324,-100,100,flop,324,False,Ah Js Qc,"[{""action"": ""small_blind"", ""amount"": 50, ""seat"": 0}, {""action"": ""big_blind"", ""amount"": 100, ""seat"": 1}, {""action"": ""call"", ""amount"": 50, ""seat"": 0}, {""action"": ""check"", ""amount"": 0, ""seat"": 1}, {""action"": ""check"", ""amount"": 0, ""seat"": 1}, {""action"": ""raise"", ""amount"": 124, ""seat"": 0}, {""action"": ""fold"", ""amount"": 0, ""seat"": 1}]"
overfold_exploiter,2026060731,1,20,deployed_overfold_exploiter_s2026060731_o1_h0020,turn,turn_barrel,overfold_exploiter,raise,322,770,11,12,770,-224,224,turn,770,False,3h 4s 3c 8d,"[{""action"": ""small_blind"", ""amount"": 50, ""seat"": 0}, {""action"": ""big_blind"", ""amount"": 100, ""seat"": 1}, {""action"": ""call"", ""amount"": 50, ""seat"": 0}, {""action"": ""check"", ""amount"": 0, ""seat"": 1}, {""action"": ""check"", ""amount"": 0, ""seat"": 1}, {""action"": ""raise"", ""amount"": 124, ""seat"": 0}, {""action"": ""call"", ""amount"": 124, ""seat"": 1}, {""action"": ""check"", ""amount"": 0, ""seat"": 1}, {""action"": ""raise"", ""amount"": 322, ""seat"": 0}, {""action"": ""fold"", ""amount"": 0, ""seat"": 1}]"
overfold_exploiter,2026060731,1,24,deployed_overfold_exploiter_s2026060731_o1_h0024,flop,flop_cbet_or_probe,overfold_exploiter,raise,124,324,7,8,324,-100,100,flop,324,False,4h 4c Ah,"[{""action"": ""small_blind"", ""amount"": 50, ""seat"": 0}, {""action"": ""big_blind"", ""amount"": 100, ""seat"": 1}, {""action"": ""call"", ""amount"": 50, ""seat"": 0}, {""action"": ""check"", ""amount"": 0, ""seat"": 1}, {""action"": ""check"", ""amount"": 0, ""seat"": 1}, {""action"": ""raise"", ""amount"": 124, ""seat"": 0}, {""action"": ""fold"", ""amount"": 0, ""seat"": 1}]"
overfold_exploiter,2026060731,1,38,deployed_overfold_exploiter_s2026060731_o1_h0038,flop,flop_cbet_or_probe,overfold_exploiter,raise,124,324,7,8,324,-100,100,flop,324,False,7c 5h 6h,"[{""action"": ""small_blind"", ""amount"": 50, ""seat"": 0}, {""action"": ""big_blind"", ""amount"": 100, ""seat"": 1}, {""action"": ""call"", ""amount"": 50, ""seat"": 0}, {""action"": ""check"", ""amount"": 0, ""seat"": 1}, {""action"": ""check"", ""amount"": 0, ""seat"": 1}, {""action"": ""raise"", ""amount"": 124, ""seat"": 0}, {""action"": ""fold"", ""amount"": 0, ""seat"": 1}]"
overfold_exploiter,2026060731,1,40,deployed_overfold_exploiter_s2026060731_o1_h0040,flop,flop_cbet_or_probe,overfold_exploiter,raise,124,324,7,8,324,-100,100,flop,324,False,5c 8d 3s,"[{""action"": ""small_blind"", ""amount"": 50, ""seat"": 0}, {""action"": ""big_blind"", ""amount"": 100, ""seat"": 1}, {""action"": ""call"", ""amount"": 50, ""seat"": 0}, {""action"": ""check"", ""amount"": 0, ""seat"": 1}, {""action"": ""check"", ""amount"": 0, ""seat"": 1}, {""action"": ""raise"", ""amount"": 124, ""seat"": 0}, {""action"": ""fold"", ""amount"": 0, ""seat"": 1}]"
overfold_exploiter,2026060731,1,74,deployed_overfold_exploiter_s2026060731_o1_h0074,flop,flop_cbet_or_probe,overfold_exploiter,raise,124,324,7,8,324,-100,100,flop,324,False,3c Tc 6d,"[{""action"": ""small_blind"", ""amount"": 50, ""seat"": 0}, {""action"": ""big_blind"", ""amount"": 100, ""seat"": 1}, {""action"": ""call"", ""amount"": 50, ""seat"": 0}, {""action"": ""check"", ""amount"": 0, ""seat"": 1}, {""action"": ""check"", ""amount"": 0, ""seat"": 1}, {""action"": ""raise"", ""amount"": 124, ""seat"": 0}, {""action"": ""fold"", ""amount"": 0, ""seat"": 1}]"
overfold_exploiter,2026060731,1,90,deployed_overfold_exploiter_s2026060731_o1_h0090,flop,flop_cbet_or_probe,overfold_exploiter,raise,281,735,7,8,735,-227,227,flop,735,False,9h 7d Ad,"[{""action"": ""small_blind"", ""amount"": 50, ""seat"": 0}, {""action"": ""big_blind"", ""amount"": 100, ""seat"": 1}, {""action"": ""raise"", ""amount"": 227, ""seat"": 0}, {""action"": ""call"", ""amount"": 127, ""seat"": 1}, {""action"": ""check"", ""amount"": 0, ""seat"": 1}, {""action"": ""raise"", ""amount"": 281, ""seat"": 0}, {""action"": ""fold"", ""amount"": 0, ""seat"": 1}]"
overfold_exploiter,2026060731,1,92,deployed_overfold_exploiter_s2026060731_o1_h0092,flop,flop_cbet_or_probe,overfold_exploiter,raise,124,324,7,8,324,-100,100,flop,324,False,9c Qc Ah,"[{""action"": ""small_blind"", ""amount"": 50, ""seat"": 0}, {""action"": ""big_blind"", ""amount"": 100, ""seat"": 1}, {""action"": ""call"", ""amount"": 50, ""seat"": 0}, {""action"": ""check"", ""amount"": 0, ""seat"": 1}, {""action"": ""check"", ""amount"": 0, ""seat"": 1}, {""action"": ""raise"", ""amount"": 124, ""seat"": 0}, {""action"": ""fold"", ""amount"": 0, ""seat"": 1}]"
overfold_exploiter,2026060731,1,94,deployed_overfold_exploiter_s2026060731_o1_h0094,flop,flop_cbet_or_probe,overfold_exploiter,raise,124,324,7,8,324,-100,100,flop,324,False,4h 2d Ah,"[{""action"": ""small_blind"", ""amount"": 50, ""seat"": 0}, {""action"": ""big_blind"", ""amount"": 100, ""seat"": 1}, {""action"": ""call"", ""amount"": 50, ""seat"": 0}, {""action"": ""check"", ""amount"": 0, ""seat"": 1}, {""action"": ""check"", ""amount"": 0, ""seat"": 1}, {""action"": ""raise"", ""amount"": 124, ""seat"": 0}, {""action"": ""fold"", ""amount"": 0, ""seat"": 1}]"
overfold_exploiter,2026060731,1,102,deployed_overfold_exploiter_s2026060731_o1_h0102,turn,turn_probe,overfold_exploiter,raise,144,344,10,11,344,-100,100,turn,344,False,9c Kd Qs 8c,"[{""action"": ""small_blind"", ""amount"": 50, ""seat"": 0}, {""action"": ""big_blind"", ""amount"": 100, ""seat"": 1}, {""action"": ""call"", ""amount"": 50, ""seat"": 0}, {""action"": ""check"", ""amount"": 0, ""seat"": 1}, {""action"": ""check"", ""amount"": 0, ""seat"": 1}, {""action"": ""check"", ""amount"": 0, ""seat"": 0}, {""action"": ""check"", ""amount"": 0, ""seat"": 1}, {""action"": ""raise"", ""amount"": 144, ""seat"": 0}, {""action"": ""fold"", ""amount"": 0, ""seat"": 1}]"
overfold_exploiter,2026060731,1,114,deployed_overfold_exploiter_s2026060731_o1_h0114,flop,flop_cbet_or_probe,overfold_exploiter,raise,124,324,7,8,324,-100,100,flop,324,False,Qh Jc 8d,"[{""action"": ""small_blind"", ""amount"": 50, ""seat"": 0}, {""action"": ""big_blind"", ""amount"": 100, ""seat"": 1}, {""action"": ""call"", ""amount"": 50, ""seat"": 0}, {""action"": ""check"", ""amount"": 0, ""seat"": 1}, {""action"": ""check"", ""amount"": 0, ""seat"": 1}, {""action"": ""raise"", ""amount"": 124, ""seat"": 0}, {""action"": ""fold"", ""amount"": 0, ""seat"": 1}]"
overfold_exploiter,2026060731,1,122,deployed_overfold_exploiter_s2026060731_o1_h0122,flop,flop_cbet_or_probe,overfold_exploiter,raise,124,324,7,8,324,-100,100,flop,324,False,7c 2c Jc,"[{""action"": ""small_blind"", ""amount"": 50, ""seat"": 0}, {""action"": ""big_blind"", ""amount"": 100, ""seat"": 1}, {""action"": ""call"", ""amount"": 50, ""seat"": 0}, {""action"": ""check"", ""amount"": 0, ""seat"": 1}, {""action"": ""check"", ""amount"": 0, ""seat"": 1}, {""action"": ""raise"", ""amount"": 124, ""seat"": 0}, {""action"": ""fold"", ""amount"": 0, ""seat"": 1}]"
overfold_exploiter,2026060731,1,138,deployed_overfold_exploiter_s2026060731_o1_h0138,flop,flop_cbet_or_probe,overfold_exploiter,raise,124,324,7,8,324,-100,100,flop,324,False,Th 6c 9c,"[{""action"": ""small_blind"", ""amount"": 50, ""seat"": 0}, {""action"": ""big_blind"", ""amount"": 100, ""seat"": 1}, {""action"": ""call"", ""amount"": 50, ""seat"": 0}, {""action"": ""check"", ""amount"": 0, ""seat"": 1}, {""action"": ""check"", ""amount"": 0, ""seat"": 1}, {""action"": ""raise"", ""amount"": 124, ""seat"": 0}, {""action"": ""fold"", ""amount"": 0, ""seat"": 1}]"
overfold_exploiter,2026060731,1,144,deployed_overfold_exploiter_s2026060731_o1_h0144,flop,flop_cbet_or_probe,overfold_exploiter,raise,124,324,7,8,324,-100,100,flop,324,False,8s Jd 7c,"[{""action"": ""small_blind"", ""amount"": 50, ""seat"": 0}, {""action"": ""big_blind"", ""amount"": 100, ""seat"": 1}, {""action"": ""call"", ""amount"": 50, ""seat"": 0}, {""action"": ""check"", ""amount"": 0, ""seat"": 1}, {""action"": ""check"", ""amount"": 0, ""seat"": 1}, {""action"": ""raise"", ""amount"": 124, ""seat"": 0}, {""action"": ""fold"", ""amount"": 0, ""seat"": 1}]"
overfold_exploiter,2026060731,1,150,deployed_overfold_exploiter_s2026060731_o1_h0150,flop,flop_cbet_or_probe,overfold_exploiter,raise,124,324,7,8,324,-100,100,flop,324,False,3h 5d Td,"[{""action"": ""small_blind"", ""amount"": 50, ""seat"": 0}, {""action"": ""big_blind"", ""amount"": 100, ""seat"": 1}, {""action"": ""call"", ""amount"": 50, ""seat"": 0}, {""action"": ""check"", ""amount"": 0, ""seat"": 1}, {""action"": ""check"", ""amount"": 0, ""seat"": 1}, {""action"": ""raise"", ""amount"": 124, ""seat"": 0}, {""action"": ""fold"", ""amount"": 0, ""seat"": 1}]"
overfold_exploiter,2026060731,1,158,deployed_overfold_exploiter_s2026060731_o1_h0158,flop,flop_cbet_or_probe,overfold_exploiter,raise,124,324,7,8,324,-100,100,flop,324,False,Jh 8d 2d,"[{""action"": ""small_blind"", ""amount"": 50, ""seat"": 0}, {""action"": ""big_blind"", ""amount"": 100, ""seat"": 1}, {""action"": ""call"", ""amount"": 50, ""seat"": 0}, {""action"": ""check"", ""amount"": 0, ""seat"": 1}, {""action"": ""check"", ""amount"": 0, ""seat"": 1}, {""action"": ""raise"", ""amount"": 124, ""seat"": 0}, {""action"": ""fold"", ""amount"": 0, ""seat"": 1}]"
overfold_exploiter,2026060731,1,168,deployed_overfold_exploiter_s2026060731_o1_h0168,flop,flop_cbet_or_probe,overfold_exploiter,raise,124,324,7,8,324,-100,100,flop,324,False,8h 5d 4d,"[{""action"": ""small_blind"", ""amount"": 50, ""seat"": 0}, {""action"": ""big_blind"", ""amount"": 100, ""seat"": 1}, {""action"": ""call"", ""amount"": 50, ""seat"": 0}, {""action"": ""check"", ""amount"": 0, ""seat"": 1}, {""action"": ""check"", ""amount"": 0, ""seat"": 1}, {""action"": ""raise"", ""amount"": 124, ""seat"": 0}, {""action"": ""fold"", ""amount"": 0, ""seat"": 1}]"
overfold_exploiter,2026060731,1,174,deployed_overfold_exploiter_s2026060731_o1_h0174,flop,flop_cbet_or_probe,overfold_exploiter,raise,124,324,7,8,324,-100,100,flop,324,False,7c 9s Jh,"[{""action"": ""small_blind"", ""amount"": 50, ""seat"": 0}, {""action"": ""big_blind"", ""amount"": 100, ""seat"": 1}, {""action"": ""call"", ""amount"": 50, ""seat"": 0}, {""action"": ""check"", ""amount"": 0, ""seat"": 1}, {""action"": ""check"", ""amount"": 0, ""seat"": 1}, {""action"": ""raise"", ""amount"": 124, ""seat"": 0}, {""action"": ""fold"", ""amount"": 0, ""seat"": 1}]"
overfold_exploiter,2026060731,1,178,deployed_overfold_exploiter_s2026060731_o1_h0178,flop,flop_cbet_or_probe,overfold_exploiter,raise,124,324,7,8,324,-100,100,flop,324,False,4d Ac 5c,"[{""action"": ""small_blind"", ""amount"": 50, ""seat"": 0}, {""action"": ""big_blind"", ""amount"": 100, ""seat"": 1}, {""action"": ""call"", ""amount"": 50, ""seat"": 0}, {""action"": ""check"", ""amount"": 0, ""seat"": 1}, {""action"": ""check"", ""amount"": 0, ""seat"": 1}, {""action"": ""raise"", ""amount"": 124, ""seat"": 0}, {""action"": ""fold"", ""amount"": 0, ""seat"": 1}]"
overfold_exploiter,2026060731,1,190,deployed_overfold_exploiter_s2026060731_o1_h0190,flop,flop_cbet_or_probe,overfold_exploiter,raise,124,324,7,8,324,-100,100,flop,324,False,Js 3s 3c,"[{""action"": ""small_blind"", ""amount"": 50, ""seat"": 0}, {""action"": ""big_blind"", ""amount"": 100, ""seat"": 1}, {""action"": ""call"", ""amount"": 50, ""seat"": 0}, {""action"": ""check"", ""amount"": 0, ""seat"": 1}, {""action"": ""check"", ""amount"": 0, ""seat"": 1}, {""action"": ""raise"", ""amount"": 124, ""seat"": 0}, {""action"": ""fold"", ""amount"": 0, ""seat"": 1}]"
overfold_exploiter,2026060732,0,21,deployed_overfold_exploiter_s2026060732_o0_h0021,flop,flop_cbet_or_probe,overfold_exploiter,raise,124,324,7,8,324,-100,100,flop,324,False,9s 2s 2c,"[{""action"": ""small_blind"", ""amount"": 50, ""seat"": 1}, {""action"": ""big_blind"", ""amount"": 100, ""seat"": 0}, {""action"": ""call"", ""amount"": 50, ""seat"": 1}, {""action"": ""check"", ""amount"": 0, ""seat"": 0}, {""action"": ""check"", ""amount"": 0, ""seat"": 0}, {""action"": ""raise"", ""amount"": 124, ""seat"": 1}, {""action"": ""fold"", ""amount"": 0, ""seat"": 0}]"
overfold_exploiter,2026060732,0,27,deployed_overfold_exploiter_s2026060732_o0_h0027,turn,turn_barrel,overfold_exploiter,raise,322,770,11,12,770,-224,224,turn,770,False,3s Jc 4s Qh,"[{""action"": ""small_blind"", ""amount"": 50, ""seat"": 1}, {""action"": ""big_blind"", ""amount"": 100, ""seat"": 0}, {""action"": ""call"", ""amount"": 50, ""seat"": 1}, {""action"": ""check"", ""amount"": 0, ""seat"": 0}, {""action"": ""check"", ""amount"": 0, ""seat"": 0}, {""action"": ""raise"", ""amount"": 124, ""seat"": 1}, {""action"": ""call"", ""amount"": 124, ""seat"": 0}, {""action"": ""check"", ""amount"": 0, ""seat"": 0}, {""action"": ""raise"", ""amount"": 322, ""seat"": 1}, {""action"": ""fold"", ""amount"": 0, ""seat"": 0}]"
overfold_exploiter,2026060732,0,33,deployed_overfold_exploiter_s2026060732_o0_h0033,flop,flop_cbet_or_probe,overfold_exploiter,raise,124,324,7,8,324,-100,100,flop,324,False,5c 5s 3d,"[{""action"": ""small_blind"", ""amount"": 50, ""seat"": 1}, {""action"": ""big_blind"", ""amount"": 100, ""seat"": 0}, {""action"": ""call"", ""amount"": 50, ""seat"": 1}, {""action"": ""check"", ""amount"": 0, ""seat"": 0}, {""action"": ""check"", ""amount"": 0, ""seat"": 0}, {""action"": ""raise"", ""amount"": 124, ""seat"": 1}, {""action"": ""fold"", ""amount"": 0, ""seat"": 0}]"
overfold_exploiter,2026060732,0,57,deployed_overfold_exploiter_s2026060732_o0_h0057,flop,flop_cbet_or_probe,overfold_exploiter,raise,124,324,7,8,324,-100,100,flop,324,False,4h 5h 5c,"[{""action"": ""small_blind"", ""amount"": 50, ""seat"": 1}, {""action"": ""big_blind"", ""amount"": 100, ""seat"": 0}, {""action"": ""call"", ""amount"": 50, ""seat"": 1}, {""action"": ""check"", ""amount"": 0, ""seat"": 0}, {""action"": ""check"", ""amount"": 0, ""seat"": 0}, {""action"": ""raise"", ""amount"": 124, ""seat"": 1}, {""action"": ""fold"", ""amount"": 0, ""seat"": 0}]"
overfold_exploiter,2026060732,0,63,deployed_overfold_exploiter_s2026060732_o0_h0063,flop,flop_cbet_or_probe,overfold_exploiter,raise,281,735,7,8,735,-227,227,flop,735,False,2d 4d 4c,"[{""action"": ""small_blind"", ""amount"": 50, ""seat"": 1}, {""action"": ""big_blind"", ""amount"": 100, ""seat"": 0}, {""action"": ""raise"", ""amount"": 227, ""seat"": 1}, {""action"": ""call"", ""amount"": 127, ""seat"": 0}, {""action"": ""check"", ""amount"": 0, ""seat"": 0}, {""action"": ""raise"", ""amount"": 281, ""seat"": 1}, {""action"": ""fold"", ""amount"": 0, ""seat"": 0}]"
overfold_exploiter,2026060732,0,69,deployed_overfold_exploiter_s2026060732_o0_h0069,flop,flop_cbet_or_probe,overfold_exploiter,raise,124,324,7,8,324,-100,100,flop,324,False,Kd Th Ac,"[{""action"": ""small_blind"", ""amount"": 50, ""seat"": 1}, {""action"": ""big_blind"", ""amount"": 100, ""seat"": 0}, {""action"": ""call"", ""amount"": 50, ""seat"": 1}, {""action"": ""check"", ""amount"": 0, ""seat"": 0}, {""action"": ""check"", ""amount"": 0, ""seat"": 0}, {""action"": ""raise"", ""amount"": 124, ""seat"": 1}, {""action"": ""fold"", ""amount"": 0, ""seat"": 0}]"
overfold_exploiter,2026060732,0,73,deployed_overfold_exploiter_s2026060732_o0_h0073,flop,flop_cbet_or_probe,overfold_exploiter,raise,124,324,7,8,324,-100,100,flop,324,False,3c Qs Kh,"[{""action"": ""small_blind"", ""amount"": 50, ""seat"": 1}, {""action"": ""big_blind"", ""amount"": 100, ""seat"": 0}, {""action"": ""call"", ""amount"": 50, ""seat"": 1}, {""action"": ""check"", ""amount"": 0, ""seat"": 0}, {""action"": ""check"", ""amount"": 0, ""seat"": 0}, {""action"": ""raise"", ""amount"": 124, ""seat"": 1}, {""action"": ""fold"", ""amount"": 0, ""seat"": 0}]"
overfold_exploiter,2026060732,0,93,deployed_overfold_exploiter_s2026060732_o0_h0093,flop,flop_cbet_or_probe,overfold_exploiter,raise,124,324,7,8,324,-100,100,flop,324,False,7h 2c 2d,"[{""action"": ""small_blind"", ""amount"": 50, ""seat"": 1}, {""action"": ""big_blind"", ""amount"": 100, ""seat"": 0}, {""action"": ""call"", ""amount"": 50, ""seat"": 1}, {""action"": ""check"", ""amount"": 0, ""seat"": 0}, {""action"": ""check"", ""amount"": 0, ""seat"": 0}, {""action"": ""raise"", ""amount"": 124, ""seat"": 1}, {""action"": ""fold"", ""amount"": 0, ""seat"": 0}]"
overfold_exploiter,2026060732,0,99,deployed_overfold_exploiter_s2026060732_o0_h0099,flop,flop_cbet_or_probe,overfold_exploiter,raise,124,324,7,8,324,-100,100,flop,324,False,5s 9s Td,"[{""action"": ""small_blind"", ""amount"": 50, ""seat"": 1}, {""action"": ""big_blind"", ""amount"": 100, ""seat"": 0}, {""action"": ""call"", ""amount"": 50, ""seat"": 1}, {""action"": ""check"", ""amount"": 0, ""seat"": 0}, {""action"": ""check"", ""amount"": 0, ""seat"": 0}, {""action"": ""raise"", ""amount"": 124, ""seat"": 1}, {""action"": ""fold"", ""amount"": 0, ""seat"": 0}]"
overfold_exploiter,2026060732,0,113,deployed_overfold_exploiter_s2026060732_o0_h0113,flop,flop_cbet_or_probe,overfold_exploiter,raise,124,324,7,8,324,-100,100,flop,324,False,Jd Ad Qs,"[{""action"": ""small_blind"", ""amount"": 50, ""seat"": 1}, {""action"": ""big_blind"", ""amount"": 100, ""seat"": 0}, {""action"": ""call"", ""amount"": 50, ""seat"": 1}, {""action"": ""check"", ""amount"": 0, ""seat"": 0}, {""action"": ""check"", ""amount"": 0, ""seat"": 0}, {""action"": ""raise"", ""amount"": 124, ""seat"": 1}, {""action"": ""fold"", ""amount"": 0, ""seat"": 0}]"
overfold_exploiter,2026060732,0,137,deployed_overfold_exploiter_s2026060732_o0_h0137,flop,flop_cbet_or_probe,overfold_exploiter,raise,124,324,7,8,324,-100,100,flop,324,False,9d 2c 8c,"[{""action"": ""small_blind"", ""amount"": 50, ""seat"": 1}, {""action"": ""big_blind"", ""amount"": 100, ""seat"": 0}, {""action"": ""call"", ""amount"": 50, ""seat"": 1}, {""action"": ""check"", ""amount"": 0, ""seat"": 0}, {""action"": ""check"", ""amount"": 0, ""seat"": 0}, {""action"": ""raise"", ""amount"": 124, ""seat"": 1}, {""action"": ""fold"", ""amount"": 0, ""seat"": 0}]"
overfold_exploiter,2026060732,0,155,deployed_overfold_exploiter_s2026060732_o0_h0155,turn,turn_probe,overfold_exploiter,raise,144,344,10,11,344,-100,100,turn,344,False,2c 9d Qd Qc,"[{""action"": ""small_blind"", ""amount"": 50, ""seat"": 1}, {""action"": ""big_blind"", ""amount"": 100, ""seat"": 0}, {""action"": ""call"", ""amount"": 50, ""seat"": 1}, {""action"": ""check"", ""amount"": 0, ""seat"": 0}, {""action"": ""check"", ""amount"": 0, ""seat"": 0}, {""action"": ""check"", ""amount"": 0, ""seat"": 1}, {""action"": ""check"", ""amount"": 0, ""seat"": 0}, {""action"": ""raise"", ""amount"": 144, ""seat"": 1}, {""action"": ""fold"", ""amount"": 0, ""seat"": 0}]"
overfold_exploiter,2026060732,0,157,deployed_overfold_exploiter_s2026060732_o0_h0157,flop,flop_cbet_or_probe,overfold_exploiter,raise,124,324,7,8,324,-100,100,flop,324,False,Qd 3d Kc,"[{""action"": ""small_blind"", ""amount"": 50, ""seat"": 1}, {""action"": ""big_blind"", ""amount"": 100, ""seat"": 0}, {""action"": ""call"", ""amount"": 50, ""seat"": 1}, {""action"": ""check"", ""amount"": 0, ""seat"": 0}, {""action"": ""check"", ""amount"": 0, ""seat"": 0}, {""action"": ""raise"", ""amount"": 124, ""seat"": 1}, {""action"": ""fold"", ""amount"": 0, ""seat"": 0}]"
overfold_exploiter,2026060732,0,165,deployed_overfold_exploiter_s2026060732_o0_h0165,flop,flop_cbet_or_probe,overfold_exploiter,raise,124,324,7,8,324,-100,100,flop,324,False,Tc 8d 8c,"[{""action"": ""small_blind"", ""amount"": 50, ""seat"": 1}, {""action"": ""big_blind"", ""amount"": 100, ""seat"": 0}, {""action"": ""call"", ""amount"": 50, ""seat"": 1}, {""action"": ""check"", ""amount"": 0, ""seat"": 0}, {""action"": ""check"", ""amount"": 0, ""seat"": 0}, {""action"": ""raise"", ""amount"": 124, ""seat"": 1}, {""action"": ""fold"", ""amount"": 0, ""seat"": 0}]"
overfold_exploiter,2026060732,0,169,deployed_overfold_exploiter_s2026060732_o0_h0169,flop,flop_cbet_or_probe,overfold_exploiter,raise,124,324,7,8,324,-100,100,flop,324,False,Qd Ac Tc,"[{""action"": ""small_blind"", ""amount"": 50, ""seat"": 1}, {""action"": ""big_blind"", ""amount"": 100, ""seat"": 0}, {""action"": ""call"", ""amount"": 50, ""seat"": 1}, {""action"": ""check"", ""amount"": 0, ""seat"": 0}, {""action"": ""check"", ""amount"": 0, ""seat"": 0}, {""action"": ""raise"", ""amount"": 124, ""seat"": 1}, {""action"": ""fold"", ""amount"": 0, ""seat"": 0}]"
overfold_exploiter,2026060732,0,181,deployed_overfold_exploiter_s2026060732_o0_h0181,flop,flop_cbet_or_probe,overfold_exploiter,raise,124,324,7,8,324,-100,100,flop,324,False,2h Th 8c,"[{""action"": ""small_blind"", ""amount"": 50, ""seat"": 1}, {""action"": ""big_blind"", ""amount"": 100, ""seat"": 0}, {""action"": ""call"", ""amount"": 50, ""seat"": 1}, {""action"": ""check"", ""amount"": 0, ""seat"": 0}, {""action"": ""check"", ""amount"": 0, ""seat"": 0}, {""action"": ""raise"", ""amount"": 124, ""seat"": 1}, {""action"": ""fold"", ""amount"": 0, ""seat"": 0}]"
overfold_exploiter,2026060732,1,14,deployed_overfold_exploiter_s2026060732_o1_h0014,flop,flop_cbet_or_probe,overfold_exploiter,raise,124,324,7,8,324,-100,100,flop,324,False,8s Ts 7d,"[{""action"": ""small_blind"", ""amount"": 50, ""seat"": 0}, {""action"": ""big_blind"", ""amount"": 100, ""seat"": 1}, {""action"": ""call"", ""amount"": 50, ""seat"": 0}, {""action"": ""check"", ""amount"": 0, ""seat"": 1}, {""action"": ""check"", ""amount"": 0, ""seat"": 1}, {""action"": ""raise"", ""amount"": 124, ""seat"": 0}, {""action"": ""fold"", ""amount"": 0, ""seat"": 1}]"
overfold_exploiter,2026060732,1,20,deployed_overfold_exploiter_s2026060732_o1_h0020,flop,flop_cbet_or_probe,overfold_exploiter,raise,124,324,7,8,324,-100,100,flop,324,False,4h 6c 4s,"[{""action"": ""small_blind"", ""amount"": 50, ""seat"": 0}, {""action"": ""big_blind"", ""amount"": 100, ""seat"": 1}, {""action"": ""call"", ""amount"": 50, ""seat"": 0}, {""action"": ""check"", ""amount"": 0, ""seat"": 1}, {""action"": ""check"", ""amount"": 0, ""seat"": 1}, {""action"": ""raise"", ""amount"": 124, ""seat"": 0}, {""action"": ""fold"", ""amount"": 0, ""seat"": 1}]"
overfold_exploiter,2026060732,1,28,deployed_overfold_exploiter_s2026060732_o1_h0028,flop,flop_cbet_or_probe,overfold_exploiter,raise,124,324,7,8,324,-100,100,flop,324,False,6d 4c Td,"[{""action"": ""small_blind"", ""amount"": 50, ""seat"": 0}, {""action"": ""big_blind"", ""amount"": 100, ""seat"": 1}, {""action"": ""call"", ""amount"": 50, ""seat"": 0}, {""action"": ""check"", ""amount"": 0, ""seat"": 1}, {""action"": ""check"", ""amount"": 0, ""seat"": 1}, {""action"": ""raise"", ""amount"": 124, ""seat"": 0}, {""action"": ""fold"", ""amount"": 0, ""seat"": 1}]"
overfold_exploiter,2026060732,1,38,deployed_overfold_exploiter_s2026060732_o1_h0038,flop,flop_cbet_or_probe,overfold_exploiter,raise,620,1620,8,9,1620,-500,500,flop,1620,False,Ks 3h 5h,"[{""action"": ""small_blind"", ""amount"": 50, ""seat"": 0}, {""action"": ""big_blind"", ""amount"": 100, ""seat"": 1}, {""action"": ""call"", ""amount"": 50, ""seat"": 0}, {""action"": ""raise"", ""amount"": 500, ""seat"": 1}, {""action"": ""call"", ""amount"": 400, ""seat"": 0}, {""action"": ""check"", ""amount"": 0, ""seat"": 1}, {""action"": ""raise"", ""amount"": 620, ""seat"": 0}, {""action"": ""fold"", ""amount"": 0, ""seat"": 1}]"
overfold_exploiter,2026060732,1,42,deployed_overfold_exploiter_s2026060732_o1_h0042,flop,flop_cbet_or_probe,overfold_exploiter,raise,124,324,7,8,324,-100,100,flop,324,False,6h Th Kd,"[{""action"": ""small_blind"", ""amount"": 50, ""seat"": 0}, {""action"": ""big_blind"", ""amount"": 100, ""seat"": 1}, {""action"": ""call"", ""amount"": 50, ""seat"": 0}, {""action"": ""check"", ""amount"": 0, ""seat"": 1}, {""action"": ""check"", ""amount"": 0, ""seat"": 1}, {""action"": ""raise"", ""amount"": 124, ""seat"": 0}, {""action"": ""fold"", ""amount"": 0, ""seat"": 1}]"
overfold_exploiter,2026060732,1,56,deployed_overfold_exploiter_s2026060732_o1_h0056,flop,flop_cbet_or_probe,overfold_exploiter,raise,124,324,7,8,324,-100,100,flop,324,False,Jc 3c 7s,"[{""action"": ""small_blind"", ""amount"": 50, ""seat"": 0}, {""action"": ""big_blind"", ""amount"": 100, ""seat"": 1}, {""action"": ""call"", ""amount"": 50, ""seat"": 0}, {""action"": ""check"", ""amount"": 0, ""seat"": 1}, {""action"": ""check"", ""amount"": 0, ""seat"": 1}, {""action"": ""raise"", ""amount"": 124, ""seat"": 0}, {""action"": ""fold"", ""amount"": 0, ""seat"": 1}]"
overfold_exploiter,2026060732,1,64,deployed_overfold_exploiter_s2026060732_o1_h0064,flop,flop_cbet_or_probe,overfold_exploiter,raise,124,324,7,8,324,-100,100,flop,324,False,4d 7h 7d,"[{""action"": ""small_blind"", ""amount"": 50, ""seat"": 0}, {""action"": ""big_blind"", ""amount"": 100, ""seat"": 1}, {""action"": ""call"", ""amount"": 50, ""seat"": 0}, {""action"": ""check"", ""amount"": 0, ""seat"": 1}, {""action"": ""check"", ""amount"": 0, ""seat"": 1}, {""action"": ""raise"", ""amount"": 124, ""seat"": 0}, {""action"": ""fold"", ""amount"": 0, ""seat"": 1}]"
overfold_exploiter,2026060732,1,68,deployed_overfold_exploiter_s2026060732_o1_h0068,flop,flop_cbet_or_probe,overfold_exploiter,raise,124,324,7,8,324,-100,100,flop,324,False,5d 8h 2s,"[{""action"": ""small_blind"", ""amount"": 50, ""seat"": 0}, {""action"": ""big_blind"", ""amount"": 100, ""seat"": 1}, {""action"": ""call"", ""amount"": 50, ""seat"": 0}, {""action"": ""check"", ""amount"": 0, ""seat"": 1}, {""action"": ""check"", ""amount"": 0, ""seat"": 1}, {""action"": ""raise"", ""amount"": 124, ""seat"": 0}, {""action"": ""fold"", ""amount"": 0, ""seat"": 1}]"
overfold_exploiter,2026060732,1,76,deployed_overfold_exploiter_s2026060732_o1_h0076,flop,flop_cbet_or_probe,overfold_exploiter,raise,124,324,7,8,324,-100,100,flop,324,False,2h Qh 5h,"[{""action"": ""small_blind"", ""amount"": 50, ""seat"": 0}, {""action"": ""big_blind"", ""amount"": 100, ""seat"": 1}, {""action"": ""call"", ""amount"": 50, ""seat"": 0}, {""action"": ""check"", ""amount"": 0, ""seat"": 1}, {""action"": ""check"", ""amount"": 0, ""seat"": 1}, {""action"": ""raise"", ""amount"": 124, ""seat"": 0}, {""action"": ""fold"", ""amount"": 0, ""seat"": 1}]"
overfold_exploiter,2026060732,1,78,deployed_overfold_exploiter_s2026060732_o1_h0078,turn,turn_barrel,overfold_exploiter,raise,322,770,11,12,770,-224,224,turn,770,False,As Qs Ts 8h,"[{""action"": ""small_blind"", ""amount"": 50, ""seat"": 0}, {""action"": ""big_blind"", ""amount"": 100, ""seat"": 1}, {""action"": ""call"", ""amount"": 50, ""seat"": 0}, {""action"": ""check"", ""amount"": 0, ""seat"": 1}, {""action"": ""check"", ""amount"": 0, ""seat"": 1}, {""action"": ""raise"", ""amount"": 124, ""seat"": 0}, {""action"": ""call"", ""amount"": 124, ""seat"": 1}, {""action"": ""check"", ""amount"": 0, ""seat"": 1}, {""action"": ""raise"", ""amount"": 322, ""seat"": 0}, {""action"": ""fold"", ""amount"": 0, ""seat"": 1}]"
overfold_exploiter,2026060732,1,82,deployed_overfold_exploiter_s2026060732_o1_h0082,flop,flop_cbet_or_probe,overfold_exploiter,raise,124,324,7,8,324,-100,100,flop,324,False,3d Ac 8d,"[{""action"": ""small_blind"", ""amount"": 50, ""seat"": 0}, {""action"": ""big_blind"", ""amount"": 100, ""seat"": 1}, {""action"": ""call"", ""amount"": 50, ""seat"": 0}, {""action"": ""check"", ""amount"": 0, ""seat"": 1}, {""action"": ""check"", ""amount"": 0, ""seat"": 1}, {""action"": ""raise"", ""amount"": 124, ""seat"": 0}, {""action"": ""fold"", ""amount"": 0, ""seat"": 1}]"
overfold_exploiter,2026060732,1,98,deployed_overfold_exploiter_s2026060732_o1_h0098,flop,flop_cbet_or_probe,overfold_exploiter,raise,124,324,7,8,324,-100,100,flop,324,False,Js 2s 6s,"[{""action"": ""small_blind"", ""amount"": 50, ""seat"": 0}, {""action"": ""big_blind"", ""amount"": 100, ""seat"": 1}, {""action"": ""call"", ""amount"": 50, ""seat"": 0}, {""action"": ""check"", ""amount"": 0, ""seat"": 1}, {""action"": ""check"", ""amount"": 0, ""seat"": 1}, {""action"": ""raise"", ""amount"": 124, ""seat"": 0}, {""action"": ""fold"", ""amount"": 0, ""seat"": 1}]"
overfold_exploiter,2026060732,1,110,deployed_overfold_exploiter_s2026060732_o1_h0110,flop,flop_cbet_or_probe,overfold_exploiter,raise,124,324,7,8,324,-100,100,flop,324,False,Jh Js 7c,"[{""action"": ""small_blind"", ""amount"": 50, ""seat"": 0}, {""action"": ""big_blind"", ""amount"": 100, ""seat"": 1}, {""action"": ""call"", ""amount"": 50, ""seat"": 0}, {""action"": ""check"", ""amount"": 0, ""seat"": 1}, {""action"": ""check"", ""amount"": 0, ""seat"": 1}, {""action"": ""raise"", ""amount"": 124, ""seat"": 0}, {""action"": ""fold"", ""amount"": 0, ""seat"": 1}]"
overfold_exploiter,2026060732,1,128,deployed_overfold_exploiter_s2026060732_o1_h0128,flop,flop_cbet_or_probe,overfold_exploiter,raise,124,324,7,8,324,-100,100,flop,324,False,Tc Kd 4c,"[{""action"": ""small_blind"", ""amount"": 50, ""seat"": 0}, {""action"": ""big_blind"", ""amount"": 100, ""seat"": 1}, {""action"": ""call"", ""amount"": 50, ""seat"": 0}, {""action"": ""check"", ""amount"": 0, ""seat"": 1}, {""action"": ""check"", ""amount"": 0, ""seat"": 1}, {""action"": ""raise"", ""amount"": 124, ""seat"": 0}, {""action"": ""fold"", ""amount"": 0, ""seat"": 1}]"
overfold_exploiter,2026060732,1,134,deployed_overfold_exploiter_s2026060732_o1_h0134,flop,flop_cbet_or_probe,overfold_exploiter,raise,124,324,7,8,324,-100,100,flop,324,False,Td 3c 3h,"[{""action"": ""small_blind"", ""amount"": 50, ""seat"": 0}, {""action"": ""big_blind"", ""amount"": 100, ""seat"": 1}, {""action"": ""call"", ""amount"": 50, ""seat"": 0}, {""action"": ""check"", ""amount"": 0, ""seat"": 1}, {""action"": ""check"", ""amount"": 0, ""seat"": 1}, {""action"": ""raise"", ""amount"": 124, ""seat"": 0}, {""action"": ""fold"", ""amount"": 0, ""seat"": 1}]"
overfold_exploiter,2026060732,1,140,deployed_overfold_exploiter_s2026060732_o1_h0140,flop,flop_cbet_or_probe,overfold_exploiter,raise,124,324,7,8,324,-100,100,flop,324,False,Jd 7c Qd,"[{""action"": ""small_blind"", ""amount"": 50, ""seat"": 0}, {""action"": ""big_blind"", ""amount"": 100, ""seat"": 1}, {""action"": ""call"", ""amount"": 50, ""seat"": 0}, {""action"": ""check"", ""amount"": 0, ""seat"": 1}, {""action"": ""check"", ""amount"": 0, ""seat"": 1}, {""action"": ""raise"", ""amount"": 124, ""seat"": 0}, {""action"": ""fold"", ""amount"": 0, ""seat"": 1}]"
overfold_exploiter,2026060732,1,142,deployed_overfold_exploiter_s2026060732_o1_h0142,flop,flop_cbet_or_probe,overfold_exploiter,raise,124,324,7,8,324,-100,100,flop,324,False,8s Ad Kh,"[{""action"": ""small_blind"", ""amount"": 50, ""seat"": 0}, {""action"": ""big_blind"", ""amount"": 100, ""seat"": 1}, {""action"": ""call"", ""amount"": 50, ""seat"": 0}, {""action"": ""check"", ""amount"": 0, ""seat"": 1}, {""action"": ""check"", ""amount"": 0, ""seat"": 1}, {""action"": ""raise"", ""amount"": 124, ""seat"": 0}, {""action"": ""fold"", ""amount"": 0, ""seat"": 1}]"
overfold_exploiter,2026060732,1,164,deployed_overfold_exploiter_s2026060732_o1_h0164,flop,flop_cbet_or_probe,overfold_exploiter,raise,124,324,7,8,324,-100,100,flop,324,False,Kh Js 7h,"[{""action"": ""small_blind"", ""amount"": 50, ""seat"": 0}, {""action"": ""big_blind"", ""amount"": 100, ""seat"": 1}, {""action"": ""call"", ""amount"": 50, ""seat"": 0}, {""action"": ""check"", ""amount"": 0, ""seat"": 1}, {""action"": ""check"", ""amount"": 0, ""seat"": 1}, {""action"": ""raise"", ""amount"": 124, ""seat"": 0}, {""action"": ""fold"", ""amount"": 0, ""seat"": 1}]"
overfold_exploiter,2026060732,1,170,deployed_overfold_exploiter_s2026060732_o1_h0170,flop,flop_cbet_or_probe,overfold_exploiter,raise,124,324,7,8,324,-100,100,flop,324,False,8h Td Kc,"[{""action"": ""small_blind"", ""amount"": 50, ""seat"": 0}, {""action"": ""big_blind"", ""amount"": 100, ""seat"": 1}, {""action"": ""call"", ""amount"": 50, ""seat"": 0}, {""action"": ""check"", ""amount"": 0, ""seat"": 1}, {""action"": ""check"", ""amount"": 0, ""seat"": 1}, {""action"": ""raise"", ""amount"": 124, ""seat"": 0}, {""action"": ""fold"", ""amount"": 0, ""seat"": 1}]"
overfold_exploiter,2026060732,1,186,deployed_overfold_exploiter_s2026060732_o1_h0186,flop,flop_cbet_or_probe,overfold_exploiter,raise,124,324,7,8,324,-100,100,flop,324,False,4c 6s 9s,"[{""action"": ""small_blind"", ""amount"": 50, ""seat"": 0}, {""action"": ""big_blind"", ""amount"": 100, ""seat"": 1}, {""action"": ""call"", ""amount"": 50, ""seat"": 0}, {""action"": ""check"", ""amount"": 0, ""seat"": 1}, {""action"": ""check"", ""amount"": 0, ""seat"": 1}, {""action"": ""raise"", ""amount"": 124, ""seat"": 0}, {""action"": ""fold"", ""amount"": 0, ""seat"": 1}]"
overfold_exploiter,2026060732,1,196,deployed_overfold_exploiter_s2026060732_o1_h0196,flop,flop_cbet_or_probe,overfold_exploiter,raise,124,324,7,8,324,-100,100,flop,324,False,Qh Ah 5s,"[{""action"": ""small_blind"", ""amount"": 50, ""seat"": 0}, {""action"": ""big_blind"", ""amount"": 100, ""seat"": 1}, {""action"": ""call"", ""amount"": 50, ""seat"": 0}, {""action"": ""check"", ""amount"": 0, ""seat"": 1}, {""action"": ""check"", ""amount"": 0, ""seat"": 1}, {""action"": ""raise"", ""amount"": 124, ""seat"": 0}, {""action"": ""fold"", ""amount"": 0, ""seat"": 1}]"
overfold_exploiter,2026060733,0,23,deployed_overfold_exploiter_s2026060733_o0_h0023,flop,flop_cbet_or_probe,overfold_exploiter,raise,124,324,7,8,324,-100,100,flop,324,False,Js 3s 2d,"[{""action"": ""small_blind"", ""amount"": 50, ""seat"": 1}, {""action"": ""big_blind"", ""amount"": 100, ""seat"": 0}, {""action"": ""call"", ""amount"": 50, ""seat"": 1}, {""action"": ""check"", ""amount"": 0, ""seat"": 0}, {""action"": ""check"", ""amount"": 0, ""seat"": 0}, {""action"": ""raise"", ""amount"": 124, ""seat"": 1}, {""action"": ""fold"", ""amount"": 0, ""seat"": 0}]"
overfold_exploiter,2026060733,0,27,deployed_overfold_exploiter_s2026060733_o0_h0027,flop,flop_cbet_or_probe,overfold_exploiter,raise,124,324,7,8,324,-100,100,flop,324,False,Ah Tc Qh,"[{""action"": ""small_blind"", ""amount"": 50, ""seat"": 1}, {""action"": ""big_blind"", ""amount"": 100, ""seat"": 0}, {""action"": ""call"", ""amount"": 50, ""seat"": 1}, {""action"": ""check"", ""amount"": 0, ""seat"": 0}, {""action"": ""check"", ""amount"": 0, ""seat"": 0}, {""action"": ""raise"", ""amount"": 124, ""seat"": 1}, {""action"": ""fold"", ""amount"": 0, ""seat"": 0}]"
overfold_exploiter,2026060733,0,47,deployed_overfold_exploiter_s2026060733_o0_h0047,flop,flop_cbet_or_probe,overfold_exploiter,raise,124,324,7,8,324,-100,100,flop,324,False,9c 2c Qh,"[{""action"": ""small_blind"", ""amount"": 50, ""seat"": 1}, {""action"": ""big_blind"", ""amount"": 100, ""seat"": 0}, {""action"": ""call"", ""amount"": 50, ""seat"": 1}, {""action"": ""check"", ""amount"": 0, ""seat"": 0}, {""action"": ""check"", ""amount"": 0, ""seat"": 0}, {""action"": ""raise"", ""amount"": 124, ""seat"": 1}, {""action"": ""fold"", ""amount"": 0, ""seat"": 0}]"
overfold_exploiter,2026060733,0,73,deployed_overfold_exploiter_s2026060733_o0_h0073,flop,flop_cbet_or_probe,overfold_exploiter,raise,124,324,7,8,324,-100,100,flop,324,False,Ks 2d 3s,"[{""action"": ""small_blind"", ""amount"": 50, ""seat"": 1}, {""action"": ""big_blind"", ""amount"": 100, ""seat"": 0}, {""action"": ""call"", ""amount"": 50, ""seat"": 1}, {""action"": ""check"", ""amount"": 0, ""seat"": 0}, {""action"": ""check"", ""amount"": 0, ""seat"": 0}, {""action"": ""raise"", ""amount"": 124, ""seat"": 1}, {""action"": ""fold"", ""amount"": 0, ""seat"": 0}]"
overfold_exploiter,2026060733,0,75,deployed_overfold_exploiter_s2026060733_o0_h0075,flop,flop_cbet_or_probe,overfold_exploiter,raise,124,324,7,8,324,-100,100,flop,324,False,Ad 8d 4c,"[{""action"": ""small_blind"", ""amount"": 50, ""seat"": 1}, {""action"": ""big_blind"", ""amount"": 100, ""seat"": 0}, {""action"": ""call"", ""amount"": 50, ""seat"": 1}, {""action"": ""check"", ""amount"": 0, ""seat"": 0}, {""action"": ""check"", ""amount"": 0, ""seat"": 0}, {""action"": ""raise"", ""amount"": 124, ""seat"": 1}, {""action"": ""fold"", ""amount"": 0, ""seat"": 0}]"
overfold_exploiter,2026060733,0,77,deployed_overfold_exploiter_s2026060733_o0_h0077,flop,flop_cbet_or_probe,overfold_exploiter,raise,124,324,7,8,324,-100,100,flop,324,False,Kc Jc Qs,"[{""action"": ""small_blind"", ""amount"": 50, ""seat"": 1}, {""action"": ""big_blind"", ""amount"": 100, ""seat"": 0}, {""action"": ""call"", ""amount"": 50, ""seat"": 1}, {""action"": ""check"", ""amount"": 0, ""seat"": 0}, {""action"": ""check"", ""amount"": 0, ""seat"": 0}, {""action"": ""raise"", ""amount"": 124, ""seat"": 1}, {""action"": ""fold"", ""amount"": 0, ""seat"": 0}]"
overfold_exploiter,2026060733,0,79,deployed_overfold_exploiter_s2026060733_o0_h0079,flop,flop_cbet_or_probe,overfold_exploiter,raise,124,324,7,8,324,-100,100,flop,324,False,Qh Ts Ac,"[{""action"": ""small_blind"", ""amount"": 50, ""seat"": 1}, {""action"": ""big_blind"", ""amount"": 100, ""seat"": 0}, {""action"": ""call"", ""amount"": 50, ""seat"": 1}, {""action"": ""check"", ""amount"": 0, ""seat"": 0}, {""action"": ""check"", ""amount"": 0, ""seat"": 0}, {""action"": ""raise"", ""amount"": 124, ""seat"": 1}, {""action"": ""fold"", ""amount"": 0, ""seat"": 0}]"
overfold_exploiter,2026060733,0,85,deployed_overfold_exploiter_s2026060733_o0_h0085,flop,flop_cbet_or_probe,overfold_exploiter,raise,124,324,7,8,324,-100,100,flop,324,False,2h 3h 9d,"[{""action"": ""small_blind"", ""amount"": 50, ""seat"": 1}, {""action"": ""big_blind"", ""amount"": 100, ""seat"": 0}, {""action"": ""call"", ""amount"": 50, ""seat"": 1}, {""action"": ""check"", ""amount"": 0, ""seat"": 0}, {""action"": ""check"", ""amount"": 0, ""seat"": 0}, {""action"": ""raise"", ""amount"": 124, ""seat"": 1}, {""action"": ""fold"", ""amount"": 0, ""seat"": 0}]"
overfold_exploiter,2026060733,0,91,deployed_overfold_exploiter_s2026060733_o0_h0091,turn,turn_probe,overfold_exploiter,raise,144,344,10,11,344,-100,100,turn,344,False,Jd 9h 6s 4h,"[{""action"": ""small_blind"", ""amount"": 50, ""seat"": 1}, {""action"": ""big_blind"", ""amount"": 100, ""seat"": 0}, {""action"": ""call"", ""amount"": 50, ""seat"": 1}, {""action"": ""check"", ""amount"": 0, ""seat"": 0}, {""action"": ""check"", ""amount"": 0, ""seat"": 0}, {""action"": ""check"", ""amount"": 0, ""seat"": 1}, {""action"": ""check"", ""amount"": 0, ""seat"": 0}, {""action"": ""raise"", ""amount"": 144, ""seat"": 1}, {""action"": ""fold"", ""amount"": 0, ""seat"": 0}]"
overfold_exploiter,2026060733,0,99,deployed_overfold_exploiter_s2026060733_o0_h0099,flop,flop_cbet_or_probe,overfold_exploiter,raise,124,324,7,8,324,-100,100,flop,324,False,9c Jh 2h,"[{""action"": ""small_blind"", ""amount"": 50, ""seat"": 1}, {""action"": ""big_blind"", ""amount"": 100, ""seat"": 0}, {""action"": ""call"", ""amount"": 50, ""seat"": 1}, {""action"": ""check"", ""amount"": 0, ""seat"": 0}, {""action"": ""check"", ""amount"": 0, ""seat"": 0}, {""action"": ""raise"", ""amount"": 124, ""seat"": 1}, {""action"": ""fold"", ""amount"": 0, ""seat"": 0}]"
overfold_exploiter,2026060733,0,107,deployed_overfold_exploiter_s2026060733_o0_h0107,flop,flop_cbet_or_probe,overfold_exploiter,raise,124,324,7,8,324,-100,100,flop,324,False,9c 6d 6c,"[{""action"": ""small_blind"", ""amount"": 50, ""seat"": 1}, {""action"": ""big_blind"", ""amount"": 100, ""seat"": 0}, {""action"": ""call"", ""amount"": 50, ""seat"": 1}, {""action"": ""check"", ""amount"": 0, ""seat"": 0}, {""action"": ""check"", ""amount"": 0, ""seat"": 0}, {""action"": ""raise"", ""amount"": 124, ""seat"": 1}, {""action"": ""fold"", ""amount"": 0, ""seat"": 0}]"
overfold_exploiter,2026060733,0,155,deployed_overfold_exploiter_s2026060733_o0_h0155,flop,flop_cbet_or_probe,overfold_exploiter,raise,124,324,7,8,324,-100,100,flop,324,False,7s 4c 3d,"[{""action"": ""small_blind"", ""amount"": 50, ""seat"": 1}, {""action"": ""big_blind"", ""amount"": 100, ""seat"": 0}, {""action"": ""call"", ""amount"": 50, ""seat"": 1}, {""action"": ""check"", ""amount"": 0, ""seat"": 0}, {""action"": ""check"", ""amount"": 0, ""seat"": 0}, {""action"": ""raise"", ""amount"": 124, ""seat"": 1}, {""action"": ""fold"", ""amount"": 0, ""seat"": 0}]"
overfold_exploiter,2026060733,0,161,deployed_overfold_exploiter_s2026060733_o0_h0161,flop,flop_cbet_or_probe,overfold_exploiter,raise,124,324,7,8,324,-100,100,flop,324,False,Qc Jd 2d,"[{""action"": ""small_blind"", ""amount"": 50, ""seat"": 1}, {""action"": ""big_blind"", ""amount"": 100, ""seat"": 0}, {""action"": ""call"", ""amount"": 50, ""seat"": 1}, {""action"": ""check"", ""amount"": 0, ""seat"": 0}, {""action"": ""check"", ""amount"": 0, ""seat"": 0}, {""action"": ""raise"", ""amount"": 124, ""seat"": 1}, {""action"": ""fold"", ""amount"": 0, ""seat"": 0}]"
overfold_exploiter,2026060733,0,165,deployed_overfold_exploiter_s2026060733_o0_h0165,flop,flop_cbet_or_probe,overfold_exploiter,raise,124,324,7,8,324,-100,100,flop,324,False,Kd 6s As,"[{""action"": ""small_blind"", ""amount"": 50, ""seat"": 1}, {""action"": ""big_blind"", ""amount"": 100, ""seat"": 0}, {""action"": ""call"", ""amount"": 50, ""seat"": 1}, {""action"": ""check"", ""amount"": 0, ""seat"": 0}, {""action"": ""check"", ""amount"": 0, ""seat"": 0}, {""action"": ""raise"", ""amount"": 124, ""seat"": 1}, {""action"": ""fold"", ""amount"": 0, ""seat"": 0}]"
overfold_exploiter,2026060733,0,167,deployed_overfold_exploiter_s2026060733_o0_h0167,flop,flop_cbet_or_probe,overfold_exploiter,raise,124,324,7,8,324,-100,100,flop,324,False,Qd 8h Ah,"[{""action"": ""small_blind"", ""amount"": 50, ""seat"": 1}, {""action"": ""big_blind"", ""amount"": 100, ""seat"": 0}, {""action"": ""call"", ""amount"": 50, ""seat"": 1}, {""action"": ""check"", ""amount"": 0, ""seat"": 0}, {""action"": ""check"", ""amount"": 0, ""seat"": 0}, {""action"": ""raise"", ""amount"": 124, ""seat"": 1}, {""action"": ""fold"", ""amount"": 0, ""seat"": 0}]"
overfold_exploiter,2026060733,0,193,deployed_overfold_exploiter_s2026060733_o0_h0193,flop,flop_cbet_or_probe,overfold_exploiter,raise,124,324,7,8,324,-100,100,flop,324,False,2h 4c 8c,"[{""action"": ""small_blind"", ""amount"": 50, ""seat"": 1}, {""action"": ""big_blind"", ""amount"": 100, ""seat"": 0}, {""action"": ""call"", ""amount"": 50, ""seat"": 1}, {""action"": ""check"", ""amount"": 0, ""seat"": 0}, {""action"": ""check"", ""amount"": 0, ""seat"": 0}, {""action"": ""raise"", ""amount"": 124, ""seat"": 1}, {""action"": ""fold"", ""amount"": 0, ""seat"": 0}]"
overfold_exploiter,2026060733,0,195,deployed_overfold_exploiter_s2026060733_o0_h0195,flop,flop_cbet_or_probe,overfold_exploiter,raise,124,324,7,8,324,-100,100,flop,324,False,Qh 5d 9d,"[{""action"": ""small_blind"", ""amount"": 50, ""seat"": 1}, {""action"": ""big_blind"", ""amount"": 100, ""seat"": 0}, {""action"": ""call"", ""amount"": 50, ""seat"": 1}, {""action"": ""check"", ""amount"": 0, ""seat"": 0}, {""action"": ""check"", ""amount"": 0, ""seat"": 0}, {""action"": ""raise"", ""amount"": 124, ""seat"": 1}, {""action"": ""fold"", ""amount"": 0, ""seat"": 0}]"
overfold_exploiter,2026060733,0,199,deployed_overfold_exploiter_s2026060733_o0_h0199,flop,flop_cbet_or_probe,overfold_exploiter,raise,124,324,7,8,324,-100,100,flop,324,False,Ah Kh 5h,"[{""action"": ""small_blind"", ""amount"": 50, ""seat"": 1}, {""action"": ""big_blind"", ""amount"": 100, ""seat"": 0}, {""action"": ""call"", ""amount"": 50, ""seat"": 1}, {""action"": ""check"", ""amount"": 0, ""seat"": 0}, {""action"": ""check"", ""amount"": 0, ""seat"": 0}, {""action"": ""raise"", ""amount"": 124, ""seat"": 1}, {""action"": ""fold"", ""amount"": 0, ""seat"": 0}]"
overfold_exploiter,2026060733,1,2,deployed_overfold_exploiter_s2026060733_o1_h0002,flop,flop_cbet_or_probe,overfold_exploiter,raise,124,324,7,8,324,-100,100,flop,324,False,2c Ad Qc,"[{""action"": ""small_blind"", ""amount"": 50, ""seat"": 0}, {""action"": ""big_blind"", ""amount"": 100, ""seat"": 1}, {""action"": ""call"", ""amount"": 50, ""seat"": 0}, {""action"": ""check"", ""amount"": 0, ""seat"": 1}, {""action"": ""check"", ""amount"": 0, ""seat"": 1}, {""action"": ""raise"", ""amount"": 124, ""seat"": 0}, {""action"": ""fold"", ""amount"": 0, ""seat"": 1}]"
overfold_exploiter,2026060733,1,10,deployed_overfold_exploiter_s2026060733_o1_h0010,turn,turn_probe,overfold_exploiter,raise,144,344,10,11,344,-100,100,turn,344,False,8c 5s 2d Ks,"[{""action"": ""small_blind"", ""amount"": 50, ""seat"": 0}, {""action"": ""big_blind"", ""amount"": 100, ""seat"": 1}, {""action"": ""call"", ""amount"": 50, ""seat"": 0}, {""action"": ""check"", ""amount"": 0, ""seat"": 1}, {""action"": ""check"", ""amount"": 0, ""seat"": 1}, {""action"": ""check"", ""amount"": 0, ""seat"": 0}, {""action"": ""check"", ""amount"": 0, ""seat"": 1}, {""action"": ""raise"", ""amount"": 144, ""seat"": 0}, {""action"": ""fold"", ""amount"": 0, ""seat"": 1}]"
overfold_exploiter,2026060733,1,18,deployed_overfold_exploiter_s2026060733_o1_h0018,flop,flop_cbet_or_probe,overfold_exploiter,raise,124,324,7,8,324,-100,100,flop,324,False,Kd Qd 8s,"[{""action"": ""small_blind"", ""amount"": 50, ""seat"": 0}, {""action"": ""big_blind"", ""amount"": 100, ""seat"": 1}, {""action"": ""call"", ""amount"": 50, ""seat"": 0}, {""action"": ""check"", ""amount"": 0, ""seat"": 1}, {""action"": ""check"", ""amount"": 0, ""seat"": 1}, {""action"": ""raise"", ""amount"": 124, ""seat"": 0}, {""action"": ""fold"", ""amount"": 0, ""seat"": 1}]"
overfold_exploiter,2026060733,1,40,deployed_overfold_exploiter_s2026060733_o1_h0040,flop,flop_cbet_or_probe,overfold_exploiter,raise,124,324,7,8,324,-100,100,flop,324,False,2d 2c 7h,"[{""action"": ""small_blind"", ""amount"": 50, ""seat"": 0}, {""action"": ""big_blind"", ""amount"": 100, ""seat"": 1}, {""action"": ""call"", ""amount"": 50, ""seat"": 0}, {""action"": ""check"", ""amount"": 0, ""seat"": 1}, {""action"": ""check"", ""amount"": 0, ""seat"": 1}, {""action"": ""raise"", ""amount"": 124, ""seat"": 0}, {""action"": ""fold"", ""amount"": 0, ""seat"": 1}]"
overfold_exploiter,2026060733,1,42,deployed_overfold_exploiter_s2026060733_o1_h0042,flop,flop_cbet_or_probe,overfold_exploiter,raise,124,324,7,8,324,-100,100,flop,324,False,3h 2c 2d,"[{""action"": ""small_blind"", ""amount"": 50, ""seat"": 0}, {""action"": ""big_blind"", ""amount"": 100, ""seat"": 1}, {""action"": ""call"", ""amount"": 50, ""seat"": 0}, {""action"": ""check"", ""amount"": 0, ""seat"": 1}, {""action"": ""check"", ""amount"": 0, ""seat"": 1}, {""action"": ""raise"", ""amount"": 124, ""seat"": 0}, {""action"": ""fold"", ""amount"": 0, ""seat"": 1}]"
overfold_exploiter,2026060733,1,52,deployed_overfold_exploiter_s2026060733_o1_h0052,turn,turn_probe,overfold_exploiter,raise,144,344,10,11,344,-100,100,turn,344,False,9d 3h Js Qh,"[{""action"": ""small_blind"", ""amount"": 50, ""seat"": 0}, {""action"": ""big_blind"", ""amount"": 100, ""seat"": 1}, {""action"": ""call"", ""amount"": 50, ""seat"": 0}, {""action"": ""check"", ""amount"": 0, ""seat"": 1}, {""action"": ""check"", ""amount"": 0, ""seat"": 1}, {""action"": ""check"", ""amount"": 0, ""seat"": 0}, {""action"": ""check"", ""amount"": 0, ""seat"": 1}, {""action"": ""raise"", ""amount"": 144, ""seat"": 0}, {""action"": ""fold"", ""amount"": 0, ""seat"": 1}]"
overfold_exploiter,2026060733,1,68,deployed_overfold_exploiter_s2026060733_o1_h0068,flop,flop_cbet_or_probe,overfold_exploiter,raise,124,324,7,8,324,-100,100,flop,324,False,3d 7c 5s,"[{""action"": ""small_blind"", ""amount"": 50, ""seat"": 0}, {""action"": ""big_blind"", ""amount"": 100, ""seat"": 1}, {""action"": ""call"", ""amount"": 50, ""seat"": 0}, {""action"": ""check"", ""amount"": 0, ""seat"": 1}, {""action"": ""check"", ""amount"": 0, ""seat"": 1}, {""action"": ""raise"", ""amount"": 124, ""seat"": 0}, {""action"": ""fold"", ""amount"": 0, ""seat"": 1}]"
overfold_exploiter,2026060733,1,70,deployed_overfold_exploiter_s2026060733_o1_h0070,flop,flop_cbet_or_probe,overfold_exploiter,raise,124,324,7,8,324,-100,100,flop,324,False,Ad 7c 2d,"[{""action"": ""small_blind"", ""amount"": 50, ""seat"": 0}, {""action"": ""big_blind"", ""amount"": 100, ""seat"": 1}, {""action"": ""call"", ""amount"": 50, ""seat"": 0}, {""action"": ""check"", ""amount"": 0, ""seat"": 1}, {""action"": ""check"", ""amount"": 0, ""seat"": 1}, {""action"": ""raise"", ""amount"": 124, ""seat"": 0}, {""action"": ""fold"", ""amount"": 0, ""seat"": 1}]"
overfold_exploiter,2026060733,1,84,deployed_overfold_exploiter_s2026060733_o1_h0084,flop,flop_cbet_or_probe,overfold_exploiter,raise,124,324,7,8,324,-100,100,flop,324,False,6s Ac 6c,"[{""action"": ""small_blind"", ""amount"": 50, ""seat"": 0}, {""action"": ""big_blind"", ""amount"": 100, ""seat"": 1}, {""action"": ""call"", ""amount"": 50, ""seat"": 0}, {""action"": ""check"", ""amount"": 0, ""seat"": 1}, {""action"": ""check"", ""amount"": 0, ""seat"": 1}, {""action"": ""raise"", ""amount"": 124, ""seat"": 0}, {""action"": ""fold"", ""amount"": 0, ""seat"": 1}]"
overfold_exploiter,2026060733,1,88,deployed_overfold_exploiter_s2026060733_o1_h0088,flop,flop_cbet_or_probe,overfold_exploiter,raise,124,324,7,8,324,-100,100,flop,324,False,6s 5h As,"[{""action"": ""small_blind"", ""amount"": 50, ""seat"": 0}, {""action"": ""big_blind"", ""amount"": 100, ""seat"": 1}, {""action"": ""call"", ""amount"": 50, ""seat"": 0}, {""action"": ""check"", ""amount"": 0, ""seat"": 1}, {""action"": ""check"", ""amount"": 0, ""seat"": 1}, {""action"": ""raise"", ""amount"": 124, ""seat"": 0}, {""action"": ""fold"", ""amount"": 0, ""seat"": 1}]"
overfold_exploiter,2026060733,1,90,deployed_overfold_exploiter_s2026060733_o1_h0090,flop,flop_cbet_or_probe,overfold_exploiter,raise,124,324,7,8,324,-100,100,flop,324,False,Qd Ac 7s,"[{""action"": ""small_blind"", ""amount"": 50, ""seat"": 0}, {""action"": ""big_blind"", ""amount"": 100, ""seat"": 1}, {""action"": ""call"", ""amount"": 50, ""seat"": 0}, {""action"": ""check"", ""amount"": 0, ""seat"": 1}, {""action"": ""check"", ""amount"": 0, ""seat"": 1}, {""action"": ""raise"", ""amount"": 124, ""seat"": 0}, {""action"": ""fold"", ""amount"": 0, ""seat"": 1}]"
overfold_exploiter,2026060733,1,96,deployed_overfold_exploiter_s2026060733_o1_h0096,flop,flop_cbet_or_probe,overfold_exploiter,raise,124,324,7,8,324,-100,100,flop,324,False,7s 2h Ah,"[{""action"": ""small_blind"", ""amount"": 50, ""seat"": 0}, {""action"": ""big_blind"", ""amount"": 100, ""seat"": 1}, {""action"": ""call"", ""amount"": 50, ""seat"": 0}, {""action"": ""check"", ""amount"": 0, ""seat"": 1}, {""action"": ""check"", ""amount"": 0, ""seat"": 1}, {""action"": ""raise"", ""amount"": 124, ""seat"": 0}, {""action"": ""fold"", ""amount"": 0, ""seat"": 1}]"
overfold_exploiter,2026060733,1,108,deployed_overfold_exploiter_s2026060733_o1_h0108,flop,flop_cbet_or_probe,overfold_exploiter,raise,124,324,7,8,324,-100,100,flop,324,False,4s 9h 9c,"[{""action"": ""small_blind"", ""amount"": 50, ""seat"": 0}, {""action"": ""big_blind"", ""amount"": 100, ""seat"": 1}, {""action"": ""call"", ""amount"": 50, ""seat"": 0}, {""action"": ""check"", ""amount"": 0, ""seat"": 1}, {""action"": ""check"", ""amount"": 0, ""seat"": 1}, {""action"": ""raise"", ""amount"": 124, ""seat"": 0}, {""action"": ""fold"", ""amount"": 0, ""seat"": 1}]"
overfold_exploiter,2026060733,1,112,deployed_overfold_exploiter_s2026060733_o1_h0112,flop,flop_cbet_or_probe,overfold_exploiter,raise,124,324,7,8,324,-100,100,flop,324,False,2d 7c Th,"[{""action"": ""small_blind"", ""amount"": 50, ""seat"": 0}, {""action"": ""big_blind"", ""amount"": 100, ""seat"": 1}, {""action"": ""call"", ""amount"": 50, ""seat"": 0}, {""action"": ""check"", ""amount"": 0, ""seat"": 1}, {""action"": ""check"", ""amount"": 0, ""seat"": 1}, {""action"": ""raise"", ""amount"": 124, ""seat"": 0}, {""action"": ""fold"", ""amount"": 0, ""seat"": 1}]"
overfold_exploiter,2026060733,1,120,deployed_overfold_exploiter_s2026060733_o1_h0120,flop,flop_cbet_or_probe,overfold_exploiter,raise,124,324,7,8,324,-100,100,flop,324,False,Qd 6s Kd,"[{""action"": ""small_blind"", ""amount"": 50, ""seat"": 0}, {""action"": ""big_blind"", ""amount"": 100, ""seat"": 1}, {""action"": ""call"", ""amount"": 50, ""seat"": 0}, {""action"": ""check"", ""amount"": 0, ""seat"": 1}, {""action"": ""check"", ""amount"": 0, ""seat"": 1}, {""action"": ""raise"", ""amount"": 124, ""seat"": 0}, {""action"": ""fold"", ""amount"": 0, ""seat"": 1}]"
overfold_exploiter,2026060733,1,142,deployed_overfold_exploiter_s2026060733_o1_h0142,flop,flop_cbet_or_probe,overfold_exploiter,raise,124,324,7,8,324,-100,100,flop,324,False,Qh Jh 4s,"[{""action"": ""small_blind"", ""amount"": 50, ""seat"": 0}, {""action"": ""big_blind"", ""amount"": 100, ""seat"": 1}, {""action"": ""call"", ""amount"": 50, ""seat"": 0}, {""action"": ""check"", ""amount"": 0, ""seat"": 1}, {""action"": ""check"", ""amount"": 0, ""seat"": 1}, {""action"": ""raise"", ""amount"": 124, ""seat"": 0}, {""action"": ""fold"", ""amount"": 0, ""seat"": 1}]"
overfold_exploiter,2026060733,1,148,deployed_overfold_exploiter_s2026060733_o1_h0148,flop,flop_cbet_or_probe,overfold_exploiter,raise,124,324,7,8,324,-100,100,flop,324,False,2h 3c 7s,"[{""action"": ""small_blind"", ""amount"": 50, ""seat"": 0}, {""action"": ""big_blind"", ""amount"": 100, ""seat"": 1}, {""action"": ""call"", ""amount"": 50, ""seat"": 0}, {""action"": ""check"", ""amount"": 0, ""seat"": 1}, {""action"": ""check"", ""amount"": 0, ""seat"": 1}, {""action"": ""raise"", ""amount"": 124, ""seat"": 0}, {""action"": ""fold"", ""amount"": 0, ""seat"": 1}]"
overfold_exploiter,2026060733,1,156,deployed_overfold_exploiter_s2026060733_o1_h0156,flop,flop_cbet_or_probe,overfold_exploiter,raise,124,324,7,8,324,-100,100,flop,324,False,2c 4c Ac,"[{""action"": ""small_blind"", ""amount"": 50, ""seat"": 0}, {""action"": ""big_blind"", ""amount"": 100, ""seat"": 1}, {""action"": ""call"", ""amount"": 50, ""seat"": 0}, {""action"": ""check"", ""amount"": 0, ""seat"": 1}, {""action"": ""check"", ""amount"": 0, ""seat"": 1}, {""action"": ""raise"", ""amount"": 124, ""seat"": 0}, {""action"": ""fold"", ""amount"": 0, ""seat"": 1}]"
overfold_exploiter,2026060733,1,164,deployed_overfold_exploiter_s2026060733_o1_h0164,flop,flop_cbet_or_probe,overfold_exploiter,raise,124,324,7,8,324,-100,100,flop,324,False,Ad Td 3h,"[{""action"": ""small_blind"", ""amount"": 50, ""seat"": 0}, {""action"": ""big_blind"", ""amount"": 100, ""seat"": 1}, {""action"": ""call"", ""amount"": 50, ""seat"": 0}, {""action"": ""check"", ""amount"": 0, ""seat"": 1}, {""action"": ""check"", ""amount"": 0, ""seat"": 1}, {""action"": ""raise"", ""amount"": 124, ""seat"": 0}, {""action"": ""fold"", ""amount"": 0, ""seat"": 1}]"
overfold_exploiter,2026060733,1,166,deployed_overfold_exploiter_s2026060733_o1_h0166,flop,flop_cbet_or_probe,overfold_exploiter,raise,124,324,7,8,324,-100,100,flop,324,False,6d 4h 9h,"[{""action"": ""small_blind"", ""amount"": 50, ""seat"": 0}, {""action"": ""big_blind"", ""amount"": 100, ""seat"": 1}, {""action"": ""call"", ""amount"": 50, ""seat"": 0}, {""action"": ""check"", ""amount"": 0, ""seat"": 1}, {""action"": ""check"", ""amount"": 0, ""seat"": 1}, {""action"": ""raise"", ""amount"": 124, ""seat"": 0}, {""action"": ""fold"", ""amount"": 0, ""seat"": 1}]"
overfold_exploiter,2026060733,1,178,deployed_overfold_exploiter_s2026060733_o1_h0178,flop,flop_cbet_or_probe,overfold_exploiter,raise,124,324,7,8,324,-100,100,flop,324,False,Jc 3c 9h,"[{""action"": ""small_blind"", ""amount"": 50, ""seat"": 0}, {""action"": ""big_blind"", ""amount"": 100, ""seat"": 1}, {""action"": ""call"", ""amount"": 50, ""seat"": 0}, {""action"": ""check"", ""amount"": 0, ""seat"": 1}, {""action"": ""check"", ""amount"": 0, ""seat"": 1}, {""action"": ""raise"", ""amount"": 124, ""seat"": 0}, {""action"": ""fold"", ""amount"": 0, ""seat"": 1}]"
overfold_exploiter,2026060733,1,188,deployed_overfold_exploiter_s2026060733_o1_h0188,flop,flop_cbet_or_probe,overfold_exploiter,raise,124,324,7,8,324,-100,100,flop,324,False,Jd 6c 5s,"[{""action"": ""small_blind"", ""amount"": 50, ""seat"": 0}, {""action"": ""big_blind"", ""amount"": 100, ""seat"": 1}, {""action"": ""call"", ""amount"": 50, ""seat"": 0}, {""action"": ""check"", ""amount"": 0, ""seat"": 1}, {""action"": ""check"", ""amount"": 0, ""seat"": 1}, {""action"": ""raise"", ""amount"": 124, ""seat"": 0}, {""action"": ""fold"", ""amount"": 0, ""seat"": 1}]"
overfold_exploiter,2026060733,1,190,deployed_overfold_exploiter_s2026060733_o1_h0190,flop,flop_cbet_or_probe,overfold_exploiter,raise,124,324,7,8,324,-100,100,flop,324,False,Ad 5d 4h,"[{""action"": ""small_blind"", ""amount"": 50, ""seat"": 0}, {""action"": ""big_blind"", ""amount"": 100, ""seat"": 1}, {""action"": ""call"", ""amount"": 50, ""seat"": 0}, {""action"": ""check"", ""amount"": 0, ""seat"": 1}, {""action"": ""check"", ""amount"": 0, ""seat"": 1}, {""action"": ""raise"", ""amount"": 124, ""seat"": 0}, {""action"": ""fold"", ""amount"": 0, ""seat"": 1}]"
overfold_exploiter,2026060733,1,198,deployed_overfold_exploiter_s2026060733_o1_h0198,flop,flop_cbet_or_probe,overfold_exploiter,raise,124,324,7,8,324,-100,100,flop,324,False,6c Qc 2d,"[{""action"": ""small_blind"", ""amount"": 50, ""seat"": 0}, {""action"": ""big_blind"", ""amount"": 100, ""seat"": 1}, {""action"": ""call"", ""amount"": 50, ""seat"": 0}, {""action"": ""check"", ""amount"": 0, ""seat"": 1}, {""action"": ""check"", ""amount"": 0, ""seat"": 1}, {""action"": ""raise"", ""amount"": 124, ""seat"": 0}, {""action"": ""fold"", ""amount"": 0, ""seat"": 1}]"
overfold_exploiter,2026060734,0,23,deployed_overfold_exploiter_s2026060734_o0_h0023,flop,flop_cbet_or_probe,overfold_exploiter,raise,124,324,7,8,324,-100,100,flop,324,False,8s 3s 6h,"[{""action"": ""small_blind"", ""amount"": 50, ""seat"": 1}, {""action"": ""big_blind"", ""amount"": 100, ""seat"": 0}, {""action"": ""call"", ""amount"": 50, ""seat"": 1}, {""action"": ""check"", ""amount"": 0, ""seat"": 0}, {""action"": ""check"", ""amount"": 0, ""seat"": 0}, {""action"": ""raise"", ""amount"": 124, ""seat"": 1}, {""action"": ""fold"", ""amount"": 0, ""seat"": 0}]"
overfold_exploiter,2026060734,0,33,deployed_overfold_exploiter_s2026060734_o0_h0033,flop,flop_cbet_or_probe,overfold_exploiter,raise,124,324,7,8,324,-100,100,flop,324,False,Qs 3h 7c,"[{""action"": ""small_blind"", ""amount"": 50, ""seat"": 1}, {""action"": ""big_blind"", ""amount"": 100, ""seat"": 0}, {""action"": ""call"", ""amount"": 50, ""seat"": 1}, {""action"": ""check"", ""amount"": 0, ""seat"": 0}, {""action"": ""check"", ""amount"": 0, ""seat"": 0}, {""action"": ""raise"", ""amount"": 124, ""seat"": 1}, {""action"": ""fold"", ""amount"": 0, ""seat"": 0}]"
overfold_exploiter,2026060734,0,37,deployed_overfold_exploiter_s2026060734_o0_h0037,flop,flop_cbet_or_probe,overfold_exploiter,raise,124,324,7,8,324,-100,100,flop,324,False,5d 7h 8c,"[{""action"": ""small_blind"", ""amount"": 50, ""seat"": 1}, {""action"": ""big_blind"", ""amount"": 100, ""seat"": 0}, {""action"": ""call"", ""amount"": 50, ""seat"": 1}, {""action"": ""check"", ""amount"": 0, ""seat"": 0}, {""action"": ""check"", ""amount"": 0, ""seat"": 0}, {""action"": ""raise"", ""amount"": 124, ""seat"": 1}, {""action"": ""fold"", ""amount"": 0, ""seat"": 0}]"
overfold_exploiter,2026060734,0,41,deployed_overfold_exploiter_s2026060734_o0_h0041,turn,turn_barrel,overfold_exploiter,raise,322,770,11,12,770,-224,224,turn,770,False,8s 6s 5s 7c,"[{""action"": ""small_blind"", ""amount"": 50, ""seat"": 1}, {""action"": ""big_blind"", ""amount"": 100, ""seat"": 0}, {""action"": ""call"", ""amount"": 50, ""seat"": 1}, {""action"": ""check"", ""amount"": 0, ""seat"": 0}, {""action"": ""check"", ""amount"": 0, ""seat"": 0}, {""action"": ""raise"", ""amount"": 124, ""seat"": 1}, {""action"": ""call"", ""amount"": 124, ""seat"": 0}, {""action"": ""check"", ""amount"": 0, ""seat"": 0}, {""action"": ""raise"", ""amount"": 322, ""seat"": 1}, {""action"": ""fold"", ""amount"": 0, ""seat"": 0}]"
overfold_exploiter,2026060734,0,45,deployed_overfold_exploiter_s2026060734_o0_h0045,flop,flop_cbet_or_probe,overfold_exploiter,raise,620,1620,8,9,1620,-500,500,flop,1620,False,4s Js As,"[{""action"": ""small_blind"", ""amount"": 50, ""seat"": 1}, {""action"": ""big_blind"", ""amount"": 100, ""seat"": 0}, {""action"": ""call"", ""amount"": 50, ""seat"": 1}, {""action"": ""raise"", ""amount"": 500, ""seat"": 0}, {""action"": ""call"", ""amount"": 400, ""seat"": 1}, {""action"": ""check"", ""amount"": 0, ""seat"": 0}, {""action"": ""raise"", ""amount"": 620, ""seat"": 1}, {""action"": ""fold"", ""amount"": 0, ""seat"": 0}]"
overfold_exploiter,2026060734,0,59,deployed_overfold_exploiter_s2026060734_o0_h0059,turn,turn_barrel,overfold_exploiter,raise,322,770,11,12,770,-224,224,turn,770,False,4s 3c Qc Ks,"[{""action"": ""small_blind"", ""amount"": 50, ""seat"": 1}, {""action"": ""big_blind"", ""amount"": 100, ""seat"": 0}, {""action"": ""call"", ""amount"": 50, ""seat"": 1}, {""action"": ""check"", ""amount"": 0, ""seat"": 0}, {""action"": ""check"", ""amount"": 0, ""seat"": 0}, {""action"": ""raise"", ""amount"": 124, ""seat"": 1}, {""action"": ""call"", ""amount"": 124, ""seat"": 0}, {""action"": ""check"", ""amount"": 0, ""seat"": 0}, {""action"": ""raise"", ""amount"": 322, ""seat"": 1}, {""action"": ""fold"", ""amount"": 0, ""seat"": 0}]"
overfold_exploiter,2026060734,0,67,deployed_overfold_exploiter_s2026060734_o0_h0067,flop,flop_cbet_or_probe,overfold_exploiter,raise,124,324,7,8,324,-100,100,flop,324,False,Kd Jh Td,"[{""action"": ""small_blind"", ""amount"": 50, ""seat"": 1}, {""action"": ""big_blind"", ""amount"": 100, ""seat"": 0}, {""action"": ""call"", ""amount"": 50, ""seat"": 1}, {""action"": ""check"", ""amount"": 0, ""seat"": 0}, {""action"": ""check"", ""amount"": 0, ""seat"": 0}, {""action"": ""raise"", ""amount"": 124, ""seat"": 1}, {""action"": ""fold"", ""amount"": 0, ""seat"": 0}]"
overfold_exploiter,2026060734,0,71,deployed_overfold_exploiter_s2026060734_o0_h0071,flop,flop_cbet_or_probe,overfold_exploiter,raise,124,324,7,8,324,-100,100,flop,324,False,Jd 4c Qc,"[{""action"": ""small_blind"", ""amount"": 50, ""seat"": 1}, {""action"": ""big_blind"", ""amount"": 100, ""seat"": 0}, {""action"": ""call"", ""amount"": 50, ""seat"": 1}, {""action"": ""check"", ""amount"": 0, ""seat"": 0}, {""action"": ""check"", ""amount"": 0, ""seat"": 0}, {""action"": ""raise"", ""amount"": 124, ""seat"": 1}, {""action"": ""fold"", ""amount"": 0, ""seat"": 0}]"
overfold_exploiter,2026060734,0,73,deployed_overfold_exploiter_s2026060734_o0_h0073,flop,flop_cbet_or_probe,overfold_exploiter,raise,124,324,7,8,324,-100,100,flop,324,False,Kd 8c 9s,"[{""action"": ""small_blind"", ""amount"": 50, ""seat"": 1}, {""action"": ""big_blind"", ""amount"": 100, ""seat"": 0}, {""action"": ""call"", ""amount"": 50, ""seat"": 1}, {""action"": ""check"", ""amount"": 0, ""seat"": 0}, {""action"": ""check"", ""amount"": 0, ""seat"": 0}, {""action"": ""raise"", ""amount"": 124, ""seat"": 1}, {""action"": ""fold"", ""amount"": 0, ""seat"": 0}]"
overfold_exploiter,2026060734,0,77,deployed_overfold_exploiter_s2026060734_o0_h0077,turn,turn_probe,overfold_exploiter,raise,144,344,10,11,344,-100,100,turn,344,False,Js 2d Ad Jc,"[{""action"": ""small_blind"", ""amount"": 50, ""seat"": 1}, {""action"": ""big_blind"", ""amount"": 100, ""seat"": 0}, {""action"": ""call"", ""amount"": 50, ""seat"": 1}, {""action"": ""check"", ""amount"": 0, ""seat"": 0}, {""action"": ""check"", ""amount"": 0, ""seat"": 0}, {""action"": ""check"", ""amount"": 0, ""seat"": 1}, {""action"": ""check"", ""amount"": 0, ""seat"": 0}, {""action"": ""raise"", ""amount"": 144, ""seat"": 1}, {""action"": ""fold"", ""amount"": 0, ""seat"": 0}]"
overfold_exploiter,2026060734,0,79,deployed_overfold_exploiter_s2026060734_o0_h0079,flop,flop_cbet_or_probe,overfold_exploiter,raise,620,1620,8,9,1620,-500,500,flop,1620,False,7h 2h 5s,"[{""action"": ""small_blind"", ""amount"": 50, ""seat"": 1}, {""action"": ""big_blind"", ""amount"": 100, ""seat"": 0}, {""action"": ""call"", ""amount"": 50, ""seat"": 1}, {""action"": ""raise"", ""amount"": 500, ""seat"": 0}, {""action"": ""call"", ""amount"": 400, ""seat"": 1}, {""action"": ""check"", ""amount"": 0, ""seat"": 0}, {""action"": ""raise"", ""amount"": 620, ""seat"": 1}, {""action"": ""fold"", ""amount"": 0, ""seat"": 0}]"
overfold_exploiter,2026060734,0,99,deployed_overfold_exploiter_s2026060734_o0_h0099,flop,flop_cbet_or_probe,overfold_exploiter,raise,124,324,7,8,324,-100,100,flop,324,False,Ac Jd 6c,"[{""action"": ""small_blind"", ""amount"": 50, ""seat"": 1}, {""action"": ""big_blind"", ""amount"": 100, ""seat"": 0}, {""action"": ""call"", ""amount"": 50, ""seat"": 1}, {""action"": ""check"", ""amount"": 0, ""seat"": 0}, {""action"": ""check"", ""amount"": 0, ""seat"": 0}, {""action"": ""raise"", ""amount"": 124, ""seat"": 1}, {""action"": ""fold"", ""amount"": 0, ""seat"": 0}]"
overfold_exploiter,2026060734,0,101,deployed_overfold_exploiter_s2026060734_o0_h0101,flop,flop_cbet_or_probe,overfold_exploiter,raise,124,324,7,8,324,-100,100,flop,324,False,Ts 7h 6h,"[{""action"": ""small_blind"", ""amount"": 50, ""seat"": 1}, {""action"": ""big_blind"", ""amount"": 100, ""seat"": 0}, {""action"": ""call"", ""amount"": 50, ""seat"": 1}, {""action"": ""check"", ""amount"": 0, ""seat"": 0}, {""action"": ""check"", ""amount"": 0, ""seat"": 0}, {""action"": ""raise"", ""amount"": 124, ""seat"": 1}, {""action"": ""fold"", ""amount"": 0, ""seat"": 0}]"
overfold_exploiter,2026060734,0,113,deployed_overfold_exploiter_s2026060734_o0_h0113,flop,flop_cbet_or_probe,overfold_exploiter,raise,124,324,7,8,324,-100,100,flop,324,False,Kc 9c Th,"[{""action"": ""small_blind"", ""amount"": 50, ""seat"": 1}, {""action"": ""big_blind"", ""amount"": 100, ""seat"": 0}, {""action"": ""call"", ""amount"": 50, ""seat"": 1}, {""action"": ""check"", ""amount"": 0, ""seat"": 0}, {""action"": ""check"", ""amount"": 0, ""seat"": 0}, {""action"": ""raise"", ""amount"": 124, ""seat"": 1}, {""action"": ""fold"", ""amount"": 0, ""seat"": 0}]"
overfold_exploiter,2026060734,0,123,deployed_overfold_exploiter_s2026060734_o0_h0123,flop,flop_cbet_or_probe,overfold_exploiter,raise,124,324,7,8,324,-100,100,flop,324,False,2d Ac Tc,"[{""action"": ""small_blind"", ""amount"": 50, ""seat"": 1}, {""action"": ""big_blind"", ""amount"": 100, ""seat"": 0}, {""action"": ""call"", ""amount"": 50, ""seat"": 1}, {""action"": ""check"", ""amount"": 0, ""seat"": 0}, {""action"": ""check"", ""amount"": 0, ""seat"": 0}, {""action"": ""raise"", ""amount"": 124, ""seat"": 1}, {""action"": ""fold"", ""amount"": 0, ""seat"": 0}]"
overfold_exploiter,2026060734,0,173,deployed_overfold_exploiter_s2026060734_o0_h0173,flop,flop_cbet_or_probe,overfold_exploiter,raise,124,324,7,8,324,-100,100,flop,324,False,8h Js 5s,"[{""action"": ""small_blind"", ""amount"": 50, ""seat"": 1}, {""action"": ""big_blind"", ""amount"": 100, ""seat"": 0}, {""action"": ""call"", ""amount"": 50, ""seat"": 1}, {""action"": ""check"", ""amount"": 0, ""seat"": 0}, {""action"": ""check"", ""amount"": 0, ""seat"": 0}, {""action"": ""raise"", ""amount"": 124, ""seat"": 1}, {""action"": ""fold"", ""amount"": 0, ""seat"": 0}]"
overfold_exploiter,2026060734,0,181,deployed_overfold_exploiter_s2026060734_o0_h0181,flop,flop_cbet_or_probe,overfold_exploiter,raise,124,324,7,8,324,-100,100,flop,324,False,Ah 9d 3h,"[{""action"": ""small_blind"", ""amount"": 50, ""seat"": 1}, {""action"": ""big_blind"", ""amount"": 100, ""seat"": 0}, {""action"": ""call"", ""amount"": 50, ""seat"": 1}, {""action"": ""check"", ""amount"": 0, ""seat"": 0}, {""action"": ""check"", ""amount"": 0, ""seat"": 0}, {""action"": ""raise"", ""amount"": 124, ""seat"": 1}, {""action"": ""fold"", ""amount"": 0, ""seat"": 0}]"
overfold_exploiter,2026060734,1,10,deployed_overfold_exploiter_s2026060734_o1_h0010,turn,turn_barrel,overfold_exploiter,raise,322,770,11,12,770,-224,224,turn,770,False,5h 4h 2c As,"[{""action"": ""small_blind"", ""amount"": 50, ""seat"": 0}, {""action"": ""big_blind"", ""amount"": 100, ""seat"": 1}, {""action"": ""call"", ""amount"": 50, ""seat"": 0}, {""action"": ""check"", ""amount"": 0, ""seat"": 1}, {""action"": ""check"", ""amount"": 0, ""seat"": 1}, {""action"": ""raise"", ""amount"": 124, ""seat"": 0}, {""action"": ""call"", ""amount"": 124, ""seat"": 1}, {""action"": ""check"", ""amount"": 0, ""seat"": 1}, {""action"": ""raise"", ""amount"": 322, ""seat"": 0}, {""action"": ""fold"", ""amount"": 0, ""seat"": 1}]"
overfold_exploiter,2026060734,1,22,deployed_overfold_exploiter_s2026060734_o1_h0022,flop,flop_cbet_or_probe,overfold_exploiter,raise,124,324,7,8,324,-100,100,flop,324,False,6h Tc Kh,"[{""action"": ""small_blind"", ""amount"": 50, ""seat"": 0}, {""action"": ""big_blind"", ""amount"": 100, ""seat"": 1}, {""action"": ""call"", ""amount"": 50, ""seat"": 0}, {""action"": ""check"", ""amount"": 0, ""seat"": 1}, {""action"": ""check"", ""amount"": 0, ""seat"": 1}, {""action"": ""raise"", ""amount"": 124, ""seat"": 0}, {""action"": ""fold"", ""amount"": 0, ""seat"": 1}]"
overfold_exploiter,2026060734,1,24,deployed_overfold_exploiter_s2026060734_o1_h0024,flop,flop_cbet_or_probe,overfold_exploiter,raise,124,324,7,8,324,-100,100,flop,324,False,8s Jc 5d,"[{""action"": ""small_blind"", ""amount"": 50, ""seat"": 0}, {""action"": ""big_blind"", ""amount"": 100, ""seat"": 1}, {""action"": ""call"", ""amount"": 50, ""seat"": 0}, {""action"": ""check"", ""amount"": 0, ""seat"": 1}, {""action"": ""check"", ""amount"": 0, ""seat"": 1}, {""action"": ""raise"", ""amount"": 124, ""seat"": 0}, {""action"": ""fold"", ""amount"": 0, ""seat"": 1}]"
overfold_exploiter,2026060734,1,36,deployed_overfold_exploiter_s2026060734_o1_h0036,turn,turn_probe,overfold_exploiter,raise,144,344,10,11,344,-100,100,turn,344,False,Ks 5s 7s 8d,"[{""action"": ""small_blind"", ""amount"": 50, ""seat"": 0}, {""action"": ""big_blind"", ""amount"": 100, ""seat"": 1}, {""action"": ""call"", ""amount"": 50, ""seat"": 0}, {""action"": ""check"", ""amount"": 0, ""seat"": 1}, {""action"": ""check"", ""amount"": 0, ""seat"": 1}, {""action"": ""check"", ""amount"": 0, ""seat"": 0}, {""action"": ""check"", ""amount"": 0, ""seat"": 1}, {""action"": ""raise"", ""amount"": 144, ""seat"": 0}, {""action"": ""fold"", ""amount"": 0, ""seat"": 1}]"
overfold_exploiter,2026060734,1,42,deployed_overfold_exploiter_s2026060734_o1_h0042,flop,flop_cbet_or_probe,overfold_exploiter,raise,124,324,7,8,324,-100,100,flop,324,False,5c 5h 9h,"[{""action"": ""small_blind"", ""amount"": 50, ""seat"": 0}, {""action"": ""big_blind"", ""amount"": 100, ""seat"": 1}, {""action"": ""call"", ""amount"": 50, ""seat"": 0}, {""action"": ""check"", ""amount"": 0, ""seat"": 1}, {""action"": ""check"", ""amount"": 0, ""seat"": 1}, {""action"": ""raise"", ""amount"": 124, ""seat"": 0}, {""action"": ""fold"", ""amount"": 0, ""seat"": 1}]"
overfold_exploiter,2026060734,1,46,deployed_overfold_exploiter_s2026060734_o1_h0046,flop,flop_cbet_or_probe,overfold_exploiter,raise,124,324,7,8,324,-100,100,flop,324,False,Qs 8d As,"[{""action"": ""small_blind"", ""amount"": 50, ""seat"": 0}, {""action"": ""big_blind"", ""amount"": 100, ""seat"": 1}, {""action"": ""call"", ""amount"": 50, ""seat"": 0}, {""action"": ""check"", ""amount"": 0, ""seat"": 1}, {""action"": ""check"", ""amount"": 0, ""seat"": 1}, {""action"": ""raise"", ""amount"": 124, ""seat"": 0}, {""action"": ""fold"", ""amount"": 0, ""seat"": 1}]"
overfold_exploiter,2026060734,1,54,deployed_overfold_exploiter_s2026060734_o1_h0054,flop,flop_cbet_or_probe,overfold_exploiter,raise,124,324,7,8,324,-100,100,flop,324,False,Tc Td 6s,"[{""action"": ""small_blind"", ""amount"": 50, ""seat"": 0}, {""action"": ""big_blind"", ""amount"": 100, ""seat"": 1}, {""action"": ""call"", ""amount"": 50, ""seat"": 0}, {""action"": ""check"", ""amount"": 0, ""seat"": 1}, {""action"": ""check"", ""amount"": 0, ""seat"": 1}, {""action"": ""raise"", ""amount"": 124, ""seat"": 0}, {""action"": ""fold"", ""amount"": 0, ""seat"": 1}]"
overfold_exploiter,2026060734,1,86,deployed_overfold_exploiter_s2026060734_o1_h0086,flop,flop_cbet_or_probe,overfold_exploiter,raise,124,324,7,8,324,-100,100,flop,324,False,9h Ac Kd,"[{""action"": ""small_blind"", ""amount"": 50, ""seat"": 0}, {""action"": ""big_blind"", ""amount"": 100, ""seat"": 1}, {""action"": ""call"", ""amount"": 50, ""seat"": 0}, {""action"": ""check"", ""amount"": 0, ""seat"": 1}, {""action"": ""check"", ""amount"": 0, ""seat"": 1}, {""action"": ""raise"", ""amount"": 124, ""seat"": 0}, {""action"": ""fold"", ""amount"": 0, ""seat"": 1}]"
overfold_exploiter,2026060734,1,94,deployed_overfold_exploiter_s2026060734_o1_h0094,flop,flop_cbet_or_probe,overfold_exploiter,raise,124,324,7,8,324,-100,100,flop,324,False,Jc 7d 9d,"[{""action"": ""small_blind"", ""amount"": 50, ""seat"": 0}, {""action"": ""big_blind"", ""amount"": 100, ""seat"": 1}, {""action"": ""call"", ""amount"": 50, ""seat"": 0}, {""action"": ""check"", ""amount"": 0, ""seat"": 1}, {""action"": ""check"", ""amount"": 0, ""seat"": 1}, {""action"": ""raise"", ""amount"": 124, ""seat"": 0}, {""action"": ""fold"", ""amount"": 0, ""seat"": 1}]"
overfold_exploiter,2026060734,1,98,deployed_overfold_exploiter_s2026060734_o1_h0098,turn,turn_probe,overfold_exploiter,raise,144,344,10,11,344,-100,100,turn,344,False,3h 7h Ac 8c,"[{""action"": ""small_blind"", ""amount"": 50, ""seat"": 0}, {""action"": ""big_blind"", ""amount"": 100, ""seat"": 1}, {""action"": ""call"", ""amount"": 50, ""seat"": 0}, {""action"": ""check"", ""amount"": 0, ""seat"": 1}, {""action"": ""check"", ""amount"": 0, ""seat"": 1}, {""action"": ""check"", ""amount"": 0, ""seat"": 0}, {""action"": ""check"", ""amount"": 0, ""seat"": 1}, {""action"": ""raise"", ""amount"": 144, ""seat"": 0}, {""action"": ""fold"", ""amount"": 0, ""seat"": 1}]"
overfold_exploiter,2026060734,1,100,deployed_overfold_exploiter_s2026060734_o1_h0100,flop,flop_cbet_or_probe,overfold_exploiter,raise,124,324,7,8,324,-100,100,flop,324,False,Kd Th 3c,"[{""action"": ""small_blind"", ""amount"": 50, ""seat"": 0}, {""action"": ""big_blind"", ""amount"": 100, ""seat"": 1}, {""action"": ""call"", ""amount"": 50, ""seat"": 0}, {""action"": ""check"", ""amount"": 0, ""seat"": 1}, {""action"": ""check"", ""amount"": 0, ""seat"": 1}, {""action"": ""raise"", ""amount"": 124, ""seat"": 0}, {""action"": ""fold"", ""amount"": 0, ""seat"": 1}]"
overfold_exploiter,2026060734,1,102,deployed_overfold_exploiter_s2026060734_o1_h0102,flop,flop_cbet_or_probe,overfold_exploiter,raise,124,324,7,8,324,-100,100,flop,324,False,Td As Tc,"[{""action"": ""small_blind"", ""amount"": 50, ""seat"": 0}, {""action"": ""big_blind"", ""amount"": 100, ""seat"": 1}, {""action"": ""call"", ""amount"": 50, ""seat"": 0}, {""action"": ""check"", ""amount"": 0, ""seat"": 1}, {""action"": ""check"", ""amount"": 0, ""seat"": 1}, {""action"": ""raise"", ""amount"": 124, ""seat"": 0}, {""action"": ""fold"", ""amount"": 0, ""seat"": 1}]"
overfold_exploiter,2026060734,1,116,deployed_overfold_exploiter_s2026060734_o1_h0116,flop,flop_cbet_or_probe,overfold_exploiter,raise,124,324,7,8,324,-100,100,flop,324,False,2s 9h 6s,"[{""action"": ""small_blind"", ""amount"": 50, ""seat"": 0}, {""action"": ""big_blind"", ""amount"": 100, ""seat"": 1}, {""action"": ""call"", ""amount"": 50, ""seat"": 0}, {""action"": ""check"", ""amount"": 0, ""seat"": 1}, {""action"": ""check"", ""amount"": 0, ""seat"": 1}, {""action"": ""raise"", ""amount"": 124, ""seat"": 0}, {""action"": ""fold"", ""amount"": 0, ""seat"": 1}]"
overfold_exploiter,2026060734,1,118,deployed_overfold_exploiter_s2026060734_o1_h0118,flop,flop_cbet_or_probe,overfold_exploiter,raise,124,324,7,8,324,-100,100,flop,324,False,9h 9c 7h,"[{""action"": ""small_blind"", ""amount"": 50, ""seat"": 0}, {""action"": ""big_blind"", ""amount"": 100, ""seat"": 1}, {""action"": ""call"", ""amount"": 50, ""seat"": 0}, {""action"": ""check"", ""amount"": 0, ""seat"": 1}, {""action"": ""check"", ""amount"": 0, ""seat"": 1}, {""action"": ""raise"", ""amount"": 124, ""seat"": 0}, {""action"": ""fold"", ""amount"": 0, ""seat"": 1}]"
overfold_exploiter,2026060734,1,120,deployed_overfold_exploiter_s2026060734_o1_h0120,flop,flop_cbet_or_probe,overfold_exploiter,raise,124,324,7,8,324,-100,100,flop,324,False,Ts Th 4h,"[{""action"": ""small_blind"", ""amount"": 50, ""seat"": 0}, {""action"": ""big_blind"", ""amount"": 100, ""seat"": 1}, {""action"": ""call"", ""amount"": 50, ""seat"": 0}, {""action"": ""check"", ""amount"": 0, ""seat"": 1}, {""action"": ""check"", ""amount"": 0, ""seat"": 1}, {""action"": ""raise"", ""amount"": 124, ""seat"": 0}, {""action"": ""fold"", ""amount"": 0, ""seat"": 1}]"
overfold_exploiter,2026060734,1,134,deployed_overfold_exploiter_s2026060734_o1_h0134,turn,turn_probe,overfold_exploiter,raise,144,344,10,11,344,-100,100,turn,344,False,6d 2d 5d 6c,"[{""action"": ""small_blind"", ""amount"": 50, ""seat"": 0}, {""action"": ""big_blind"", ""amount"": 100, ""seat"": 1}, {""action"": ""call"", ""amount"": 50, ""seat"": 0}, {""action"": ""check"", ""amount"": 0, ""seat"": 1}, {""action"": ""check"", ""amount"": 0, ""seat"": 1}, {""action"": ""check"", ""amount"": 0, ""seat"": 0}, {""action"": ""check"", ""amount"": 0, ""seat"": 1}, {""action"": ""raise"", ""amount"": 144, ""seat"": 0}, {""action"": ""fold"", ""amount"": 0, ""seat"": 1}]"
overfold_exploiter,2026060734,1,136,deployed_overfold_exploiter_s2026060734_o1_h0136,flop,flop_cbet_or_probe,overfold_exploiter,raise,124,324,7,8,324,-100,100,flop,324,False,3c Ks As,"[{""action"": ""small_blind"", ""amount"": 50, ""seat"": 0}, {""action"": ""big_blind"", ""amount"": 100, ""seat"": 1}, {""action"": ""call"", ""amount"": 50, ""seat"": 0}, {""action"": ""check"", ""amount"": 0, ""seat"": 1}, {""action"": ""check"", ""amount"": 0, ""seat"": 1}, {""action"": ""raise"", ""amount"": 124, ""seat"": 0}, {""action"": ""fold"", ""amount"": 0, ""seat"": 1}]"
overfold_exploiter,2026060734,1,138,deployed_overfold_exploiter_s2026060734_o1_h0138,flop,flop_cbet_or_probe,overfold_exploiter,raise,124,324,7,8,324,-100,100,flop,324,False,2s Jc Ac,"[{""action"": ""small_blind"", ""amount"": 50, ""seat"": 0}, {""action"": ""big_blind"", ""amount"": 100, ""seat"": 1}, {""action"": ""call"", ""amount"": 50, ""seat"": 0}, {""action"": ""check"", ""amount"": 0, ""seat"": 1}, {""action"": ""check"", ""amount"": 0, ""seat"": 1}, {""action"": ""raise"", ""amount"": 124, ""seat"": 0}, {""action"": ""fold"", ""amount"": 0, ""seat"": 1}]"
overfold_exploiter,2026060734,1,156,deployed_overfold_exploiter_s2026060734_o1_h0156,flop,flop_cbet_or_probe,overfold_exploiter,raise,124,324,7,8,324,-100,100,flop,324,False,9c 4s 4h,"[{""action"": ""small_blind"", ""amount"": 50, ""seat"": 0}, {""action"": ""big_blind"", ""amount"": 100, ""seat"": 1}, {""action"": ""call"", ""amount"": 50, ""seat"": 0}, {""action"": ""check"", ""amount"": 0, ""seat"": 1}, {""action"": ""check"", ""amount"": 0, ""seat"": 1}, {""action"": ""raise"", ""amount"": 124, ""seat"": 0}, {""action"": ""fold"", ""amount"": 0, ""seat"": 1}]"
overfold_exploiter,2026060734,1,182,deployed_overfold_exploiter_s2026060734_o1_h0182,flop,flop_cbet_or_probe,overfold_exploiter,raise,124,324,7,8,324,-100,100,flop,324,False,7h Ah 9c,"[{""action"": ""small_blind"", ""amount"": 50, ""seat"": 0}, {""action"": ""big_blind"", ""amount"": 100, ""seat"": 1}, {""action"": ""call"", ""amount"": 50, ""seat"": 0}, {""action"": ""check"", ""amount"": 0, ""seat"": 1}, {""action"": ""check"", ""amount"": 0, ""seat"": 1}, {""action"": ""raise"", ""amount"": 124, ""seat"": 0}, {""action"": ""fold"", ""amount"": 0, ""seat"": 1}]"
overfold_exploiter,2026060734,1,184,deployed_overfold_exploiter_s2026060734_o1_h0184,flop,flop_cbet_or_probe,overfold_exploiter,raise,124,324,7,8,324,-100,100,flop,324,False,9s 5d 2c,"[{""action"": ""small_blind"", ""amount"": 50, ""seat"": 0}, {""action"": ""big_blind"", ""amount"": 100, ""seat"": 1}, {""action"": ""call"", ""amount"": 50, ""seat"": 0}, {""action"": ""check"", ""amount"": 0, ""seat"": 1}, {""action"": ""check"", ""amount"": 0, ""seat"": 1}, {""action"": ""raise"", ""amount"": 124, ""seat"": 0}, {""action"": ""fold"", ""amount"": 0, ""seat"": 1}]"
overfold_exploiter,2026060734,1,186,deployed_overfold_exploiter_s2026060734_o1_h0186,flop,flop_cbet_or_probe,overfold_exploiter,raise,124,324,7,8,324,-100,100,flop,324,False,6h Ah 3d,"[{""action"": ""small_blind"", ""amount"": 50, ""seat"": 0}, {""action"": ""big_blind"", ""amount"": 100, ""seat"": 1}, {""action"": ""call"", ""amount"": 50, ""seat"": 0}, {""action"": ""check"", ""amount"": 0, ""seat"": 1}, {""action"": ""check"", ""amount"": 0, ""seat"": 1}, {""action"": ""raise"", ""amount"": 124, ""seat"": 0}, {""action"": ""fold"", ""amount"": 0, ""seat"": 1}]"
