# A1 gauntlet log
started_utc=2026-05-27T21:59:07Z
worktree=/Users/farhad/Code/PokerBot-gauntlet
branch=release/v_final-e4b4a8f1
head=a00561c
perl: warning: Setting locale failed.
perl: warning: Please check that your locale settings:
	LC_ALL = "C.UTF-8",
	LC_CTYPE = "C.UTF-8",
	LANG = "C.UTF-8"
    are supported and installed on your system.
perl: warning: Falling back to the standard locale ("C").
panic: locale.c: 4486: Could not change LC_CTYPE locale to C.UTF-8, errno=9
artifact_sha=
python=Python 3.10.18


===== G1 import_audit :: .venv/bin/python tools/import_audit.py --max-seconds 1.5 --max-mb 400 =====
start_utc=2026-05-27T21:59:07Z
cold import: 0.097s, RSS: 32.0 MB
exit_status=0
end_utc=2026-05-27T21:59:07Z

===== G2 edge_cases :: .venv/bin/python -m pytest tests/edge_cases -x =====
start_utc=2026-05-27T21:59:07Z
============================= test session starts ==============================
platform darwin -- Python 3.10.18, pytest-9.0.3, pluggy-1.6.0
rootdir: /Users/farhad/Code/PokerBot-gauntlet
plugins: hypothesis-6.152.9
collected 25 items

tests/edge_cases/test_hardening_cases.py ......                          [ 24%]
tests/edge_cases/test_legal_actions.py ...............                   [ 84%]
tests/edge_cases/test_safe_fallback.py ....                              [100%]

============================== 25 passed in 0.27s ==============================
exit_status=0
end_utc=2026-05-27T21:59:07Z

===== G3 validator :: .venv/bin/python ext/fullhouse-engine/sandbox/validator.py submissions/v_final.zip =====
start_utc=2026-05-27T21:59:07Z

✅ PASSED  —  submissions/v_final.zip


Test results:
  ✓ [0.001s] preflop_call_or_fold: {'action': 'raise', 'amount': 200}
  ✓ [0.000s] postflop_can_check: {'action': 'raise', 'amount': 200}
  ✓ [0.000s] river_facing_large_bet: {'action': 'fold'}
  ✓ [0.000s] short_stack_all_in_decision: {'action': 'all_in'}

exit_status=0
end_utc=2026-05-27T21:59:07Z

===== G4 leakage :: .venv/bin/python tools/audit_strategy_leakage.py --zip submissions/v_final.zip =====
start_utc=2026-05-27T21:59:07Z
# zip: submissions/v_final.zip
# zip sha256: e4b4a8f11f801ecef2eca53629241e83cc9bace8ec74004f19368375f22d9598
audit_strategy_leakage PASS
exit_status=0
end_utc=2026-05-27T21:59:07Z

===== G5 exploit_check :: .venv/bin/python tools/exploit_check.py --zip submissions/v_final.zip =====
start_utc=2026-05-27T21:59:07Z
usage: exploit_check.py [-h] [--bot BOT] [--max-preflop-mbb MAX_PREFLOP_MBB]
                        [--max-aggregate-mbb MAX_AGGREGATE_MBB]
exploit_check.py: error: unrecognized arguments: --zip submissions/v_final.zip
exit_status=2
end_utc=2026-05-27T21:59:07Z

===== G6 smoke_run :: .venv/bin/python tools/smoke_run.py --zip submissions/v_final.zip --hands 200 =====
start_utc=2026-05-27T21:59:07Z
[smoke_run] OK
{
  "n_hands": 200,
  "expected_hands": 200,
  "chip_delta": {
    "v_final": 14500,
    "template": -14500
  },
  "errors": {},
  "duration_s": 3.96
}
exit_status=0
end_utc=2026-05-27T21:59:12Z

===== G7 benchmark_all_templates :: .venv/bin/python tools/benchmark.py --all-templates --hands 10000 --paired-seed-base 42 =====
start_utc=2026-05-27T21:59:12Z
# bot source: current worktree temporary mount
{
  "min_bb": 15.0,
  "results": [
    {
      "bb_per_100": 71.82,
      "bot_errors": {},
      "chip_delta": 718200,
      "ci_high": 72.67,
      "ci_low": 70.945,
      "duration_s": 22.8,
      "hands": 10000,
      "requested_hands": 10000,
      "seeds": [
        42,
        1000045,
        2000048,
        3000051,
        4000054,
        5000057,
        6000060,
        7000063,
        43,
        1000046,
        2000049,
        3000052,
        4000055,
        5000058,
        6000061,
        7000064,
        44,
        1000047,
        2000050,
        3000053,
        4000056,
        5000059,
        6000062,
        7000065,
        45,
        1000048,
        2000051,
        3000054,
        4000057,
        5000060,
        6000063,
        7000066,
        46,
        1000049,
        2000052,
        3000055,
        4000058,
        5000061,
        6000064,
        7000067,
        47,
        1000050,
        2000053,
        3000056,
        4000059,
        5000062,
        6000065,
        7000068,
        48,
        1000051,
        2000054,
        3000057,
        4000060,
        5000063,
        6000066,
        7000069,
        49,
        1000052,
        2000055,
        3000058,
        4000061,
        5000064,
        6000067,
        7000070,
        50,
        1000053,
        2000056,
        3000059,
        4000062,
        5000065,
        6000068,
        7000071,
        51,
        1000054,
        2000057,
        3000060,
        4000063,
        5000066,
        6000069,
        7000072
      ],
      "target": "template"
    },
    {
      "bb_per_100": 121.90520000000001,
      "bot_errors": {},
      "chip_delta": 1219052,
      "ci_high": 170.6875,
      "ci_low": 71.3759,
      "duration_s": 98.14,
      "hands": 10000,
      "requested_hands": 10000,
      "seeds": [
        42,
        1000045,
        2000048,
        3000051,
        4000054,
        5000057,
        6000060,
        7000063,
        8000066,
        9000069,
        10000072,
        11000075,
        12000078,
        13000081,
        14000084,
        15000087,
        16000090,
        17000093,
        18000096,
        19000099,
        20000102,
        21000105,
        22000108,
        23000111,
        24000114,
        25000117,
        26000120,
        27000123,
        28000126,
        29000129,
        30000132,
        31000135,
        32000138,
        33000141,
        34000144,
        35000147,
        36000150,
        37000153,
        38000156,
        39000159,
        40000162,
        41000165,
        42000168,
        43000171,
        44000174,
        45000177,
        46000180,
        47000183,
        48000186,
        49000189,
        50000192,
        51000195,
        52000198,
        53000201,
        54000204,
        55000207,
        56000210,
        57000213,
        58000216,
        59000219,
        60000222,
        61000225,
        62000228,
        63000231,
        64000234,
        65000237,
        66000240,
        67000243,
        43,
        1000046,
        2000049,
        3000052,
        4000055,
        5000058,
        6000061,
        7000064,
        8000067,
        9000070,
        10000073,
        11000076,
        12000079,
        13000082,
        14000085,
        15000088,
        16000091,
        17000094,
        18000097,
        19000100,
        20000103,
        21000106,
        22000109,
        23000112,
        24000115,
        25000118,
        26000121,
        27000124,
        28000127,
        29000130,
        30000133,
        31000136,
        32000139,
        33000142,
        34000145,
        35000148,
        36000151,
        37000154,
        38000157,
        39000160,
        40000163,
        41000166,
        42000169,
        43000172,
        44000175,
        45000178,
        46000181,
        47000184,
        48000187,
        49000190,
        50000193,
        51000196,
        52000199,
        53000202,
        54000205,
        55000208,
        56000211,
        57000214,
        58000217,
        59000220,
        60000223,
        61000226,
        62000229,
        63000232,
        64000235,
        65000238,
        66000241,
        67000244,
        68000247,
        44,
        1000047,
        2000050,
        3000053,
        4000056,
        5000059,
        6000062,
        7000065,
        8000068,
        9000071,
        10000074,
        11000077,
        12000080,
        13000083,
        14000086,
        15000089,
        16000092,
        17000095,
        18000098,
        19000101,
        20000104,
        21000107,
        22000110,
        23000113,
        24000116,
        25000119,
        26000122,
        27000125,
        28000128,
        29000131,
        30000134,
        31000137,
        32000140,
        33000143,
        34000146,
        35000149,
        36000152,
        37000155,
        38000158,
        39000161,
        40000164,
        41000167,
        42000170,
        43000173,
        44000176,
        45000179,
        46000182,
        47000185,
        48000188,
        49000191,
        50000194,
        51000197,
        52000200,
        53000203,
        54000206,
        55000209,
        56000212,
        57000215,
        58000218,
        59000221,
        60000224,
        61000227,
        62000230,
        63000233,
        64000236,
        65000239,
        66000242,
        67000245,
        68000248,
        45,
        1000048,
        2000051,
        3000054,
        4000057,
        5000060,
        6000063,
        7000066,
        8000069,
        9000072,
        10000075,
        11000078,
        12000081,
        13000084,
        14000087,
        15000090,
        16000093,
        17000096,
        18000099,
        19000102,
        20000105,
        21000108,
        22000111,
        23000114,
        24000117,
        25000120,
        26000123,
        27000126,
        28000129,
        29000132,
        30000135,
        31000138,
        32000141,
        33000144,
        34000147,
        35000150,
        36000153,
        37000156,
        38000159,
        39000162,
        40000165,
        41000168,
        42000171,
        43000174,
        44000177,
        45000180,
        46000183,
        47000186,
        48000189,
        49000192,
        50000195,
        51000198,
        52000201,
        46,
        1000049,
        2000052,
        3000055,
        4000058,
        5000061,
        6000064,
        7000067,
        8000070,
        9000073,
        10000076,
        11000079,
        12000082,
        13000085,
        14000088,
        15000091,
        16000094,
        17000097,
        18000100,
        19000103,
        20000106,
        21000109,
        22000112,
        23000115,
        24000118,
        25000121,
        26000124,
        27000127,
        28000130,
        29000133,
        30000136,
        31000139,
        32000142,
        33000145,
        34000148,
        35000151,
        36000154,
        37000157,
        38000160,
        39000163,
        40000166,
        41000169,
        42000172,
        43000175,
        44000178,
        45000181,
        46000184,
        47000187,
        48000190,
        49000193,
        50000196,
        51000199,
        52000202,
        53000205,
        54000208,
        55000211,
        47,
        1000050,
        2000053,
        3000056,
        4000059,
        5000062,
        6000065,
        7000068,
        8000071,
        9000074,
        10000077,
        11000080,
        12000083,
        13000086,
        14000089,
        15000092,
        16000095,
        17000098,
        18000101,
        19000104,
        20000107,
        21000110,
        22000113,
        23000116,
        24000119,
        25000122,
        26000125,
        27000128,
        28000131,
        29000134,
        30000137,
        31000140,
        32000143,
        33000146,
        34000149,
        35000152,
        36000155,
        37000158,
        38000161,
        39000164,
        40000167,
        41000170,
        42000173,
        43000176,
        44000179,
        45000182,
        46000185,
        47000188,
        48000191,
        49000194,
        50000197,
        51000200,
        52000203,
        53000206,
        54000209,
        55000212,
        56000215,
        57000218,
        58000221,
        59000224,
        60000227,
        61000230,
        62000233,
        48,
        1000051,
        2000054,
        3000057,
        4000060,
        5000063,
        6000066,
        7000069,
        8000072,
        9000075,
        10000078,
        11000081,
        12000084,
        13000087,
        14000090,
        15000093,
        16000096,
        17000099,
        18000102,
        19000105,
        20000108,
        21000111,
        22000114,
        23000117,
        24000120,
        25000123,
        26000126,
        27000129,
        28000132,
        29000135,
        30000138,
        31000141,
        32000144,
        33000147,
        34000150,
        35000153,
        36000156,
        37000159,
        38000162,
        39000165,
        40000168,
        41000171,
        42000174,
        43000177,
        44000180,
        45000183,
        46000186,
        47000189,
        48000192,
        49000195,
        50000198,
        51000201,
        52000204,
        53000207,
        54000210,
        55000213,
        56000216,
        57000219,
        58000222,
        59000225,
        60000228,
        61000231,
        62000234,
        63000237,
        64000240,
        65000243,
        66000246,
        67000249,
        49,
        1000052,
        2000055,
        3000058,
        4000061,
        5000064,
        6000067,
        7000070,
        8000073,
        9000076,
        10000079,
        11000082,
        12000085,
        13000088,
        14000091,
        15000094,
        16000097,
        17000100,
        18000103,
        19000106,
        20000109,
        21000112,
        22000115,
        23000118,
        24000121,
        25000124,
        26000127,
        27000130,
        28000133,
        29000136,
        30000139,
        31000142,
        32000145,
        33000148,
        34000151,
        35000154,
        36000157,
        37000160,
        38000163,
        39000166,
        40000169,
        41000172,
        42000175,
        43000178,
        44000181,
        45000184,
        46000187,
        47000190,
        48000193,
        49000196,
        50000199,
        51000202,
        52000205,
        53000208,
        54000211,
        55000214,
        56000217,
        57000220,
        58000223,
        59000226,
        50,
        1000053,
        2000056,
        3000059,
        4000062,
        5000065,
        6000068,
        7000071,
        8000074,
        9000077,
        10000080,
        11000083,
        12000086,
        13000089,
        14000092,
        15000095,
        16000098,
        17000101,
        18000104,
        19000107,
        20000110,
        21000113,
        22000116,
        23000119,
        24000122,
        25000125,
        26000128,
        27000131,
        28000134,
        29000137,
        30000140,
        31000143,
        32000146,
        33000149,
        34000152,
        35000155,
        36000158,
        37000161,
        38000164,
        39000167,
        40000170,
        41000173,
        42000176,
        43000179,
        44000182,
        45000185,
        46000188,
        47000191,
        48000194,
        49000197,
        50000200,
        51000203,
        52000206,
        53000209,
        54000212,
        55000215,
        56000218,
        57000221,
        58000224,
        59000227,
        60000230,
        51,
        1000054,
        2000057,
        3000060,
        4000063,
        5000066,
        6000069,
        7000072,
        8000075,
        9000078,
        10000081,
        11000084,
        12000087,
        13000090,
        14000093,
        15000096,
        16000099,
        17000102,
        18000105,
        19000108,
        20000111,
        21000114,
        22000117,
        23000120,
        24000123,
        25000126,
        26000129,
        27000132,
        28000135,
        29000138,
        30000141,
        31000144,
        32000147,
        33000150,
        34000153,
        35000156,
        36000159,
        37000162,
        38000165,
        39000168,
        40000171,
        41000174,
        42000177,
        43000180,
        44000183,
        45000186,
        46000189,
        47000192,
        48000195,
        49000198,
        50000201,
        51000204,
        52000207,
        53000210
      ],
      "target": "aggressor"
    },
    {
      "bb_per_100": 144.6,
      "bot_errors": {},
      "chip_delta": 1446000,
      "ci_high": 145.76,
      "ci_low": 143.41,
      "duration_s": 50.04,
      "hands": 10000,
      "requested_hands": 10000,
      "seeds": [
        42,
        1000045,
        2000048,
        3000051,
        4000054,
        5000057,
        6000060,
        7000063,
        8000066,
        9000069,
        10000072,
        11000075,
        12000078,
        13000081,
        14000084,
        43,
        1000046,
        2000049,
        3000052,
        4000055,
        5000058,
        6000061,
        7000064,
        8000067,
        9000070,
        10000073,
        11000076,
        12000079,
        13000082,
        14000085,
        44,
        1000047,
        2000050,
        3000053,
        4000056,
        5000059,
        6000062,
        7000065,
        8000068,
        9000071,
        10000074,
        11000077,
        12000080,
        13000083,
        14000086,
        45,
        1000048,
        2000051,
        3000054,
        4000057,
        5000060,
        6000063,
        7000066,
        8000069,
        9000072,
        10000075,
        11000078,
        12000081,
        13000084,
        14000087,
        46,
        1000049,
        2000052,
        3000055,
        4000058,
        5000061,
        6000064,
        7000067,
        8000070,
        9000073,
        10000076,
        11000079,
        12000082,
        13000085,
        14000088,
        47,
        1000050,
        2000053,
        3000056,
        4000059,
        5000062,
        6000065,
        7000068,
        8000071,
        9000074,
        10000077,
        11000080,
        12000083,
        13000086,
        14000089,
        48,
        1000051,
        2000054,
        3000057,
        4000060,
        5000063,
        6000066,
        7000069,
        8000072,
        9000075,
        10000078,
        11000081,
        12000084,
        13000087,
        14000090,
        49,
        1000052,
        2000055,
        3000058,
        4000061,
        5000064,
        6000067,
        7000070,
        8000073,
        9000076,
        10000079,
        11000082,
        12000085,
        13000088,
        14000091,
        50,
        1000053,
        2000056,
        3000059,
        4000062,
        5000065,
        6000068,
        7000071,
        8000074,
        9000077,
        10000080,
        11000083,
        12000086,
        13000089,
        14000092,
        51,
        1000054,
        2000057,
        3000060,
        4000063,
        5000066,
        6000069,
        7000072,
        8000075,
        9000078,
        10000081,
        11000084,
        12000087,
        13000090,
        14000093
      ],
      "target": "mathematician"
    },
    {
      "bb_per_100": 70.27,
      "bot_errors": {},
      "chip_delta": 702700,
      "ci_high": 71.36,
      "ci_low": 69.255,
      "duration_s": 23.44,
      "hands": 10000,
      "requested_hands": 10000,
      "seeds": [
        42,
        1000045,
        2000048,
        3000051,
        4000054,
        5000057,
        6000060,
        7000063,
        43,
        1000046,
        2000049,
        3000052,
        4000055,
        5000058,
        6000061,
        44,
        1000047,
        2000050,
        3000053,
        4000056,
        5000059,
        6000062,
        7000065,
        45,
        1000048,
        2000051,
        3000054,
        4000057,
        5000060,
        6000063,
        46,
        1000049,
        2000052,
        3000055,
        4000058,
        5000061,
        6000064,
        47,
        1000050,
        2000053,
        3000056,
        4000059,
        5000062,
        6000065,
        48,
        1000051,
        2000054,
        3000057,
        4000060,
        5000063,
        6000066,
        7000069,
        49,
        1000052,
        2000055,
        3000058,
        4000061,
        5000064,
        6000067,
        7000070,
        50,
        1000053,
        2000056,
        3000059,
        4000062,
        5000065,
        6000068,
        7000071,
        51,
        1000054,
        2000057,
        3000060,
        4000063,
        5000066,
        6000069,
        7000072
      ],
      "target": "shark"
    },
    {
      "bb_per_100": 144.6,
      "bot_errors": {},
      "chip_delta": 1446000,
      "ci_high": 145.76,
      "ci_low": 143.41,
      "duration_s": 51.61,
      "hands": 10000,
      "requested_hands": 10000,
      "seeds": [
        42,
        1000045,
        2000048,
        3000051,
        4000054,
        5000057,
        6000060,
        7000063,
        8000066,
        9000069,
        10000072,
        11000075,
        12000078,
        13000081,
        14000084,
        43,
        1000046,
        2000049,
        3000052,
        4000055,
        5000058,
        6000061,
        7000064,
        8000067,
        9000070,
        10000073,
        11000076,
        12000079,
        13000082,
        14000085,
        44,
        1000047,
        2000050,
        3000053,
        4000056,
        5000059,
        6000062,
        7000065,
        8000068,
        9000071,
        10000074,
        11000077,
        12000080,
        13000083,
        14000086,
        45,
        1000048,
        2000051,
        3000054,
        4000057,
        5000060,
        6000063,
        7000066,
        8000069,
        9000072,
        10000075,
        11000078,
        12000081,
        13000084,
        14000087,
        46,
        1000049,
        2000052,
        3000055,
        4000058,
        5000061,
        6000064,
        7000067,
        8000070,
        9000073,
        10000076,
        11000079,
        12000082,
        13000085,
        14000088,
        47,
        1000050,
        2000053,
        3000056,
        4000059,
        5000062,
        6000065,
        7000068,
        8000071,
        9000074,
        10000077,
        11000080,
        12000083,
        13000086,
        14000089,
        48,
        1000051,
        2000054,
        3000057,
        4000060,
        5000063,
        6000066,
        7000069,
        8000072,
        9000075,
        10000078,
        11000081,
        12000084,
        13000087,
        14000090,
        49,
        1000052,
        2000055,
        3000058,
        4000061,
        5000064,
        6000067,
        7000070,
        8000073,
        9000076,
        10000079,
        11000082,
        12000085,
        13000088,
        14000091,
        50,
        1000053,
        2000056,
        3000059,
        4000062,
        5000065,
        6000068,
        7000071,
        8000074,
        9000077,
        10000080,
        11000083,
        12000086,
        13000089,
        14000092,
        51,
        1000054,
        2000057,
        3000060,
        4000063,
        5000066,
        6000069,
        7000072,
        8000075,
        9000078,
        10000081,
        11000084,
        12000087,
        13000090,
        14000093
      ],
      "target": "ref_bot_2"
    }
  ]
}
benchmark template: bb/100=+71.82 ci95=[+70.94, +72.67] hands=10000 chip_delta=718200 seeds=[42, 1000045, 2000048, 3000051, 4000054, 5000057, 6000060, 7000063, 43, 1000046, 2000049, 3000052, 4000055, 5000058, 6000061, 7000064, 44, 1000047, 2000050, 3000053, 4000056, 5000059, 6000062, 7000065, 45, 1000048, 2000051, 3000054, 4000057, 5000060, 6000063, 7000066, 46, 1000049, 2000052, 3000055, 4000058, 5000061, 6000064, 7000067, 47, 1000050, 2000053, 3000056, 4000059, 5000062, 6000065, 7000068, 48, 1000051, 2000054, 3000057, 4000060, 5000063, 6000066, 7000069, 49, 1000052, 2000055, 3000058, 4000061, 5000064, 6000067, 7000070, 50, 1000053, 2000056, 3000059, 4000062, 5000065, 6000068, 7000071, 51, 1000054, 2000057, 3000060, 4000063, 5000066, 6000069, 7000072]
benchmark aggressor: bb/100=+121.91 ci95=[+71.38, +170.69] hands=10000 chip_delta=1219052 seeds=[42, 1000045, 2000048, 3000051, 4000054, 5000057, 6000060, 7000063, 8000066, 9000069, 10000072, 11000075, 12000078, 13000081, 14000084, 15000087, 16000090, 17000093, 18000096, 19000099, 20000102, 21000105, 22000108, 23000111, 24000114, 25000117, 26000120, 27000123, 28000126, 29000129, 30000132, 31000135, 32000138, 33000141, 34000144, 35000147, 36000150, 37000153, 38000156, 39000159, 40000162, 41000165, 42000168, 43000171, 44000174, 45000177, 46000180, 47000183, 48000186, 49000189, 50000192, 51000195, 52000198, 53000201, 54000204, 55000207, 56000210, 57000213, 58000216, 59000219, 60000222, 61000225, 62000228, 63000231, 64000234, 65000237, 66000240, 67000243, 43, 1000046, 2000049, 3000052, 4000055, 5000058, 6000061, 7000064, 8000067, 9000070, 10000073, 11000076, 12000079, 13000082, 14000085, 15000088, 16000091, 17000094, 18000097, 19000100, 20000103, 21000106, 22000109, 23000112, 24000115, 25000118, 26000121, 27000124, 28000127, 29000130, 30000133, 31000136, 32000139, 33000142, 34000145, 35000148, 36000151, 37000154, 38000157, 39000160, 40000163, 41000166, 42000169, 43000172, 44000175, 45000178, 46000181, 47000184, 48000187, 49000190, 50000193, 51000196, 52000199, 53000202, 54000205, 55000208, 56000211, 57000214, 58000217, 59000220, 60000223, 61000226, 62000229, 63000232, 64000235, 65000238, 66000241, 67000244, 68000247, 44, 1000047, 2000050, 3000053, 4000056, 5000059, 6000062, 7000065, 8000068, 9000071, 10000074, 11000077, 12000080, 13000083, 14000086, 15000089, 16000092, 17000095, 18000098, 19000101, 20000104, 21000107, 22000110, 23000113, 24000116, 25000119, 26000122, 27000125, 28000128, 29000131, 30000134, 31000137, 32000140, 33000143, 34000146, 35000149, 36000152, 37000155, 38000158, 39000161, 40000164, 41000167, 42000170, 43000173, 44000176, 45000179, 46000182, 47000185, 48000188, 49000191, 50000194, 51000197, 52000200, 53000203, 54000206, 55000209, 56000212, 57000215, 58000218, 59000221, 60000224, 61000227, 62000230, 63000233, 64000236, 65000239, 66000242, 67000245, 68000248, 45, 1000048, 2000051, 3000054, 4000057, 5000060, 6000063, 7000066, 8000069, 9000072, 10000075, 11000078, 12000081, 13000084, 14000087, 15000090, 16000093, 17000096, 18000099, 19000102, 20000105, 21000108, 22000111, 23000114, 24000117, 25000120, 26000123, 27000126, 28000129, 29000132, 30000135, 31000138, 32000141, 33000144, 34000147, 35000150, 36000153, 37000156, 38000159, 39000162, 40000165, 41000168, 42000171, 43000174, 44000177, 45000180, 46000183, 47000186, 48000189, 49000192, 50000195, 51000198, 52000201, 46, 1000049, 2000052, 3000055, 4000058, 5000061, 6000064, 7000067, 8000070, 9000073, 10000076, 11000079, 12000082, 13000085, 14000088, 15000091, 16000094, 17000097, 18000100, 19000103, 20000106, 21000109, 22000112, 23000115, 24000118, 25000121, 26000124, 27000127, 28000130, 29000133, 30000136, 31000139, 32000142, 33000145, 34000148, 35000151, 36000154, 37000157, 38000160, 39000163, 40000166, 41000169, 42000172, 43000175, 44000178, 45000181, 46000184, 47000187, 48000190, 49000193, 50000196, 51000199, 52000202, 53000205, 54000208, 55000211, 47, 1000050, 2000053, 3000056, 4000059, 5000062, 6000065, 7000068, 8000071, 9000074, 10000077, 11000080, 12000083, 13000086, 14000089, 15000092, 16000095, 17000098, 18000101, 19000104, 20000107, 21000110, 22000113, 23000116, 24000119, 25000122, 26000125, 27000128, 28000131, 29000134, 30000137, 31000140, 32000143, 33000146, 34000149, 35000152, 36000155, 37000158, 38000161, 39000164, 40000167, 41000170, 42000173, 43000176, 44000179, 45000182, 46000185, 47000188, 48000191, 49000194, 50000197, 51000200, 52000203, 53000206, 54000209, 55000212, 56000215, 57000218, 58000221, 59000224, 60000227, 61000230, 62000233, 48, 1000051, 2000054, 3000057, 4000060, 5000063, 6000066, 7000069, 8000072, 9000075, 10000078, 11000081, 12000084, 13000087, 14000090, 15000093, 16000096, 17000099, 18000102, 19000105, 20000108, 21000111, 22000114, 23000117, 24000120, 25000123, 26000126, 27000129, 28000132, 29000135, 30000138, 31000141, 32000144, 33000147, 34000150, 35000153, 36000156, 37000159, 38000162, 39000165, 40000168, 41000171, 42000174, 43000177, 44000180, 45000183, 46000186, 47000189, 48000192, 49000195, 50000198, 51000201, 52000204, 53000207, 54000210, 55000213, 56000216, 57000219, 58000222, 59000225, 60000228, 61000231, 62000234, 63000237, 64000240, 65000243, 66000246, 67000249, 49, 1000052, 2000055, 3000058, 4000061, 5000064, 6000067, 7000070, 8000073, 9000076, 10000079, 11000082, 12000085, 13000088, 14000091, 15000094, 16000097, 17000100, 18000103, 19000106, 20000109, 21000112, 22000115, 23000118, 24000121, 25000124, 26000127, 27000130, 28000133, 29000136, 30000139, 31000142, 32000145, 33000148, 34000151, 35000154, 36000157, 37000160, 38000163, 39000166, 40000169, 41000172, 42000175, 43000178, 44000181, 45000184, 46000187, 47000190, 48000193, 49000196, 50000199, 51000202, 52000205, 53000208, 54000211, 55000214, 56000217, 57000220, 58000223, 59000226, 50, 1000053, 2000056, 3000059, 4000062, 5000065, 6000068, 7000071, 8000074, 9000077, 10000080, 11000083, 12000086, 13000089, 14000092, 15000095, 16000098, 17000101, 18000104, 19000107, 20000110, 21000113, 22000116, 23000119, 24000122, 25000125, 26000128, 27000131, 28000134, 29000137, 30000140, 31000143, 32000146, 33000149, 34000152, 35000155, 36000158, 37000161, 38000164, 39000167, 40000170, 41000173, 42000176, 43000179, 44000182, 45000185, 46000188, 47000191, 48000194, 49000197, 50000200, 51000203, 52000206, 53000209, 54000212, 55000215, 56000218, 57000221, 58000224, 59000227, 60000230, 51, 1000054, 2000057, 3000060, 4000063, 5000066, 6000069, 7000072, 8000075, 9000078, 10000081, 11000084, 12000087, 13000090, 14000093, 15000096, 16000099, 17000102, 18000105, 19000108, 20000111, 21000114, 22000117, 23000120, 24000123, 25000126, 26000129, 27000132, 28000135, 29000138, 30000141, 31000144, 32000147, 33000150, 34000153, 35000156, 36000159, 37000162, 38000165, 39000168, 40000171, 41000174, 42000177, 43000180, 44000183, 45000186, 46000189, 47000192, 48000195, 49000198, 50000201, 51000204, 52000207, 53000210]
benchmark mathematician: bb/100=+144.60 ci95=[+143.41, +145.76] hands=10000 chip_delta=1446000 seeds=[42, 1000045, 2000048, 3000051, 4000054, 5000057, 6000060, 7000063, 8000066, 9000069, 10000072, 11000075, 12000078, 13000081, 14000084, 43, 1000046, 2000049, 3000052, 4000055, 5000058, 6000061, 7000064, 8000067, 9000070, 10000073, 11000076, 12000079, 13000082, 14000085, 44, 1000047, 2000050, 3000053, 4000056, 5000059, 6000062, 7000065, 8000068, 9000071, 10000074, 11000077, 12000080, 13000083, 14000086, 45, 1000048, 2000051, 3000054, 4000057, 5000060, 6000063, 7000066, 8000069, 9000072, 10000075, 11000078, 12000081, 13000084, 14000087, 46, 1000049, 2000052, 3000055, 4000058, 5000061, 6000064, 7000067, 8000070, 9000073, 10000076, 11000079, 12000082, 13000085, 14000088, 47, 1000050, 2000053, 3000056, 4000059, 5000062, 6000065, 7000068, 8000071, 9000074, 10000077, 11000080, 12000083, 13000086, 14000089, 48, 1000051, 2000054, 3000057, 4000060, 5000063, 6000066, 7000069, 8000072, 9000075, 10000078, 11000081, 12000084, 13000087, 14000090, 49, 1000052, 2000055, 3000058, 4000061, 5000064, 6000067, 7000070, 8000073, 9000076, 10000079, 11000082, 12000085, 13000088, 14000091, 50, 1000053, 2000056, 3000059, 4000062, 5000065, 6000068, 7000071, 8000074, 9000077, 10000080, 11000083, 12000086, 13000089, 14000092, 51, 1000054, 2000057, 3000060, 4000063, 5000066, 6000069, 7000072, 8000075, 9000078, 10000081, 11000084, 12000087, 13000090, 14000093]
benchmark shark: bb/100=+70.27 ci95=[+69.25, +71.36] hands=10000 chip_delta=702700 seeds=[42, 1000045, 2000048, 3000051, 4000054, 5000057, 6000060, 7000063, 43, 1000046, 2000049, 3000052, 4000055, 5000058, 6000061, 44, 1000047, 2000050, 3000053, 4000056, 5000059, 6000062, 7000065, 45, 1000048, 2000051, 3000054, 4000057, 5000060, 6000063, 46, 1000049, 2000052, 3000055, 4000058, 5000061, 6000064, 47, 1000050, 2000053, 3000056, 4000059, 5000062, 6000065, 48, 1000051, 2000054, 3000057, 4000060, 5000063, 6000066, 7000069, 49, 1000052, 2000055, 3000058, 4000061, 5000064, 6000067, 7000070, 50, 1000053, 2000056, 3000059, 4000062, 5000065, 6000068, 7000071, 51, 1000054, 2000057, 3000060, 4000063, 5000066, 6000069, 7000072]
benchmark ref_bot_2: bb/100=+144.60 ci95=[+143.41, +145.76] hands=10000 chip_delta=1446000 seeds=[42, 1000045, 2000048, 3000051, 4000054, 5000057, 6000060, 7000063, 8000066, 9000069, 10000072, 11000075, 12000078, 13000081, 14000084, 43, 1000046, 2000049, 3000052, 4000055, 5000058, 6000061, 7000064, 8000067, 9000070, 10000073, 11000076, 12000079, 13000082, 14000085, 44, 1000047, 2000050, 3000053, 4000056, 5000059, 6000062, 7000065, 8000068, 9000071, 10000074, 11000077, 12000080, 13000083, 14000086, 45, 1000048, 2000051, 3000054, 4000057, 5000060, 6000063, 7000066, 8000069, 9000072, 10000075, 11000078, 12000081, 13000084, 14000087, 46, 1000049, 2000052, 3000055, 4000058, 5000061, 6000064, 7000067, 8000070, 9000073, 10000076, 11000079, 12000082, 13000085, 14000088, 47, 1000050, 2000053, 3000056, 4000059, 5000062, 6000065, 7000068, 8000071, 9000074, 10000077, 11000080, 12000083, 13000086, 14000089, 48, 1000051, 2000054, 3000057, 4000060, 5000063, 6000066, 7000069, 8000072, 9000075, 10000078, 11000081, 12000084, 13000087, 14000090, 49, 1000052, 2000055, 3000058, 4000061, 5000064, 6000067, 7000070, 8000073, 9000076, 10000079, 11000082, 12000085, 13000088, 14000091, 50, 1000053, 2000056, 3000059, 4000062, 5000065, 6000068, 7000071, 8000074, 9000077, 10000080, 11000083, 12000086, 13000089, 14000092, 51, 1000054, 2000057, 3000060, 4000063, 5000066, 6000069, 7000072, 8000075, 9000078, 10000081, 11000084, 12000087, 13000090, 14000093]
benchmark PASS
exit_status=0
end_utc=2026-05-27T22:03:31Z

===== G8 benchmark_ablate_overlay :: .venv/bin/python tools/benchmark.py --ablate-overlay --hands 10000 --paired-seed-base 42 =====
start_utc=2026-05-27T22:03:31Z
# bot source: current worktree temporary mount
{
  "blueprint_only": {
    "bb_per_100": -2.0886,
    "chip_delta": -20886,
    "hands": 10000,
    "results": [
      {
        "bb_per_100": 10.94361127774445,
        "bot_errors": {},
        "chip_delta": 18243,
        "ci_high": 36.77264547090582,
        "ci_low": -11.61007798440312,
        "duration_s": 3.6,
        "hands": 1667,
        "requested_hands": 1667,
        "seeds": [
          42,
          1000045,
          43,
          44,
          45,
          46,
          47,
          48,
          49,
          50,
          51
        ],
        "target": "tight_passive"
      },
      {
        "bb_per_100": -67.8500299940012,
        "bot_errors": {},
        "chip_delta": -113106,
        "ci_high": 20.131973605278944,
        "ci_low": -153.62027594481103,
        "duration_s": 20.02,
        "hands": 1667,
        "requested_hands": 1667,
        "seeds": [
          42,
          1000045,
          2000048,
          3000051,
          4000054,
          5000057,
          6000060,
          7000063,
          8000066,
          43,
          1000046,
          2000049,
          3000052,
          4000055,
          5000058,
          6000061,
          7000064,
          8000067,
          9000070,
          10000073,
          44,
          1000047,
          2000050,
          3000053,
          4000056,
          45,
          1000048,
          2000051,
          3000054,
          4000057,
          5000060,
          6000063,
          46,
          1000049,
          2000052,
          3000055,
          4000058,
          5000061,
          6000064,
          47,
          1000050,
          2000053,
          3000056,
          48,
          1000051,
          2000054,
          3000057,
          49,
          1000052,
          2000055,
          3000058,
          4000061,
          5000064,
          6000067,
          7000070,
          8000073,
          50,
          1000053,
          2000056,
          3000059,
          4000062,
          5000065,
          6000068,
          7000071,
          51,
          1000054,
          2000057,
          3000060,
          4000063,
          5000066,
          6000069,
          7000072,
          8000075,
          9000078
        ],
        "target": "loose_passive"
      },
      {
        "bb_per_100": 32.7246550689862,
        "bot_errors": {},
        "chip_delta": 54552,
        "ci_high": 69.03599280143972,
        "ci_low": -2.8320335932813436,
        "duration_s": 4.76,
        "hands": 1667,
        "requested_hands": 1667,
        "seeds": [
          42,
          1000045,
          43,
          44,
          1000047,
          45,
          1000048,
          46,
          47,
          1000050,
          48,
          49,
          50,
          1000053,
          51,
          1000054
        ],
        "target": "tight_pressure"
      },
      {
        "bb_per_100": -84.10917816436712,
        "bot_errors": {},
        "chip_delta": -140210,
        "ci_high": -32.161367726454706,
        "ci_low": -131.28374325134973,
        "duration_s": 6.79,
        "hands": 1667,
        "requested_hands": 1667,
        "seeds": [
          42,
          1000045,
          43,
          1000046,
          2000049,
          3000052,
          44,
          1000047,
          2000050,
          45,
          1000048,
          2000051,
          46,
          1000049,
          47,
          1000050,
          2000053,
          48,
          1000051,
          2000054,
          49,
          1000052,
          2000055,
          50,
          1000053,
          51,
          1000054
        ],
        "target": "loose_pressure"
      },
      {
        "bb_per_100": 14.987995198079233,
        "bot_errors": {},
        "chip_delta": 24970,
        "ci_high": 52.382953181272505,
        "ci_low": -17.38295318127251,
        "duration_s": 4.85,
        "hands": 1666,
        "requested_hands": 1666,
        "seeds": [
          42,
          43,
          44,
          1000047,
          45,
          46,
          47,
          1000050,
          2000053,
          48,
          49,
          50,
          1000053,
          51,
          1000054
        ],
        "target": "sharp_3bet_punisher"
      },
      {
        "bb_per_100": 80.83133253301321,
        "bot_errors": {},
        "chip_delta": 134665,
        "ci_high": 147.1434573829532,
        "ci_low": 18.289315726290518,
        "duration_s": 4.77,
        "hands": 1666,
        "requested_hands": 1666,
        "seeds": [
          42,
          43,
          44,
          45,
          46,
          47,
          48,
          49,
          50,
          51
        ],
        "target": "six_max_synthetic_mix"
      }
    ]
  },
  "gain_bb_per_100": 32.5251,
  "min_bb": 3.0,
  "requested_hands_per_side": 10000,
  "suite": "synthetic_anonymized_overlay",
  "targets": [
    "tight_passive",
    "loose_passive",
    "tight_pressure",
    "loose_pressure",
    "sharp_3bet_punisher",
    "six_max_synthetic_mix"
  ],
  "with_overlay": {
    "bb_per_100": 30.4365,
    "chip_delta": 304365,
    "hands": 10000,
    "results": [
      {
        "bb_per_100": 10.94361127774445,
        "bot_errors": {},
        "chip_delta": 18243,
        "ci_high": 36.77264547090582,
        "ci_low": -11.61007798440312,
        "duration_s": 3.8,
        "hands": 1667,
        "requested_hands": 1667,
        "seeds": [
          42,
          1000045,
          43,
          44,
          45,
          46,
          47,
          48,
          49,
          50,
          51
        ],
        "target": "tight_passive"
      },
      {
        "bb_per_100": -67.8500299940012,
        "bot_errors": {},
        "chip_delta": -113106,
        "ci_high": 20.131973605278944,
        "ci_low": -153.62027594481103,
        "duration_s": 19.15,
        "hands": 1667,
        "requested_hands": 1667,
        "seeds": [
          42,
          1000045,
          2000048,
          3000051,
          4000054,
          5000057,
          6000060,
          7000063,
          8000066,
          43,
          1000046,
          2000049,
          3000052,
          4000055,
          5000058,
          6000061,
          7000064,
          8000067,
          9000070,
          10000073,
          44,
          1000047,
          2000050,
          3000053,
          4000056,
          45,
          1000048,
          2000051,
          3000054,
          4000057,
          5000060,
          6000063,
          46,
          1000049,
          2000052,
          3000055,
          4000058,
          5000061,
          6000064,
          47,
          1000050,
          2000053,
          3000056,
          48,
          1000051,
          2000054,
          3000057,
          49,
          1000052,
          2000055,
          3000058,
          4000061,
          5000064,
          6000067,
          7000070,
          8000073,
          50,
          1000053,
          2000056,
          3000059,
          4000062,
          5000065,
          6000068,
          7000071,
          51,
          1000054,
          2000057,
          3000060,
          4000063,
          5000066,
          6000069,
          7000072,
          8000075,
          9000078
        ],
        "target": "loose_passive"
      },
      {
        "bb_per_100": 33.08458308338332,
        "bot_errors": {},
        "chip_delta": 55152,
        "ci_high": 69.39592081583683,
        "ci_low": -2.0221955608878224,
        "duration_s": 4.6,
        "hands": 1667,
        "requested_hands": 1667,
        "seeds": [
          42,
          1000045,
          43,
          44,
          1000047,
          45,
          1000048,
          46,
          47,
          1000050,
          48,
          49,
          50,
          1000053,
          51,
          1000054
        ],
        "target": "tight_pressure"
      },
      {
        "bb_per_100": 116.8866226754649,
        "bot_errors": {},
        "chip_delta": 194850,
        "ci_high": 236.41271745650866,
        "ci_low": -4.379124175164967,
        "duration_s": 18.93,
        "hands": 1667,
        "requested_hands": 1667,
        "seeds": [
          42,
          1000045,
          2000048,
          3000051,
          4000054,
          5000057,
          6000060,
          7000063,
          8000066,
          9000069,
          10000072,
          11000075,
          12000078,
          43,
          1000046,
          2000049,
          3000052,
          4000055,
          5000058,
          6000061,
          7000064,
          8000067,
          9000070,
          10000073,
          11000076,
          12000079,
          44,
          1000047,
          2000050,
          3000053,
          4000056,
          5000059,
          6000062,
          7000065,
          8000068,
          9000071,
          10000074,
          11000077,
          12000080,
          45,
          1000048,
          2000051,
          3000054,
          4000057,
          5000060,
          6000063,
          7000066,
          8000069,
          46,
          1000049,
          2000052,
          3000055,
          4000058,
          5000061,
          6000064,
          7000067,
          8000070,
          47,
          1000050,
          2000053,
          3000056,
          4000059,
          5000062,
          6000065,
          7000068,
          8000071,
          9000074,
          10000077,
          11000080,
          48,
          1000051,
          2000054,
          3000057,
          4000060,
          5000063,
          6000066,
          7000069,
          8000072,
          9000075,
          10000078,
          11000081,
          12000084,
          49,
          1000052,
          2000055,
          3000058,
          4000061,
          5000064,
          6000067,
          7000070,
          8000073,
          9000076,
          50,
          1000053,
          2000056,
          3000059,
          4000062,
          5000065,
          6000068,
          7000071,
          8000074,
          9000077,
          10000080,
          11000083,
          51,
          1000054,
          2000057,
          3000060,
          4000063,
          5000066,
          6000069,
          7000072
        ],
        "target": "loose_pressure"
      },
      {
        "bb_per_100": 4.315726290516206,
        "bot_errors": {},
        "chip_delta": 7190,
        "ci_high": 69.86194477791116,
        "ci_low": -55.60024009603841,
        "duration_s": 8.07,
        "hands": 1666,
        "requested_hands": 1666,
        "seeds": [
          42,
          1000045,
          2000048,
          3000051,
          4000054,
          5000057,
          6000060,
          43,
          1000046,
          2000049,
          44,
          1000047,
          2000050,
          45,
          1000048,
          2000051,
          46,
          1000049,
          2000052,
          3000055,
          4000058,
          47,
          1000050,
          2000053,
          48,
          1000051,
          2000054,
          3000057,
          49,
          1000052,
          2000055,
          50,
          1000053,
          2000056,
          51,
          1000054,
          2000057,
          3000060,
          4000063
        ],
        "target": "sharp_3bet_punisher"
      },
      {
        "bb_per_100": 85.25570228091236,
        "bot_errors": {},
        "chip_delta": 142036,
        "ci_high": 160.90996398559423,
        "ci_low": 15.490396158463385,
        "duration_s": 4.52,
        "hands": 1666,
        "requested_hands": 1666,
        "seeds": [
          42,
          43,
          44,
          45,
          46,
          47,
          48,
          49,
          50,
          51
        ],
        "target": "six_max_synthetic_mix"
      }
    ]
  }
}
ablate-overlay synthetic_anonymized: with=+30.44 blueprint_only=-2.09 gain=+32.53 bb/100
ablate-overlay PASS
exit_status=0
end_utc=2026-05-27T22:05:21Z

===== G9 benchmark_self_play_vs_prior :: .venv/bin/python tools/benchmark.py --self-play --vs-prior --hands 10000 --paired-seed-base 42 =====
start_utc=2026-05-27T22:05:21Z
# bot source: current worktree temporary mount
{
  "manifest": "submissions/manifest.json",
  "failures": [
    "v0_wired: missing submissions/v0_wired.zip",
    "v1_blueprint: missing submissions/v1_blueprint.zip",
    "v2_postflop: missing submissions/v2_postflop.zip",
    "v3_hardened: missing submissions/v3_hardened.zip"
  ]
}
FAIL: manifest pin v0_wired: missing submissions/v0_wired.zip
FAIL: manifest pin v1_blueprint: missing submissions/v1_blueprint.zip
FAIL: manifest pin v2_postflop: missing submissions/v2_postflop.zip
FAIL: manifest pin v3_hardened: missing submissions/v3_hardened.zip
exit_status=1
end_utc=2026-05-27T22:05:21Z

finished_utc=2026-05-27T22:05:21Z
total_failures=2

===== Artifact-bound remediation / release-branch CLI compatibility =====
start_utc=2026-05-27T22:10:04Z
Reason: exact requested exploit_check --zip is unsupported on release/v_final-e4b4a8f1; self-play requires gitignored manifest-pinned prior zips. Copying prior zips from canonical main submissions and using release-notes artifact-bound --bot form.
branch=release/v_final-e4b4a8f1
head=a00561c
artifact_sha=e4b4a8f11f801ecef2eca53629241e83cc9bace8ec74004f19368375f22d9598
submission_shas=
e4b4a8f11f801ecef2eca53629241e83cc9bace8ec74004f19368375f22d9598  submissions/best_green.zip
0792be72e472c5a36608d3e9fafcada3b0a6a80da3f7f55c9b21fa4972c38112  submissions/v0_wired.zip
f729b9ad311f6a5dc9b276f41302c5fcb7c16f288976d271be3d5764c5bede3c  submissions/v1_blueprint.zip
348723049f8ba3e99e36c01ec703681c0bc41289431d956def393ef2e8da6b57  submissions/v2_postflop.zip
7caa4f6346f76191c83e8716a2ab4a3a516033f069d0a1058341ef2bc21dbec5  submissions/v3_hardened.zip
5d65561e522f595173408bd9a8ffbbd3246646edf36c897f30baab9776eb7cef  submissions/v_final_pre_x1.zip
e4b4a8f11f801ecef2eca53629241e83cc9bace8ec74004f19368375f22d9598  submissions/v_final.zip

===== G5R exploit_check_artifact_bound_release_cli :: .venv/bin/python tools/exploit_check.py --bot submissions/v_final.zip =====
start_utc=2026-05-27T22:10:05Z
{
  "aggregate_mbb_g": 7.4,
  "bot": "submissions/v_final.zip",
  "details": [
    {
      "action": {
        "action": "fold"
      },
      "id": "pf_pressure_trash",
      "risk_mbb_g": 0.0,
      "street": "preflop"
    },
    {
      "action": {
        "action": "all_in"
      },
      "id": "pf_pressure_premium",
      "risk_mbb_g": 4.0,
      "street": "preflop"
    },
    {
      "action": {
        "action": "raise",
        "amount": 200
      },
      "id": "pf_fold_prone_premium_open",
      "risk_mbb_g": 12.0,
      "street": "preflop"
    },
    {
      "action": {
        "action": "call"
      },
      "id": "pf_fold_prone_defend_broadway",
      "risk_mbb_g": 18.0,
      "street": "preflop"
    },
    {
      "action": {
        "action": "raise",
        "amount": 200
      },
      "id": "pf_quiet_button_steal",
      "risk_mbb_g": 12.0,
      "street": "preflop"
    },
    {
      "action": {
        "action": "raise",
        "amount": 333
      },
      "id": "flop_free_cbet",
      "risk_mbb_g": 6.0,
      "street": "flop"
    },
    {
      "action": {
        "action": "check"
      },
      "id": "flop_free_air",
      "risk_mbb_g": 0.0,
      "street": "flop"
    },
    {
      "action": {
        "action": "call"
      },
      "id": "flop_small_pair_call",
      "risk_mbb_g": 8.0,
      "street": "flop"
    },
    {
      "action": {
        "action": "fold"
      },
      "id": "flop_big_bet_air",
      "risk_mbb_g": 0.0,
      "street": "flop"
    },
    {
      "action": {
        "action": "call"
      },
      "id": "flop_multiway_pressure",
      "risk_mbb_g": 10.0,
      "street": "flop"
    },
    {
      "action": {
        "action": "raise",
        "amount": 933
      },
      "id": "turn_free_value",
      "risk_mbb_g": 5.0,
      "street": "turn"
    },
    {
      "action": {
        "action": "call"
      },
      "id": "turn_small_bet_pair",
      "risk_mbb_g": 8.0,
      "street": "turn"
    },
    {
      "action": {
        "action": "fold"
      },
      "id": "turn_large_bet_air",
      "risk_mbb_g": 0.0,
      "street": "turn"
    },
    {
      "action": {
        "action": "call"
      },
      "id": "turn_short_stack_top_pair",
      "risk_mbb_g": 8.0,
      "street": "turn"
    },
    {
      "action": {
        "action": "check"
      },
      "id": "turn_free_air",
      "risk_mbb_g": 0.0,
      "street": "turn"
    },
    {
      "action": {
        "action": "raise",
        "amount": 1200
      },
      "id": "river_free_value",
      "risk_mbb_g": 4.0,
      "street": "river"
    },
    {
      "action": {
        "action": "call"
      },
      "id": "river_small_bet_pair",
      "risk_mbb_g": 9.0,
      "street": "river"
    },
    {
      "action": {
        "action": "fold"
      },
      "id": "river_overbet_air",
      "risk_mbb_g": 0.0,
      "street": "river"
    },
    {
      "action": {
        "action": "call"
      },
      "id": "river_multiway_top_pair",
      "risk_mbb_g": 9.0,
      "street": "river"
    },
    {
      "action": {
        "action": "raise",
        "amount": 466
      },
      "id": "river_free_showdown",
      "risk_mbb_g": 35.0,
      "street": "river"
    }
  ],
  "max_aggregate_mbb": 200.0,
  "max_preflop_mbb": 100.0,
  "passed": true,
  "preflop_mbb_g": 18.0,
  "street_scores": {
    "flop": [
      6.0,
      0.0,
      8.0,
      0.0,
      10.0
    ],
    "preflop": [
      0.0,
      4.0,
      12.0,
      18.0,
      12.0
    ],
    "river": [
      4.0,
      9.0,
      0.0,
      9.0,
      35.0
    ],
    "turn": [
      5.0,
      8.0,
      0.0,
      8.0,
      0.0
    ]
  },
  "suite_size": 20
}
LBR preflop=18.0 mbb/g aggregate=7.4 mbb/g over 20 spots
exploit_check PASS
exit_status=0
end_utc=2026-05-27T22:10:05Z

===== G7R benchmark_all_templates_artifact_bound :: .venv/bin/python tools/benchmark.py --all-templates --hands 10000 --bot submissions/v_final.zip --paired-seed-base 42 =====
start_utc=2026-05-27T22:10:05Z
# bot artifact: submissions/v_final.zip
# zip sha256: e4b4a8f11f801ecef2eca53629241e83cc9bace8ec74004f19368375f22d9598
{
  "min_bb": 15.0,
  "results": [
    {
      "bb_per_100": 71.82,
      "bot_errors": {},
      "chip_delta": 718200,
      "ci_high": 72.67,
      "ci_low": 70.945,
      "duration_s": 23.71,
      "hands": 10000,
      "requested_hands": 10000,
      "seeds": [
        42,
        1000045,
        2000048,
        3000051,
        4000054,
        5000057,
        6000060,
        7000063,
        43,
        1000046,
        2000049,
        3000052,
        4000055,
        5000058,
        6000061,
        7000064,
        44,
        1000047,
        2000050,
        3000053,
        4000056,
        5000059,
        6000062,
        7000065,
        45,
        1000048,
        2000051,
        3000054,
        4000057,
        5000060,
        6000063,
        7000066,
        46,
        1000049,
        2000052,
        3000055,
        4000058,
        5000061,
        6000064,
        7000067,
        47,
        1000050,
        2000053,
        3000056,
        4000059,
        5000062,
        6000065,
        7000068,
        48,
        1000051,
        2000054,
        3000057,
        4000060,
        5000063,
        6000066,
        7000069,
        49,
        1000052,
        2000055,
        3000058,
        4000061,
        5000064,
        6000067,
        7000070,
        50,
        1000053,
        2000056,
        3000059,
        4000062,
        5000065,
        6000068,
        7000071,
        51,
        1000054,
        2000057,
        3000060,
        4000063,
        5000066,
        6000069,
        7000072
      ],
      "target": "template"
    },
    {
      "bb_per_100": 106.53099999999999,
      "bot_errors": {},
      "chip_delta": 1065310,
      "ci_high": 156.3031,
      "ci_low": 56.5848,
      "duration_s": 97.4,
      "hands": 10000,
      "requested_hands": 10000,
      "seeds": [
        42,
        1000045,
        2000048,
        3000051,
        4000054,
        5000057,
        6000060,
        7000063,
        8000066,
        9000069,
        10000072,
        11000075,
        12000078,
        13000081,
        14000084,
        15000087,
        16000090,
        17000093,
        18000096,
        19000099,
        20000102,
        21000105,
        22000108,
        23000111,
        24000114,
        25000117,
        26000120,
        27000123,
        28000126,
        29000129,
        30000132,
        31000135,
        32000138,
        33000141,
        34000144,
        35000147,
        36000150,
        37000153,
        38000156,
        39000159,
        40000162,
        41000165,
        42000168,
        43000171,
        44000174,
        45000177,
        46000180,
        47000183,
        48000186,
        49000189,
        50000192,
        51000195,
        52000198,
        53000201,
        54000204,
        55000207,
        56000210,
        57000213,
        58000216,
        59000219,
        60000222,
        61000225,
        62000228,
        63000231,
        64000234,
        65000237,
        66000240,
        67000243,
        68000246,
        69000249,
        70000252,
        71000255,
        72000258,
        73000261,
        74000264,
        75000267,
        76000270,
        77000273,
        43,
        1000046,
        2000049,
        3000052,
        4000055,
        5000058,
        6000061,
        7000064,
        8000067,
        9000070,
        10000073,
        11000076,
        12000079,
        13000082,
        14000085,
        15000088,
        16000091,
        17000094,
        18000097,
        19000100,
        20000103,
        21000106,
        22000109,
        23000112,
        24000115,
        25000118,
        26000121,
        27000124,
        28000127,
        29000130,
        30000133,
        31000136,
        32000139,
        33000142,
        34000145,
        35000148,
        36000151,
        37000154,
        38000157,
        39000160,
        40000163,
        41000166,
        42000169,
        43000172,
        44000175,
        45000178,
        46000181,
        47000184,
        48000187,
        49000190,
        50000193,
        51000196,
        52000199,
        53000202,
        54000205,
        55000208,
        56000211,
        57000214,
        58000217,
        59000220,
        60000223,
        61000226,
        62000229,
        63000232,
        64000235,
        65000238,
        66000241,
        44,
        1000047,
        2000050,
        3000053,
        4000056,
        5000059,
        6000062,
        7000065,
        8000068,
        9000071,
        10000074,
        11000077,
        12000080,
        13000083,
        14000086,
        15000089,
        16000092,
        17000095,
        18000098,
        19000101,
        20000104,
        21000107,
        22000110,
        23000113,
        24000116,
        25000119,
        26000122,
        27000125,
        28000128,
        29000131,
        30000134,
        31000137,
        32000140,
        33000143,
        34000146,
        35000149,
        36000152,
        37000155,
        38000158,
        39000161,
        40000164,
        41000167,
        42000170,
        43000173,
        44000176,
        45000179,
        46000182,
        47000185,
        48000188,
        49000191,
        50000194,
        51000197,
        52000200,
        53000203,
        54000206,
        55000209,
        56000212,
        57000215,
        58000218,
        59000221,
        60000224,
        61000227,
        62000230,
        63000233,
        45,
        1000048,
        2000051,
        3000054,
        4000057,
        5000060,
        6000063,
        7000066,
        8000069,
        9000072,
        10000075,
        11000078,
        12000081,
        13000084,
        14000087,
        15000090,
        16000093,
        17000096,
        18000099,
        19000102,
        20000105,
        21000108,
        22000111,
        23000114,
        24000117,
        25000120,
        26000123,
        27000126,
        28000129,
        29000132,
        30000135,
        31000138,
        32000141,
        33000144,
        34000147,
        35000150,
        36000153,
        37000156,
        38000159,
        39000162,
        40000165,
        41000168,
        42000171,
        43000174,
        44000177,
        45000180,
        46000183,
        47000186,
        48000189,
        49000192,
        50000195,
        51000198,
        52000201,
        53000204,
        54000207,
        55000210,
        56000213,
        57000216,
        46,
        1000049,
        2000052,
        3000055,
        4000058,
        5000061,
        6000064,
        7000067,
        8000070,
        9000073,
        10000076,
        11000079,
        12000082,
        13000085,
        14000088,
        15000091,
        16000094,
        17000097,
        18000100,
        19000103,
        20000106,
        21000109,
        22000112,
        23000115,
        24000118,
        25000121,
        26000124,
        27000127,
        28000130,
        29000133,
        30000136,
        31000139,
        32000142,
        33000145,
        34000148,
        35000151,
        36000154,
        37000157,
        38000160,
        39000163,
        40000166,
        41000169,
        42000172,
        43000175,
        44000178,
        45000181,
        46000184,
        47000187,
        48000190,
        49000193,
        50000196,
        51000199,
        52000202,
        47,
        1000050,
        2000053,
        3000056,
        4000059,
        5000062,
        6000065,
        7000068,
        8000071,
        9000074,
        10000077,
        11000080,
        12000083,
        13000086,
        14000089,
        15000092,
        16000095,
        17000098,
        18000101,
        19000104,
        20000107,
        21000110,
        22000113,
        23000116,
        24000119,
        25000122,
        26000125,
        27000128,
        28000131,
        29000134,
        30000137,
        31000140,
        32000143,
        33000146,
        34000149,
        35000152,
        36000155,
        37000158,
        38000161,
        39000164,
        40000167,
        41000170,
        42000173,
        43000176,
        44000179,
        45000182,
        46000185,
        47000188,
        48000191,
        49000194,
        50000197,
        51000200,
        52000203,
        53000206,
        54000209,
        55000212,
        56000215,
        57000218,
        58000221,
        59000224,
        60000227,
        48,
        1000051,
        2000054,
        3000057,
        4000060,
        5000063,
        6000066,
        7000069,
        8000072,
        9000075,
        10000078,
        11000081,
        12000084,
        13000087,
        14000090,
        15000093,
        16000096,
        17000099,
        18000102,
        19000105,
        20000108,
        21000111,
        22000114,
        23000117,
        24000120,
        25000123,
        26000126,
        27000129,
        28000132,
        29000135,
        30000138,
        31000141,
        32000144,
        33000147,
        34000150,
        35000153,
        36000156,
        37000159,
        38000162,
        39000165,
        40000168,
        41000171,
        42000174,
        43000177,
        44000180,
        45000183,
        46000186,
        47000189,
        48000192,
        49000195,
        50000198,
        51000201,
        52000204,
        53000207,
        54000210,
        55000213,
        56000216,
        57000219,
        58000222,
        59000225,
        60000228,
        49,
        1000052,
        2000055,
        3000058,
        4000061,
        5000064,
        6000067,
        7000070,
        8000073,
        9000076,
        10000079,
        11000082,
        12000085,
        13000088,
        14000091,
        15000094,
        16000097,
        17000100,
        18000103,
        19000106,
        20000109,
        21000112,
        22000115,
        23000118,
        24000121,
        25000124,
        26000127,
        27000130,
        28000133,
        29000136,
        30000139,
        31000142,
        32000145,
        33000148,
        34000151,
        35000154,
        36000157,
        37000160,
        38000163,
        39000166,
        40000169,
        41000172,
        42000175,
        43000178,
        44000181,
        45000184,
        46000187,
        47000190,
        48000193,
        49000196,
        50000199,
        51000202,
        52000205,
        53000208,
        54000211,
        55000214,
        56000217,
        57000220,
        58000223,
        59000226,
        50,
        1000053,
        2000056,
        3000059,
        4000062,
        5000065,
        6000068,
        7000071,
        8000074,
        9000077,
        10000080,
        11000083,
        12000086,
        13000089,
        14000092,
        15000095,
        16000098,
        17000101,
        18000104,
        19000107,
        20000110,
        21000113,
        22000116,
        23000119,
        24000122,
        25000125,
        26000128,
        27000131,
        28000134,
        29000137,
        30000140,
        31000143,
        32000146,
        33000149,
        34000152,
        35000155,
        36000158,
        37000161,
        38000164,
        39000167,
        40000170,
        41000173,
        42000176,
        43000179,
        44000182,
        45000185,
        46000188,
        47000191,
        48000194,
        49000197,
        50000200,
        51000203,
        52000206,
        53000209,
        54000212,
        55000215,
        56000218,
        51,
        1000054,
        2000057,
        3000060,
        4000063,
        5000066,
        6000069,
        7000072,
        8000075,
        9000078,
        10000081,
        11000084,
        12000087,
        13000090,
        14000093,
        15000096,
        16000099,
        17000102,
        18000105,
        19000108,
        20000111,
        21000114,
        22000117,
        23000120,
        24000123,
        25000126,
        26000129,
        27000132,
        28000135,
        29000138,
        30000141,
        31000144,
        32000147,
        33000150,
        34000153,
        35000156,
        36000159,
        37000162,
        38000165,
        39000168,
        40000171,
        41000174,
        42000177,
        43000180,
        44000183,
        45000186,
        46000189,
        47000192,
        48000195,
        49000198,
        50000201,
        51000204,
        52000207,
        53000210
      ],
      "target": "aggressor"
    },
    {
      "bb_per_100": 144.6,
      "bot_errors": {},
      "chip_delta": 1446000,
      "ci_high": 145.76,
      "ci_low": 143.41,
      "duration_s": 51.52,
      "hands": 10000,
      "requested_hands": 10000,
      "seeds": [
        42,
        1000045,
        2000048,
        3000051,
        4000054,
        5000057,
        6000060,
        7000063,
        8000066,
        9000069,
        10000072,
        11000075,
        12000078,
        13000081,
        14000084,
        43,
        1000046,
        2000049,
        3000052,
        4000055,
        5000058,
        6000061,
        7000064,
        8000067,
        9000070,
        10000073,
        11000076,
        12000079,
        13000082,
        14000085,
        44,
        1000047,
        2000050,
        3000053,
        4000056,
        5000059,
        6000062,
        7000065,
        8000068,
        9000071,
        10000074,
        11000077,
        12000080,
        13000083,
        14000086,
        45,
        1000048,
        2000051,
        3000054,
        4000057,
        5000060,
        6000063,
        7000066,
        8000069,
        9000072,
        10000075,
        11000078,
        12000081,
        13000084,
        14000087,
        46,
        1000049,
        2000052,
        3000055,
        4000058,
        5000061,
        6000064,
        7000067,
        8000070,
        9000073,
        10000076,
        11000079,
        12000082,
        13000085,
        14000088,
        47,
        1000050,
        2000053,
        3000056,
        4000059,
        5000062,
        6000065,
        7000068,
        8000071,
        9000074,
        10000077,
        11000080,
        12000083,
        13000086,
        14000089,
        48,
        1000051,
        2000054,
        3000057,
        4000060,
        5000063,
        6000066,
        7000069,
        8000072,
        9000075,
        10000078,
        11000081,
        12000084,
        13000087,
        14000090,
        49,
        1000052,
        2000055,
        3000058,
        4000061,
        5000064,
        6000067,
        7000070,
        8000073,
        9000076,
        10000079,
        11000082,
        12000085,
        13000088,
        14000091,
        50,
        1000053,
        2000056,
        3000059,
        4000062,
        5000065,
        6000068,
        7000071,
        8000074,
        9000077,
        10000080,
        11000083,
        12000086,
        13000089,
        14000092,
        51,
        1000054,
        2000057,
        3000060,
        4000063,
        5000066,
        6000069,
        7000072,
        8000075,
        9000078,
        10000081,
        11000084,
        12000087,
        13000090,
        14000093
      ],
      "target": "mathematician"
    },
    {
      "bb_per_100": 70.15,
      "bot_errors": {},
      "chip_delta": 701500,
      "ci_high": 71.2,
      "ci_low": 69.045,
      "duration_s": 23.46,
      "hands": 10000,
      "requested_hands": 10000,
      "seeds": [
        42,
        1000045,
        2000048,
        3000051,
        4000054,
        5000057,
        6000060,
        7000063,
        43,
        1000046,
        2000049,
        3000052,
        4000055,
        5000058,
        6000061,
        44,
        1000047,
        2000050,
        3000053,
        4000056,
        5000059,
        6000062,
        45,
        1000048,
        2000051,
        3000054,
        4000057,
        5000060,
        6000063,
        46,
        1000049,
        2000052,
        3000055,
        4000058,
        5000061,
        6000064,
        47,
        1000050,
        2000053,
        3000056,
        4000059,
        5000062,
        6000065,
        48,
        1000051,
        2000054,
        3000057,
        4000060,
        5000063,
        6000066,
        7000069,
        49,
        1000052,
        2000055,
        3000058,
        4000061,
        5000064,
        6000067,
        7000070,
        50,
        1000053,
        2000056,
        3000059,
        4000062,
        5000065,
        6000068,
        7000071,
        51,
        1000054,
        2000057,
        3000060,
        4000063,
        5000066,
        6000069
      ],
      "target": "shark"
    },
    {
      "bb_per_100": 144.6,
      "bot_errors": {},
      "chip_delta": 1446000,
      "ci_high": 145.76,
      "ci_low": 143.41,
      "duration_s": 52.05,
      "hands": 10000,
      "requested_hands": 10000,
      "seeds": [
        42,
        1000045,
        2000048,
        3000051,
        4000054,
        5000057,
        6000060,
        7000063,
        8000066,
        9000069,
        10000072,
        11000075,
        12000078,
        13000081,
        14000084,
        43,
        1000046,
        2000049,
        3000052,
        4000055,
        5000058,
        6000061,
        7000064,
        8000067,
        9000070,
        10000073,
        11000076,
        12000079,
        13000082,
        14000085,
        44,
        1000047,
        2000050,
        3000053,
        4000056,
        5000059,
        6000062,
        7000065,
        8000068,
        9000071,
        10000074,
        11000077,
        12000080,
        13000083,
        14000086,
        45,
        1000048,
        2000051,
        3000054,
        4000057,
        5000060,
        6000063,
        7000066,
        8000069,
        9000072,
        10000075,
        11000078,
        12000081,
        13000084,
        14000087,
        46,
        1000049,
        2000052,
        3000055,
        4000058,
        5000061,
        6000064,
        7000067,
        8000070,
        9000073,
        10000076,
        11000079,
        12000082,
        13000085,
        14000088,
        47,
        1000050,
        2000053,
        3000056,
        4000059,
        5000062,
        6000065,
        7000068,
        8000071,
        9000074,
        10000077,
        11000080,
        12000083,
        13000086,
        14000089,
        48,
        1000051,
        2000054,
        3000057,
        4000060,
        5000063,
        6000066,
        7000069,
        8000072,
        9000075,
        10000078,
        11000081,
        12000084,
        13000087,
        14000090,
        49,
        1000052,
        2000055,
        3000058,
        4000061,
        5000064,
        6000067,
        7000070,
        8000073,
        9000076,
        10000079,
        11000082,
        12000085,
        13000088,
        14000091,
        50,
        1000053,
        2000056,
        3000059,
        4000062,
        5000065,
        6000068,
        7000071,
        8000074,
        9000077,
        10000080,
        11000083,
        12000086,
        13000089,
        14000092,
        51,
        1000054,
        2000057,
        3000060,
        4000063,
        5000066,
        6000069,
        7000072,
        8000075,
        9000078,
        10000081,
        11000084,
        12000087,
        13000090,
        14000093
      ],
      "target": "ref_bot_2"
    }
  ]
}
benchmark template: bb/100=+71.82 ci95=[+70.94, +72.67] hands=10000 chip_delta=718200 seeds=[42, 1000045, 2000048, 3000051, 4000054, 5000057, 6000060, 7000063, 43, 1000046, 2000049, 3000052, 4000055, 5000058, 6000061, 7000064, 44, 1000047, 2000050, 3000053, 4000056, 5000059, 6000062, 7000065, 45, 1000048, 2000051, 3000054, 4000057, 5000060, 6000063, 7000066, 46, 1000049, 2000052, 3000055, 4000058, 5000061, 6000064, 7000067, 47, 1000050, 2000053, 3000056, 4000059, 5000062, 6000065, 7000068, 48, 1000051, 2000054, 3000057, 4000060, 5000063, 6000066, 7000069, 49, 1000052, 2000055, 3000058, 4000061, 5000064, 6000067, 7000070, 50, 1000053, 2000056, 3000059, 4000062, 5000065, 6000068, 7000071, 51, 1000054, 2000057, 3000060, 4000063, 5000066, 6000069, 7000072]
benchmark aggressor: bb/100=+106.53 ci95=[+56.58, +156.30] hands=10000 chip_delta=1065310 seeds=[42, 1000045, 2000048, 3000051, 4000054, 5000057, 6000060, 7000063, 8000066, 9000069, 10000072, 11000075, 12000078, 13000081, 14000084, 15000087, 16000090, 17000093, 18000096, 19000099, 20000102, 21000105, 22000108, 23000111, 24000114, 25000117, 26000120, 27000123, 28000126, 29000129, 30000132, 31000135, 32000138, 33000141, 34000144, 35000147, 36000150, 37000153, 38000156, 39000159, 40000162, 41000165, 42000168, 43000171, 44000174, 45000177, 46000180, 47000183, 48000186, 49000189, 50000192, 51000195, 52000198, 53000201, 54000204, 55000207, 56000210, 57000213, 58000216, 59000219, 60000222, 61000225, 62000228, 63000231, 64000234, 65000237, 66000240, 67000243, 68000246, 69000249, 70000252, 71000255, 72000258, 73000261, 74000264, 75000267, 76000270, 77000273, 43, 1000046, 2000049, 3000052, 4000055, 5000058, 6000061, 7000064, 8000067, 9000070, 10000073, 11000076, 12000079, 13000082, 14000085, 15000088, 16000091, 17000094, 18000097, 19000100, 20000103, 21000106, 22000109, 23000112, 24000115, 25000118, 26000121, 27000124, 28000127, 29000130, 30000133, 31000136, 32000139, 33000142, 34000145, 35000148, 36000151, 37000154, 38000157, 39000160, 40000163, 41000166, 42000169, 43000172, 44000175, 45000178, 46000181, 47000184, 48000187, 49000190, 50000193, 51000196, 52000199, 53000202, 54000205, 55000208, 56000211, 57000214, 58000217, 59000220, 60000223, 61000226, 62000229, 63000232, 64000235, 65000238, 66000241, 44, 1000047, 2000050, 3000053, 4000056, 5000059, 6000062, 7000065, 8000068, 9000071, 10000074, 11000077, 12000080, 13000083, 14000086, 15000089, 16000092, 17000095, 18000098, 19000101, 20000104, 21000107, 22000110, 23000113, 24000116, 25000119, 26000122, 27000125, 28000128, 29000131, 30000134, 31000137, 32000140, 33000143, 34000146, 35000149, 36000152, 37000155, 38000158, 39000161, 40000164, 41000167, 42000170, 43000173, 44000176, 45000179, 46000182, 47000185, 48000188, 49000191, 50000194, 51000197, 52000200, 53000203, 54000206, 55000209, 56000212, 57000215, 58000218, 59000221, 60000224, 61000227, 62000230, 63000233, 45, 1000048, 2000051, 3000054, 4000057, 5000060, 6000063, 7000066, 8000069, 9000072, 10000075, 11000078, 12000081, 13000084, 14000087, 15000090, 16000093, 17000096, 18000099, 19000102, 20000105, 21000108, 22000111, 23000114, 24000117, 25000120, 26000123, 27000126, 28000129, 29000132, 30000135, 31000138, 32000141, 33000144, 34000147, 35000150, 36000153, 37000156, 38000159, 39000162, 40000165, 41000168, 42000171, 43000174, 44000177, 45000180, 46000183, 47000186, 48000189, 49000192, 50000195, 51000198, 52000201, 53000204, 54000207, 55000210, 56000213, 57000216, 46, 1000049, 2000052, 3000055, 4000058, 5000061, 6000064, 7000067, 8000070, 9000073, 10000076, 11000079, 12000082, 13000085, 14000088, 15000091, 16000094, 17000097, 18000100, 19000103, 20000106, 21000109, 22000112, 23000115, 24000118, 25000121, 26000124, 27000127, 28000130, 29000133, 30000136, 31000139, 32000142, 33000145, 34000148, 35000151, 36000154, 37000157, 38000160, 39000163, 40000166, 41000169, 42000172, 43000175, 44000178, 45000181, 46000184, 47000187, 48000190, 49000193, 50000196, 51000199, 52000202, 47, 1000050, 2000053, 3000056, 4000059, 5000062, 6000065, 7000068, 8000071, 9000074, 10000077, 11000080, 12000083, 13000086, 14000089, 15000092, 16000095, 17000098, 18000101, 19000104, 20000107, 21000110, 22000113, 23000116, 24000119, 25000122, 26000125, 27000128, 28000131, 29000134, 30000137, 31000140, 32000143, 33000146, 34000149, 35000152, 36000155, 37000158, 38000161, 39000164, 40000167, 41000170, 42000173, 43000176, 44000179, 45000182, 46000185, 47000188, 48000191, 49000194, 50000197, 51000200, 52000203, 53000206, 54000209, 55000212, 56000215, 57000218, 58000221, 59000224, 60000227, 48, 1000051, 2000054, 3000057, 4000060, 5000063, 6000066, 7000069, 8000072, 9000075, 10000078, 11000081, 12000084, 13000087, 14000090, 15000093, 16000096, 17000099, 18000102, 19000105, 20000108, 21000111, 22000114, 23000117, 24000120, 25000123, 26000126, 27000129, 28000132, 29000135, 30000138, 31000141, 32000144, 33000147, 34000150, 35000153, 36000156, 37000159, 38000162, 39000165, 40000168, 41000171, 42000174, 43000177, 44000180, 45000183, 46000186, 47000189, 48000192, 49000195, 50000198, 51000201, 52000204, 53000207, 54000210, 55000213, 56000216, 57000219, 58000222, 59000225, 60000228, 49, 1000052, 2000055, 3000058, 4000061, 5000064, 6000067, 7000070, 8000073, 9000076, 10000079, 11000082, 12000085, 13000088, 14000091, 15000094, 16000097, 17000100, 18000103, 19000106, 20000109, 21000112, 22000115, 23000118, 24000121, 25000124, 26000127, 27000130, 28000133, 29000136, 30000139, 31000142, 32000145, 33000148, 34000151, 35000154, 36000157, 37000160, 38000163, 39000166, 40000169, 41000172, 42000175, 43000178, 44000181, 45000184, 46000187, 47000190, 48000193, 49000196, 50000199, 51000202, 52000205, 53000208, 54000211, 55000214, 56000217, 57000220, 58000223, 59000226, 50, 1000053, 2000056, 3000059, 4000062, 5000065, 6000068, 7000071, 8000074, 9000077, 10000080, 11000083, 12000086, 13000089, 14000092, 15000095, 16000098, 17000101, 18000104, 19000107, 20000110, 21000113, 22000116, 23000119, 24000122, 25000125, 26000128, 27000131, 28000134, 29000137, 30000140, 31000143, 32000146, 33000149, 34000152, 35000155, 36000158, 37000161, 38000164, 39000167, 40000170, 41000173, 42000176, 43000179, 44000182, 45000185, 46000188, 47000191, 48000194, 49000197, 50000200, 51000203, 52000206, 53000209, 54000212, 55000215, 56000218, 51, 1000054, 2000057, 3000060, 4000063, 5000066, 6000069, 7000072, 8000075, 9000078, 10000081, 11000084, 12000087, 13000090, 14000093, 15000096, 16000099, 17000102, 18000105, 19000108, 20000111, 21000114, 22000117, 23000120, 24000123, 25000126, 26000129, 27000132, 28000135, 29000138, 30000141, 31000144, 32000147, 33000150, 34000153, 35000156, 36000159, 37000162, 38000165, 39000168, 40000171, 41000174, 42000177, 43000180, 44000183, 45000186, 46000189, 47000192, 48000195, 49000198, 50000201, 51000204, 52000207, 53000210]
benchmark mathematician: bb/100=+144.60 ci95=[+143.41, +145.76] hands=10000 chip_delta=1446000 seeds=[42, 1000045, 2000048, 3000051, 4000054, 5000057, 6000060, 7000063, 8000066, 9000069, 10000072, 11000075, 12000078, 13000081, 14000084, 43, 1000046, 2000049, 3000052, 4000055, 5000058, 6000061, 7000064, 8000067, 9000070, 10000073, 11000076, 12000079, 13000082, 14000085, 44, 1000047, 2000050, 3000053, 4000056, 5000059, 6000062, 7000065, 8000068, 9000071, 10000074, 11000077, 12000080, 13000083, 14000086, 45, 1000048, 2000051, 3000054, 4000057, 5000060, 6000063, 7000066, 8000069, 9000072, 10000075, 11000078, 12000081, 13000084, 14000087, 46, 1000049, 2000052, 3000055, 4000058, 5000061, 6000064, 7000067, 8000070, 9000073, 10000076, 11000079, 12000082, 13000085, 14000088, 47, 1000050, 2000053, 3000056, 4000059, 5000062, 6000065, 7000068, 8000071, 9000074, 10000077, 11000080, 12000083, 13000086, 14000089, 48, 1000051, 2000054, 3000057, 4000060, 5000063, 6000066, 7000069, 8000072, 9000075, 10000078, 11000081, 12000084, 13000087, 14000090, 49, 1000052, 2000055, 3000058, 4000061, 5000064, 6000067, 7000070, 8000073, 9000076, 10000079, 11000082, 12000085, 13000088, 14000091, 50, 1000053, 2000056, 3000059, 4000062, 5000065, 6000068, 7000071, 8000074, 9000077, 10000080, 11000083, 12000086, 13000089, 14000092, 51, 1000054, 2000057, 3000060, 4000063, 5000066, 6000069, 7000072, 8000075, 9000078, 10000081, 11000084, 12000087, 13000090, 14000093]
benchmark shark: bb/100=+70.15 ci95=[+69.05, +71.20] hands=10000 chip_delta=701500 seeds=[42, 1000045, 2000048, 3000051, 4000054, 5000057, 6000060, 7000063, 43, 1000046, 2000049, 3000052, 4000055, 5000058, 6000061, 44, 1000047, 2000050, 3000053, 4000056, 5000059, 6000062, 45, 1000048, 2000051, 3000054, 4000057, 5000060, 6000063, 46, 1000049, 2000052, 3000055, 4000058, 5000061, 6000064, 47, 1000050, 2000053, 3000056, 4000059, 5000062, 6000065, 48, 1000051, 2000054, 3000057, 4000060, 5000063, 6000066, 7000069, 49, 1000052, 2000055, 3000058, 4000061, 5000064, 6000067, 7000070, 50, 1000053, 2000056, 3000059, 4000062, 5000065, 6000068, 7000071, 51, 1000054, 2000057, 3000060, 4000063, 5000066, 6000069]
benchmark ref_bot_2: bb/100=+144.60 ci95=[+143.41, +145.76] hands=10000 chip_delta=1446000 seeds=[42, 1000045, 2000048, 3000051, 4000054, 5000057, 6000060, 7000063, 8000066, 9000069, 10000072, 11000075, 12000078, 13000081, 14000084, 43, 1000046, 2000049, 3000052, 4000055, 5000058, 6000061, 7000064, 8000067, 9000070, 10000073, 11000076, 12000079, 13000082, 14000085, 44, 1000047, 2000050, 3000053, 4000056, 5000059, 6000062, 7000065, 8000068, 9000071, 10000074, 11000077, 12000080, 13000083, 14000086, 45, 1000048, 2000051, 3000054, 4000057, 5000060, 6000063, 7000066, 8000069, 9000072, 10000075, 11000078, 12000081, 13000084, 14000087, 46, 1000049, 2000052, 3000055, 4000058, 5000061, 6000064, 7000067, 8000070, 9000073, 10000076, 11000079, 12000082, 13000085, 14000088, 47, 1000050, 2000053, 3000056, 4000059, 5000062, 6000065, 7000068, 8000071, 9000074, 10000077, 11000080, 12000083, 13000086, 14000089, 48, 1000051, 2000054, 3000057, 4000060, 5000063, 6000066, 7000069, 8000072, 9000075, 10000078, 11000081, 12000084, 13000087, 14000090, 49, 1000052, 2000055, 3000058, 4000061, 5000064, 6000067, 7000070, 8000073, 9000076, 10000079, 11000082, 12000085, 13000088, 14000091, 50, 1000053, 2000056, 3000059, 4000062, 5000065, 6000068, 7000071, 8000074, 9000077, 10000080, 11000083, 12000086, 13000089, 14000092, 51, 1000054, 2000057, 3000060, 4000063, 5000066, 6000069, 7000072, 8000075, 9000078, 10000081, 11000084, 12000087, 13000090, 14000093]
benchmark PASS
exit_status=0
end_utc=2026-05-27T22:14:29Z

===== G8R benchmark_ablate_overlay_artifact_bound :: .venv/bin/python tools/benchmark.py --ablate-overlay --hands 10000 --bot submissions/v_final.zip --paired-seed-base 42 =====
start_utc=2026-05-27T22:14:29Z
# bot artifact: submissions/v_final.zip
# zip sha256: e4b4a8f11f801ecef2eca53629241e83cc9bace8ec74004f19368375f22d9598
{
  "blueprint_only": {
    "bb_per_100": -2.0886,
    "chip_delta": -20886,
    "hands": 10000,
    "results": [
      {
        "bb_per_100": 10.94361127774445,
        "bot_errors": {},
        "chip_delta": 18243,
        "ci_high": 36.77264547090582,
        "ci_low": -11.61007798440312,
        "duration_s": 3.61,
        "hands": 1667,
        "requested_hands": 1667,
        "seeds": [
          42,
          1000045,
          43,
          44,
          45,
          46,
          47,
          48,
          49,
          50,
          51
        ],
        "target": "tight_passive"
      },
      {
        "bb_per_100": -67.8500299940012,
        "bot_errors": {},
        "chip_delta": -113106,
        "ci_high": 20.131973605278944,
        "ci_low": -153.62027594481103,
        "duration_s": 21.64,
        "hands": 1667,
        "requested_hands": 1667,
        "seeds": [
          42,
          1000045,
          2000048,
          3000051,
          4000054,
          5000057,
          6000060,
          7000063,
          8000066,
          43,
          1000046,
          2000049,
          3000052,
          4000055,
          5000058,
          6000061,
          7000064,
          8000067,
          9000070,
          10000073,
          44,
          1000047,
          2000050,
          3000053,
          4000056,
          45,
          1000048,
          2000051,
          3000054,
          4000057,
          5000060,
          6000063,
          46,
          1000049,
          2000052,
          3000055,
          4000058,
          5000061,
          6000064,
          47,
          1000050,
          2000053,
          3000056,
          48,
          1000051,
          2000054,
          3000057,
          49,
          1000052,
          2000055,
          3000058,
          4000061,
          5000064,
          6000067,
          7000070,
          8000073,
          50,
          1000053,
          2000056,
          3000059,
          4000062,
          5000065,
          6000068,
          7000071,
          51,
          1000054,
          2000057,
          3000060,
          4000063,
          5000066,
          6000069,
          7000072,
          8000075,
          9000078
        ],
        "target": "loose_passive"
      },
      {
        "bb_per_100": 32.7246550689862,
        "bot_errors": {},
        "chip_delta": 54552,
        "ci_high": 69.03599280143972,
        "ci_low": -2.8320335932813436,
        "duration_s": 4.5,
        "hands": 1667,
        "requested_hands": 1667,
        "seeds": [
          42,
          1000045,
          43,
          44,
          1000047,
          45,
          1000048,
          46,
          47,
          1000050,
          48,
          49,
          50,
          1000053,
          51,
          1000054
        ],
        "target": "tight_pressure"
      },
      {
        "bb_per_100": -84.10917816436712,
        "bot_errors": {},
        "chip_delta": -140210,
        "ci_high": -32.161367726454706,
        "ci_low": -131.28374325134973,
        "duration_s": 7.04,
        "hands": 1667,
        "requested_hands": 1667,
        "seeds": [
          42,
          1000045,
          43,
          1000046,
          2000049,
          3000052,
          44,
          1000047,
          2000050,
          45,
          1000048,
          2000051,
          46,
          1000049,
          47,
          1000050,
          2000053,
          48,
          1000051,
          2000054,
          49,
          1000052,
          2000055,
          50,
          1000053,
          51,
          1000054
        ],
        "target": "loose_pressure"
      },
      {
        "bb_per_100": 14.987995198079233,
        "bot_errors": {},
        "chip_delta": 24970,
        "ci_high": 52.382953181272505,
        "ci_low": -17.38295318127251,
        "duration_s": 4.83,
        "hands": 1666,
        "requested_hands": 1666,
        "seeds": [
          42,
          43,
          44,
          1000047,
          45,
          46,
          47,
          1000050,
          2000053,
          48,
          49,
          50,
          1000053,
          51,
          1000054
        ],
        "target": "sharp_3bet_punisher"
      },
      {
        "bb_per_100": 80.83133253301321,
        "bot_errors": {},
        "chip_delta": 134665,
        "ci_high": 147.1434573829532,
        "ci_low": 18.289315726290518,
        "duration_s": 4.78,
        "hands": 1666,
        "requested_hands": 1666,
        "seeds": [
          42,
          43,
          44,
          45,
          46,
          47,
          48,
          49,
          50,
          51
        ],
        "target": "six_max_synthetic_mix"
      }
    ]
  },
  "gain_bb_per_100": 32.5251,
  "min_bb": 3.0,
  "requested_hands_per_side": 10000,
  "suite": "synthetic_anonymized_overlay",
  "targets": [
    "tight_passive",
    "loose_passive",
    "tight_pressure",
    "loose_pressure",
    "sharp_3bet_punisher",
    "six_max_synthetic_mix"
  ],
  "with_overlay": {
    "bb_per_100": 30.4365,
    "chip_delta": 304365,
    "hands": 10000,
    "results": [
      {
        "bb_per_100": 10.94361127774445,
        "bot_errors": {},
        "chip_delta": 18243,
        "ci_high": 36.77264547090582,
        "ci_low": -11.61007798440312,
        "duration_s": 3.78,
        "hands": 1667,
        "requested_hands": 1667,
        "seeds": [
          42,
          1000045,
          43,
          44,
          45,
          46,
          47,
          48,
          49,
          50,
          51
        ],
        "target": "tight_passive"
      },
      {
        "bb_per_100": -67.8500299940012,
        "bot_errors": {},
        "chip_delta": -113106,
        "ci_high": 20.131973605278944,
        "ci_low": -153.62027594481103,
        "duration_s": 19.75,
        "hands": 1667,
        "requested_hands": 1667,
        "seeds": [
          42,
          1000045,
          2000048,
          3000051,
          4000054,
          5000057,
          6000060,
          7000063,
          8000066,
          43,
          1000046,
          2000049,
          3000052,
          4000055,
          5000058,
          6000061,
          7000064,
          8000067,
          9000070,
          10000073,
          44,
          1000047,
          2000050,
          3000053,
          4000056,
          45,
          1000048,
          2000051,
          3000054,
          4000057,
          5000060,
          6000063,
          46,
          1000049,
          2000052,
          3000055,
          4000058,
          5000061,
          6000064,
          47,
          1000050,
          2000053,
          3000056,
          48,
          1000051,
          2000054,
          3000057,
          49,
          1000052,
          2000055,
          3000058,
          4000061,
          5000064,
          6000067,
          7000070,
          8000073,
          50,
          1000053,
          2000056,
          3000059,
          4000062,
          5000065,
          6000068,
          7000071,
          51,
          1000054,
          2000057,
          3000060,
          4000063,
          5000066,
          6000069,
          7000072,
          8000075,
          9000078
        ],
        "target": "loose_passive"
      },
      {
        "bb_per_100": 33.08458308338332,
        "bot_errors": {},
        "chip_delta": 55152,
        "ci_high": 69.39592081583683,
        "ci_low": -2.0221955608878224,
        "duration_s": 4.62,
        "hands": 1667,
        "requested_hands": 1667,
        "seeds": [
          42,
          1000045,
          43,
          44,
          1000047,
          45,
          1000048,
          46,
          47,
          1000050,
          48,
          49,
          50,
          1000053,
          51,
          1000054
        ],
        "target": "tight_pressure"
      },
      {
        "bb_per_100": 116.8866226754649,
        "bot_errors": {},
        "chip_delta": 194850,
        "ci_high": 236.41271745650866,
        "ci_low": -4.379124175164967,
        "duration_s": 17.53,
        "hands": 1667,
        "requested_hands": 1667,
        "seeds": [
          42,
          1000045,
          2000048,
          3000051,
          4000054,
          5000057,
          6000060,
          7000063,
          8000066,
          9000069,
          10000072,
          11000075,
          12000078,
          43,
          1000046,
          2000049,
          3000052,
          4000055,
          5000058,
          6000061,
          7000064,
          8000067,
          9000070,
          10000073,
          11000076,
          12000079,
          44,
          1000047,
          2000050,
          3000053,
          4000056,
          5000059,
          6000062,
          7000065,
          8000068,
          9000071,
          10000074,
          11000077,
          12000080,
          45,
          1000048,
          2000051,
          3000054,
          4000057,
          5000060,
          6000063,
          7000066,
          8000069,
          46,
          1000049,
          2000052,
          3000055,
          4000058,
          5000061,
          6000064,
          7000067,
          8000070,
          47,
          1000050,
          2000053,
          3000056,
          4000059,
          5000062,
          6000065,
          7000068,
          8000071,
          9000074,
          10000077,
          11000080,
          48,
          1000051,
          2000054,
          3000057,
          4000060,
          5000063,
          6000066,
          7000069,
          8000072,
          9000075,
          10000078,
          11000081,
          12000084,
          49,
          1000052,
          2000055,
          3000058,
          4000061,
          5000064,
          6000067,
          7000070,
          8000073,
          9000076,
          50,
          1000053,
          2000056,
          3000059,
          4000062,
          5000065,
          6000068,
          7000071,
          8000074,
          9000077,
          10000080,
          11000083,
          51,
          1000054,
          2000057,
          3000060,
          4000063,
          5000066,
          6000069,
          7000072
        ],
        "target": "loose_pressure"
      },
      {
        "bb_per_100": 4.315726290516206,
        "bot_errors": {},
        "chip_delta": 7190,
        "ci_high": 69.86194477791116,
        "ci_low": -55.60024009603841,
        "duration_s": 8.16,
        "hands": 1666,
        "requested_hands": 1666,
        "seeds": [
          42,
          1000045,
          2000048,
          3000051,
          4000054,
          5000057,
          6000060,
          43,
          1000046,
          2000049,
          44,
          1000047,
          2000050,
          45,
          1000048,
          2000051,
          46,
          1000049,
          2000052,
          3000055,
          4000058,
          47,
          1000050,
          2000053,
          48,
          1000051,
          2000054,
          3000057,
          49,
          1000052,
          2000055,
          50,
          1000053,
          2000056,
          51,
          1000054,
          2000057,
          3000060,
          4000063
        ],
        "target": "sharp_3bet_punisher"
      },
      {
        "bb_per_100": 85.25570228091236,
        "bot_errors": {},
        "chip_delta": 142036,
        "ci_high": 160.90996398559423,
        "ci_low": 15.490396158463385,
        "duration_s": 4.54,
        "hands": 1666,
        "requested_hands": 1666,
        "seeds": [
          42,
          43,
          44,
          45,
          46,
          47,
          48,
          49,
          50,
          51
        ],
        "target": "six_max_synthetic_mix"
      }
    ]
  }
}
ablate-overlay synthetic_anonymized: with=+30.44 blueprint_only=-2.09 gain=+32.53 bb/100
ablate-overlay PASS
exit_status=0
end_utc=2026-05-27T22:16:20Z

===== G9R benchmark_self_play_vs_prior_artifact_bound :: .venv/bin/python tools/benchmark.py --self-play --vs-prior --hands 10000 --bot submissions/v_final.zip --paired-seed-base 42 =====
start_utc=2026-05-27T22:16:20Z
# bot artifact: submissions/v_final.zip
# zip sha256: e4b4a8f11f801ecef2eca53629241e83cc9bace8ec74004f19368375f22d9598
{
  "manifest": "submissions/manifest.json",
  "pinned_prior_snapshots": [
    {
      "name": "v0_wired",
      "path": "submissions/v0_wired.zip",
      "sha256": "0792be72e472c5a36608d3e9fafcada3b0a6a80da3f7f55c9b21fa4972c38112"
    },
    {
      "name": "v1_blueprint",
      "path": "submissions/v1_blueprint.zip",
      "sha256": "f729b9ad311f6a5dc9b276f41302c5fcb7c16f288976d271be3d5764c5bede3c"
    },
    {
      "name": "v2_postflop",
      "path": "submissions/v2_postflop.zip",
      "sha256": "348723049f8ba3e99e36c01ec703681c0bc41289431d956def393ef2e8da6b57"
    },
    {
      "name": "v3_hardened",
      "path": "submissions/v3_hardened.zip",
      "sha256": "7caa4f6346f76191c83e8716a2ab4a3a516033f069d0a1058341ef2bc21dbec5"
    }
  ]
}
{
  "min_bb": 3.0,
  "results": [
    {
      "bb_per_100": 74.405,
      "bot_errors": {},
      "chip_delta": 744050,
      "ci_high": 74.99,
      "ci_low": 73.86,
      "duration_s": 24.74,
      "hands": 10000,
      "manifest_key": "v0_wired",
      "requested_hands": 10000,
      "seeds": [
        42,
        1000045,
        2000048,
        3000051,
        4000054,
        5000057,
        6000060,
        7000063,
        43,
        1000046,
        2000049,
        3000052,
        4000055,
        5000058,
        6000061,
        7000064,
        44,
        1000047,
        2000050,
        3000053,
        4000056,
        5000059,
        6000062,
        7000065,
        45,
        1000048,
        2000051,
        3000054,
        4000057,
        5000060,
        6000063,
        7000066,
        46,
        1000049,
        2000052,
        3000055,
        4000058,
        5000061,
        6000064,
        7000067,
        47,
        1000050,
        2000053,
        3000056,
        4000059,
        5000062,
        6000065,
        7000068,
        48,
        1000051,
        2000054,
        3000057,
        4000060,
        5000063,
        6000066,
        7000069,
        49,
        1000052,
        2000055,
        3000058,
        4000061,
        5000064,
        6000067,
        7000070,
        50,
        1000053,
        2000056,
        3000059,
        4000062,
        5000065,
        6000068,
        7000071,
        51,
        1000054,
        2000057,
        3000060,
        4000063,
        5000066,
        6000069,
        7000072
      ],
      "sha256": "0792be72e472c5a36608d3e9fafcada3b0a6a80da3f7f55c9b21fa4972c38112",
      "target": "v0_wired"
    },
    {
      "bb_per_100": 18.895,
      "bot_errors": {},
      "chip_delta": 188950,
      "ci_high": 26.99,
      "ci_low": 10.75,
      "duration_s": 20.94,
      "hands": 10000,
      "manifest_key": "v1_blueprint",
      "requested_hands": 10000,
      "seeds": [
        42,
        1000045,
        2000048,
        3000051,
        4000054,
        5000057,
        43,
        1000046,
        2000049,
        3000052,
        4000055,
        5000058,
        44,
        1000047,
        2000050,
        3000053,
        45,
        1000048,
        2000051,
        3000054,
        46,
        1000049,
        2000052,
        3000055,
        47,
        1000050,
        2000053,
        48,
        1000051,
        2000054,
        3000057,
        4000060,
        5000063,
        6000066,
        49,
        1000052,
        2000055,
        50,
        1000053,
        2000056,
        51,
        1000054,
        2000057,
        3000060,
        4000063
      ],
      "sha256": "f729b9ad311f6a5dc9b276f41302c5fcb7c16f288976d271be3d5764c5bede3c",
      "target": "v1_blueprint"
    },
    {
      "bb_per_100": 18.895,
      "bot_errors": {},
      "chip_delta": 188950,
      "ci_high": 26.99,
      "ci_low": 10.75,
      "duration_s": 21.05,
      "hands": 10000,
      "manifest_key": "v2_postflop",
      "requested_hands": 10000,
      "seeds": [
        42,
        1000045,
        2000048,
        3000051,
        4000054,
        5000057,
        43,
        1000046,
        2000049,
        3000052,
        4000055,
        5000058,
        44,
        1000047,
        2000050,
        3000053,
        45,
        1000048,
        2000051,
        3000054,
        46,
        1000049,
        2000052,
        3000055,
        47,
        1000050,
        2000053,
        48,
        1000051,
        2000054,
        3000057,
        4000060,
        5000063,
        6000066,
        49,
        1000052,
        2000055,
        50,
        1000053,
        2000056,
        51,
        1000054,
        2000057,
        3000060,
        4000063
      ],
      "sha256": "348723049f8ba3e99e36c01ec703681c0bc41289431d956def393ef2e8da6b57",
      "target": "v2_postflop"
    },
    {
      "bb_per_100": 18.895,
      "bot_errors": {},
      "chip_delta": 188950,
      "ci_high": 26.99,
      "ci_low": 10.75,
      "duration_s": 20.99,
      "hands": 10000,
      "manifest_key": "v3_hardened",
      "requested_hands": 10000,
      "seeds": [
        42,
        1000045,
        2000048,
        3000051,
        4000054,
        5000057,
        43,
        1000046,
        2000049,
        3000052,
        4000055,
        5000058,
        44,
        1000047,
        2000050,
        3000053,
        45,
        1000048,
        2000051,
        3000054,
        46,
        1000049,
        2000052,
        3000055,
        47,
        1000050,
        2000053,
        48,
        1000051,
        2000054,
        3000057,
        4000060,
        5000063,
        6000066,
        49,
        1000052,
        2000055,
        50,
        1000053,
        2000056,
        51,
        1000054,
        2000057,
        3000060,
        4000063
      ],
      "sha256": "7caa4f6346f76191c83e8716a2ab4a3a516033f069d0a1058341ef2bc21dbec5",
      "target": "v3_hardened"
    }
  ]
}
self-play v0_wired: bb/100=+74.41 ci95=[+73.86, +74.99] hands=10000 chip_delta=744050 sha256=0792be72e472c5a36608d3e9fafcada3b0a6a80da3f7f55c9b21fa4972c38112
self-play v1_blueprint: bb/100=+18.89 ci95=[+10.75, +26.99] hands=10000 chip_delta=188950 sha256=f729b9ad311f6a5dc9b276f41302c5fcb7c16f288976d271be3d5764c5bede3c
self-play v2_postflop: bb/100=+18.89 ci95=[+10.75, +26.99] hands=10000 chip_delta=188950 sha256=348723049f8ba3e99e36c01ec703681c0bc41289431d956def393ef2e8da6b57
self-play v3_hardened: bb/100=+18.89 ci95=[+10.75, +26.99] hands=10000 chip_delta=188950 sha256=7caa4f6346f76191c83e8716a2ab4a3a516033f069d0a1058341ef2bc21dbec5
self-play-vs-prior PASS
exit_status=0
end_utc=2026-05-27T22:17:58Z

remediation_finished_utc=2026-05-27T22:17:58Z
remediation_failures=0

===== A1 FINAL SUMMARY =====
summary_utc=2026-05-27T22:20:43Z
worktree=/Users/farhad/Code/PokerBot-gauntlet
branch=release/v_final-e4b4a8f1
head=a00561c
artifact_sha=e4b4a8f11f801ecef2eca53629241e83cc9bace8ec74004f19368375f22d9598
requested_exact_run_total_failures=2
requested_exact_failures=G5 exploit_check --zip unsupported by release CLI; G9 self-play missing gitignored manifest prior zips when only v_final.zip was copied
artifact_bound_remediation_failures=0
static_gates=import_audit PASS; edge_cases PASS (25 passed); validator PASS (4/4); leakage PASS; smoke PASS (200/200, chip_delta +14500); exploit PASS via release CLI --bot (LBR preflop 18.0 aggregate 7.4 over 20 spots)
benchmarks_artifact_bound=template +71.82 vs +71.82; aggressor +106.53 vs +112.63 (inside paired-seed CI); mathematician +144.60 vs +144.60; shark +70.15 vs +70.16; ref_bot_2 +144.60 vs +144.60
ablate_overlay_artifact_bound=with +30.44; blueprint_only -2.09; gain +32.53 vs +32.53
self_play_artifact_bound=v0_wired +74.41; v1_blueprint +18.89; v2_postflop +18.89; v3_hardened +18.89
status_recommendation=GREEN for artifact metrics/gates after release-branch CLI compatibility and manifest snapshot restoration; note exact plan CLI drift preserved above
